adsh,tag,version,ddate,qtrs,uom,segments,coreg,value,footnote,quarter,year
0001564590-20-010652,AccountsPayableCurrentAndNoncurrent,us-gaap/2019,20181231,0,USD,,,607000.0,,q1,2020
0000753308-20-000021,LongTermDebtCurrent,us-gaap/2019,20181231,0,USD,LegalEntity=NexteraEnergyResources;,NexteraEnergyResources,602000000.0,,q1,2020
0001393883-20-000011,RevenueFromContractWithCustomerExcludingAssessedTax,us-gaap/2019,20181231,4,USD,BusinessSegments=Other;,,9312000.0,,q1,2020
0001507385-20-000034,StockRedeemedOrCalledDuringPeriodValue,us-gaap/2019,20191231,4,USD,LegalEntity=VEREITOperatingPartnershipL.P.;PartnerCapitalComponents=PreferredStock;PartnerTypeOfPartnersCapitalAccount=GeneralPartner;,,182347000.0,,q1,2020
0001564590-20-005569,AvailableForSaleSecuritiesDebtSecurities,us-gaap/2019,20191231,0,USD,FairValueByFairValueHierarchyLevel=FairValueInputsLevel3;FairValueByMeasurementFrequency=FairValueMeasurementsRecurring;FinancialInstrument=MortgageBackedSecurities;,,0.0,,q1,2020
0000075252-20-000021,IncreaseDecreaseInOtherOperatingCapitalNet,us-gaap/2019,20191231,4,USD,ConsolidatedEntities=GuarantorSubsidiaries;,,709524000.0,,q1,2020
0000024545-20-000005,NetCashProvidedByUsedInFinancingActivities,us-gaap/2019,20191231,4,USD,ConsolidatedEntities=NonGuarantorSubsidiaries;,,-122000000.0,,q1,2020
0001402057-20-000042,NetChangeInAccountsPayableInventoryFinancing,0001402057-20-000042,20191231,4,USD,ConsolidatedEntities=SubsidiaryIssuer;ConsolidationItems=ReportableLegalEntities;,,0.0,,q1,2020
0001564590-20-008792,ComprehensiveIncome,ifrs/2018,20171231,4,USD,ComponentsOfEquity=SharePremium;,,0.0,,q1,2020
0001193125-20-055383,TransferNetLossOnSaleInvestment,0001193125-20-055383,20191231,4,USD,ComponentsOfEquity=AccumulatedOtherComprehensiveIncome;,,3000000.0,,q1,2020
0001121404-20-000006,DividendsRecognisedAsDistributionsToNoncontrollingInterests,ifrs/2019,20181231,4,EUR,ComponentsOfEquity=NoncontrollingInterests;,,97000000.0,,q1,2020
0001140361-20-003746,IncreaseDecreaseThroughCurrentTaxOnShareBasedPaymentTransactionsEquity,0001140361-20-003746,20181031,6,USD,ComponentsOfEquity=ReserveOfGainsAndLossesOnHedgingInstrumentsThatHedgeInvestmentsInEquityInstruments;,,0.0,,q1,2020
0000813762-20-000008,RepaymentsOfUnsecuredDebt,us-gaap/2019,20191231,4,USD,LegalEntity=IcahnEnterprisesHoldings;,IcahnEnterprisesHoldings,1700000000.0,,q1,2020
0000913778-20-000003,Assets,us-gaap/2019,20191231,0,USD,TaxCreditSeries=SeriesFortySix;,,375527.0,,q1,2020
0000067887-20-000011,RetainedEarningsAccumulatedDeficit,us-gaap/2019,20191231,0,USD,Restatement=RestatementAdjustment;,,2392000.0,,q1,2020
0000906709-20-000004,AdjustmentsToAdditionalPaidInCapitalSharebasedCompensationRequisiteServicePeriodRecognitionValue,us-gaap/2018,20171231,4,USD,,,36615000.0,,q1,2020
0001558370-20-002895,Assets,us-gaap/2019,20181231,0,USD,,,87897709.0,,q1,2020
0001683168-20-000153,StockIssuedDuringPeriodValueNewIssues,us-gaap/2019,20181130,2,USD,EquityComponents=AdditionalPaidInCapital;,,4153792.0,,q1,2020
0000070866-20-000007,StockRepurchasedDuringPeriodValue,us-gaap/2019,20191231,4,USD,EquityComponents=AdditionalPaidInCapital;,,-96000000.0,,q1,2020
0001493152-20-000576,AdjustmentsToAdditionalPaidInCapitalForIncreaseInNonControllingInterest,0001493152-20-000576,20190930,4,USD,EquityComponents=AccumulatedOtherComprehensiveIncome;,,,,q1,2020
0001331451-20-000047,OtherAssetsFairValueDisclosure,us-gaap/2019,20191231,0,USD,FairValueByFairValueHierarchyLevel=FairValueInputsLevel2;FairValueByMeasurementFrequency=FairValueMeasurementsRecurring;,,83000000.0,,q1,2020
0000819689-20-000024,AdjustmentsToAdditionalPaidInCapitalSharebasedCompensationRequisiteServicePeriodRecognitionValue,us-gaap/2019,20181231,4,USD,EquityComponents=AdditionalPaidInCapital;,,56168.0,,q1,2020
0001174947-20-000132,Dividends,us-gaap/2019,20181231,1,USD,EquityComponents=AdditionalPaidInCapital;,,,,q1,2020
0001213900-20-004255,StockIssuedDuringPeriodValueForDebt,0001213900-20-004255,20181231,1,USD,,,217500.0,,q1,2020
0001558370-20-000911,StockIssuedDuringPeriodValueStockOptionsExercised,us-gaap/2019,20181231,4,USD,,,2174000.0,,q1,2020
0000717588-20-000006,StockholdersEquity,us-gaap/2019,20150331,0,USD,,,0.0,,q1,2020
0001185185-20-000040,StockholdersEquity,us-gaap/2019,20190531,0,USD,,,26871400.0,,q1,2020
0001564590-20-005564,StockholdersEquity,us-gaap/2019,20181231,0,USD,,,1756800000.0,,q1,2020
0001558235-20-000004,Revenues,us-gaap/2019,20180630,1,USD,,,55403000.0,,q1,2020
0001558370-20-002759,RepurchaseAgreementsInterestExpenseAmount,us-gaap/2019,20191231,4,USD,,,87000.0,,q1,2020
0001193125-20-031332,ProceedsFromLoanContributedToSecuritization,0001193125-20-031332,20181231,4,USD,,,512002000.0,,q1,2020
0001614976-20-000007,ProceedsFromLinesOfCredit,us-gaap/2019,20171231,4,USD,,,12700000.0,,q1,2020
0001213900-20-005186,AccountsPayableCurrent,us-gaap/2019,20191231,0,USD,,,403885.0,,q1,2020
0001493152-20-003353,AccountsReceivableNetCurrent,us-gaap/2019,20180331,0,USD,,,1201117.0,,q1,2020
0001654954-20-003540,AccountsReceivableNetCurrent,us-gaap/2019,20181231,0,USD,,,379000.0,,q1,2020
0001784031-20-000003,AccountsPayableRelatedPartiesCurrent,us-gaap/2019,20191231,0,USD,,,0.0,,q1,2020
0001576427-20-000011,AdjustmentsNoncashItemsToReconcileNetIncomeLossToCashProvidedByUsedInOperatingActivities,us-gaap/2019,20181231,4,USD,,,154436000.0,,q1,2020
0001193125-20-058202,CommonStockSharesIssued,us-gaap/2019,20181231,0,shares,,,38814464.0,,q1,2020
0001213900-20-007922,CommonStockSharesIssued,us-gaap/2019,20181231,0,shares,,,257301000.0,,q1,2020
0001552000-20-000007,ComprehensiveIncomeLossNetofTaxAttributabletoNonredeemableNoncontrollingInterest,0001552000-20-000007,20171231,4,USD,,,6000000.0,,q1,2020
0000352736-20-000002,AvailableForSaleSecuritiesDebtSecurities,us-gaap/2019,20181231,0,USD,FairValueByFairValueHierarchyLevel=FairValueInputsLevel3;FinancialInstrument=AssetBackedSecurities;,,22000000.0,,q1,2020
0001628280-20-003093,CurrentLiabilities,ifrs/2018,20191231,0,USD,AssociatesAndJointVentures=InvestmentsAccountedForUsingEquityMethod;,,1129000000.0,,q1,2020
0001628280-20-003659,AccountsReceivableNetCurrent,us-gaap/2019,20181231,0,USD,Restatement=ScenarioPreviouslyReported;,,134624000.0,,q1,2020
0000899051-20-000013,IncreaseDecreaseInIncomeTaxesPayableNetOfIncomeTaxesReceivable,us-gaap/2019,20181231,4,USD,Restatement=ScenarioPreviouslyReported;,,-356000000.0,,q1,2020
0001628280-20-003693,IncreaseDecreaseInInventories,us-gaap/2018,20180331,1,USD,Restatement=RestatementAdjustment;,,0.0,,q1,2020
0001331757-20-000010,NetTransfersDuringPeriodBetweenClassesofStockShares,0001331757-20-000010,20181231,4,shares,ClassOfStock=CommonClassB2;,,-17004000.0,,q1,2020
0001035443-20-000042,AmortizationOfAboveAndBelowMarketLeases,us-gaap/2019,20181231,4,USD,ConsolidatedEntities=ParentCompany;,,0.0,,q1,2020
0001437749-20-002375,AssetRetirementObligationsNoncurrent,us-gaap/2019,20190630,0,USD,,,621000.0,,q1,2020
0001199835-20-000054,StockholdersEquity,us-gaap/2019,20141231,0,USD,EquityComponents=AdditionalPaidInCapital;,,6260531.0,,q1,2020
0001206774-20-000670,StockholdersEquity,us-gaap/2019,20161231,0,USD,EquityComponents=AdditionalPaidInCapital;,,73371000.0,,q1,2020
0001493152-20-002273,StockholdersEquity,us-gaap/2019,20180930,0,USD,EquityComponents=AdditionalPaidInCapital;,,14121236.0,,q1,2020
0001647088-20-000010,StockIssuedDuringPeriodValueAcquisitions,us-gaap/2019,20181231,4,USD,,,148108000.0,,q1,2020
0001174947-20-000167,TotalStockholdersEquityBeforyEsopAndTreasuryStock,0001174947-20-000167,20190630,0,USD,,,39762766.0,,q1,2020
0001017303-20-000016,TreasuryStockValueAcquiredCostMethod,us-gaap/2019,20181231,4,USD,,,2000000.0,,q1,2020
0001477932-20-000846,StockholdersEquity,us-gaap/2019,20190930,0,USD,,,1144335.0,,q1,2020
0001458412-20-000016,StockholdersEquity,us-gaap/2019,20161231,0,USD,,,214837000.0,,q1,2020
0001213900-20-004021,WeightedAverageNumberOfSharesOutstandingBasic,us-gaap/2019,20191231,1,shares,,,5474979.0,,q1,2020
0001069533-20-000010,PreferredStockSharesAuthorized,us-gaap/2019,20190930,0,shares,,,5000000.0,,q1,2020
0001650107-20-000024,PurchaseOfFinancialInstrumentsClassifiedAsInvestingActivities,ifrs/2019,20171231,4,EUR,,,0.0,,q1,2020
0001136261-20-000079,ResearchAndDevelopmentExpense,us-gaap/2019,20181231,4,USD,,,24666000.0,,q1,2020
0001564590-20-004475,ResearchAndDevelopmentExpense,us-gaap/2019,20171231,4,USD,,,1378000000.0,,q1,2020
0001704235-20-000027,RestructuringCostsAndAssetImpairmentCharges,us-gaap/2019,20191231,4,USD,,,41559000.0,,q1,2020
0001709682-20-000017,Revenues,us-gaap/2019,20181231,1,USD,,,68688000.0,,q1,2020
0000891482-20-000011,ProceedsFromPaymentsForOtherFinancingActivities,us-gaap/2019,20181231,4,USD,,,-139000.0,,q1,2020
0000794323-20-000003,ProceedsFromPaymentsForOtherFinancingActivities,us-gaap/2019,20171231,1,USD,,,-2000000.0,,q1,2020
0001104659-20-022065,ProvisionForDoubtfulAccountsAndSalesReturnsAndAllowances,0001104659-20-022065,20181231,2,USD,,,7998.0,,q1,2020
0001137774-20-000065,PaymentstoAcquireAssetsSupportingExperienceratedContractholderLiabilities,0001137774-20-000065,20171231,4,USD,,,39031000000.0,,q1,2020
0000016868-20-000010,PaymentsForRepurchaseOfOtherEquity,us-gaap/2019,20191231,4,CAD,,,11000000.0,,q1,2020
0001477932-20-000466,ProceedsFromNotesPayable,us-gaap/2019,20180630,2,USD,,,55300.0,,q1,2020
0001564590-20-009802,PreferredStockValue,us-gaap/2019,20191231,0,USD,,,,,q1,2020
0001232524-20-000016,AdditionalPaidInCapitalCommonStock,us-gaap/2019,20191231,0,USD,,,2266026000.0,,q1,2020
0000876883-20-000006,AccountsReceivableNetCurrent,us-gaap/2018,20191231,0,USD,,,450403000.0,,q1,2020
0001493152-20-004697,AssetsCurrent,us-gaap/2019,20181231,0,USD,,,4334445.0,,q1,2020
0001564590-20-009393,Assets,us-gaap/2019,20170131,0,USD,RealEstateAndAccumulatedDepreciationDescriptionOfProperty=SearsDepartmentStoresandAutoCenters;,,73121000.0,,q1,2020
0001303313-20-000007,ProfitLoss,us-gaap/2019,20181231,4,USD,BusinessSegments=HomeBasedServices;,,79740000.0,,q1,2020
0001193125-20-048303,OtherComprehensiveIncomeLossPensionAndOtherPostretirementBenefitPlansAdjustmentBeforeTax,us-gaap/2019,20191231,4,USD,RetirementPlanSponsorLocation=US;RetirementPlanType=PensionPlansDefinedBenefit;,,59000.0,,q1,2020
0001065696-20-000008,ProceedsFromAccountsReceivableSecuritization,us-gaap/2019,20181231,4,USD,ConsolidatedEntities=NonGuarantorSubsidiaries;,,10120000.0,,q1,2020
0000893691-20-000008,PaymentsToAcquireBusinessesNetOfCashAcquired,us-gaap/2019,20181031,0,USD,BusinessAcquisition=BWI;,,22306000.0,,q1,2020
0001193125-20-056815,Assets,us-gaap/2019,20181231,0,USD,BusinessSegments=ProsharesUltraShortSilver;,,13578709.0,,q1,2020
0001243429-20-000004,NoncontrollingInterests,ifrs/2018,20191231,0,USD,ClassesOfLiabilities=NonFinancialLiabilities;,,1962000000.0,,q1,2020
0001498547-20-000015,CashCashEquivalentsRestrictedCashAndRestrictedCashEquivalents,us-gaap/2019,20161231,0,USD,,,17794000.0,,q1,2020
0001178913-20-000672,CashAndCashEquivalentsAtCarryingValue,us-gaap/2019,20191231,0,USD,,,223901000.0,,q1,2020
0000833079-20-000026,CashCashEquivalentsRestrictedCashAndRestrictedCashEquivalentsPeriodIncreaseDecreaseIncludingExchangeRateEffect,us-gaap/2019,20191231,4,USD,,,8000000.0,,q1,2020
0001493152-20-005076,CashCashEquivalentsRestrictedCashAndRestrictedCashEquivalentsIncludingDisposalGroupAndDiscontinuedOperations,us-gaap/2019,20191231,0,USD,,,8267.0,,q1,2020
0001437749-20-005330,CashCashEquivalentsRestrictedCashAndRestrictedCashEquivalentsIncludingDisposalGroupAndDiscontinuedOperations,us-gaap/2019,20181231,0,USD,,,14985000.0,,q1,2020
0001584207-20-000011,CommonStockDividendsPerShareDeclared,us-gaap/2019,20190930,1,USD,,,2.25,,q1,2020
0001062993-20-001031,BusinessCombinationConsiderationTransferredEquityInterestsIssuedAndIssuable,us-gaap/2019,20190930,3,USD,,,6776617.0,,q1,2020
0001140361-20-004146,CommitmentsAndContingencies,us-gaap/2019,20181231,0,USD,,,,,q1,2020
0001558370-20-001080,StockIssuedDuringPeriodValueRestrictedStockAwardForfeitures,us-gaap/2019,20181231,4,USD,EquityComponents=AdditionalPaidInCapital;,,0.0,,q1,2020
0001403431-20-000021,StockIssuedDuringPeriodValueEmployeeStockPurchasePlan,us-gaap/2019,20181231,4,USD,,,422000.0,,q1,2020
0001628280-20-002934,StockIssuedDuringPeriodValueNewIssues,us-gaap/2018,20191231,4,USD,,,10632000.0,,q1,2020
0001334978-20-000003,StockIssuedDuringPeriodValueNewIssues,us-gaap/2019,20191231,4,USD,,,333419000.0,,q1,2020
0001624794-20-000019,OperatingIncomeLoss,us-gaap/2019,20181231,3,USD,ConsolidationItems=OperatingSegments;,,53369000.0,,q1,2020
0001171843-20-000396,AdjustmentsRelatedToTaxWithholdingForShareBasedCompensation,us-gaap/2019,20191130,4,USD,EquityComponents=AdditionalPaidInCapital;,,1197000.0,,q1,2020
0001104659-20-039272,StockholdersEquity,us-gaap/2019,20171231,0,USD,,,11226855.0,,q1,2020
0000897101-20-000148,WeightedAverageNumberOfDilutedSharesOutstanding,us-gaap/2019,20181231,4,shares,,,5221000.0,,q1,2020
0001683168-20-000949,WeightedAverageNumberOfDilutedSharesOutstanding,us-gaap/2019,20181231,4,shares,,,1600484.0,,q1,2020
0000097745-20-000009,WeightedAverageNumberOfSharesOutstandingBasic,us-gaap/2019,20191231,4,shares,,,400000000.0,,q1,2020
0001648416-20-000022,ProceedsFromCurrentBorrowings,ifrs/2019,20191231,4,EUR,,,298316000.0,,q1,2020
0001193125-20-043853,SecuritiesLoaned,us-gaap/2019,20191231,0,USD,,,14985000000.0,,q1,2020
0001213900-20-007488,RevenueFromRelatedParties,us-gaap/2019,20181231,4,USD,,,,,q1,2020
0001539894-20-000012,Revenues,us-gaap/2018,20161231,4,USD,,,177579000.0,,q1,2020
0001104659-20-003043,RetainedEarningsAccumulatedDeficit,us-gaap/2019,20190930,0,USD,,,-27000199.0,,q1,2020
0000089800-20-000005,RetainedEarningsAccumulatedDeficit,us-gaap/2019,20181231,0,USD,,,6246500000.0,,q1,2020
0001562762-20-000075,RetainedEarningsAccumulatedDeficit,us-gaap/2019,20181231,0,USD,,,-1084518000.0,,q1,2020
0001564590-20-007326,RetainedEarningsAccumulatedDeficit,us-gaap/2019,20181231,0,USD,,,837107000.0,"The 2019 amounts for the noted line items include an adjustment related to the Companys first quarter 2019 adoption of Accounting Standards Update (ASU) No. 2018-02, Income Statement  Reporting Comprehensive Income (Topic 220): Reclassification of Certain Tax Effects from Accumulated Other Comprehensive income.",q1,2020
0001564590-20-010998,ProfitLoss,us-gaap/2019,20181231,4,USD,,,-41662000.0,,q1,2020
0001104659-20-024324,RetainedEarningsAccumulatedDeficit,us-gaap/2019,20191231,0,USD,,,-253132000.0,,q1,2020
0000733269-20-000012,PaymentsToDevelopSoftware,us-gaap/2019,20181231,3,USD,,,1322000.0,,q1,2020
0001721868-20-000132,ProceedsFromRelatedPartyDebt,us-gaap/2019,20180930,3,USD,,,190756.0,,q1,2020
0001213900-20-002424,ProceedsFromIssuanceOfCommonStock,us-gaap/2019,20190930,3,USD,,,3670000.0,,q1,2020
0001564590-20-011221,PreferredStockParOrStatedValuePerShare,us-gaap/2019,20181231,0,USD,,,0.01,,q1,2020
0001193125-20-080490,OtherComprehensiveIncomeBeforeTaxGainsLossesOnRemeasurementsOfDefinedBenefitPlans,ifrs/2019,20171231,4,USD,,,823000000.0,,q1,2020
0000205402-20-000005,OtherAssetsNoncurrent,us-gaap/2019,20191231,0,USD,,,111700000.0,,q1,2020
0001558370-20-000496,NonoperatingIncomeExpense,us-gaap/2019,20191231,2,USD,,,-151000000.0,,q1,2020
0001239819-20-000032,NetIncomeLoss,us-gaap/2019,20181231,4,USD,,,11004241.0,,q1,2020
0001174947-20-000445,InterestIncomeExpenseAfterProvisionForLoanLoss,us-gaap/2019,20180630,1,USD,,,7965000.0,,q1,2020
0001628280-20-002543,IncomeTaxesPaid,us-gaap/2019,20181231,4,USD,,,202300000.0,,q1,2020
0001007330-20-000003,InterestPaidNet,us-gaap/2019,20191231,4,USD,,,1117000.0,,q1,2020
0001640334-20-000636,IncreaseDecreaseInAccountsReceivable,us-gaap/2019,20170930,3,USD,,,29468.0,,q1,2020
0001494448-20-000012,IncomeLossFromContinuingOperations,us-gaap/2019,20191130,4,USD,,,16859000.0,,q1,2020
0001047469-20-001086,ExitFeeAccruedOnDebt,0001047469-20-001086,20191231,4,USD,,,556000.0,,q1,2020
0001437749-20-004329,EquitySecuritiesFvNiUnrealizedGainLoss,us-gaap/2019,20191231,4,USD,,,94000.0,,q1,2020
0001039399-20-000011,GrossProfit,us-gaap/2019,20180930,1,USD,,,52970000.0,,q1,2020
0001524358-20-000011,NetCashProvidedByUsedInOperatingActivities,us-gaap/2019,20171231,4,USD,ConsolidatedEntities=SubsidiaryIssuer;ConsolidationItems=ReportableLegalEntities;LegalEntity=MarriottOwnershipResortsInc;,,19000000.0,,q1,2020
0000899689-20-000007,EarningsPerShareDiluted,us-gaap/2019,20181231,1,USD,,,0.53,,q1,2020
0001564590-20-005064,EquityMethodInvestmentDividendsOrDistributions,us-gaap/2019,20191231,4,USD,,,5628000.0,,q1,2020
0001564590-20-006025,DepreciationAndAmortization,us-gaap/2019,20171231,4,USD,,,30100000.0,,q1,2020
0000067887-20-000011,Revenues,us-gaap/2019,20181231,1,USD,BusinessSegments=AircraftControls;,,304045000.0,,q1,2020
0001193125-20-000685,PropertyPlantAndEquipment,ifrs/2018,20181231,0,USD,CarryingAmountAccumulatedDepreciationAmortisationAndImpairmentAndGrossCarryingAmount=GrossCarryingAmount;ClassesOfPropertyPlantAndEquipment=BuildingsAndImprovementsEquipmentAndOtherAssets;,,136240000000.0,,q1,2020
0001493152-20-002553,SeriesHPreferredStockIssuedDuringPeriodSharesAcquisitions,0001493152-20-002553,20181231,4,shares,ClassOfStock=SeriesH4PreferredStock;,,,,q1,2020
0000021175-20-000017,IncomeTaxExpenseBenefit,us-gaap/2019,20171231,4,USD,ConsolidatedEntities=ParentCompany;,,-57000000.0,,q1,2020
0001213900-20-007091,NetCashProvidedByUsedInInvestingActivities,us-gaap/2019,20181231,4,USD,ConsolidatedEntities=ParentCompany;,,,,q1,2020
0000086312-20-000011,DeferredIncomeTaxLiabilitiesNet,us-gaap/2019,20191231,0,USD,ConsolidatedEntities=NonGuarantorSubsidiaries;ConsolidationItems=ReportableLegalEntities;,,-170000000.0,,q1,2020
0000899715-20-000057,CommonStockDividendsPerShareCashPaid,us-gaap/2019,20171231,4,USD,Dividends=OrdinaryIncome;LegalEntity=TangerFactoryOutletCentersInc.;,,1.166,,q1,2020
0001564590-20-006404,PartnersCapitalIncludingPortionAttributableToNoncontrollingInterest,us-gaap/2019,20161231,0,USD,LegalEntity=HostHotelsResortsLimitedPartnershipSubsidiaries;PartnerCapitalComponents=NoncontrollingInterestOfOtherConsolidatedPartnerships;,,39000000.0,,q1,2020
0001046311-20-000011,CommonStockSharesAuthorized,us-gaap/2019,20191231,0,shares,,,160000000.0,,q1,2020
0001683168-20-000247,CommonStockValue,us-gaap/2019,20181231,0,USD,,,2596.0,,q1,2020
0001558370-20-003253,EarningsPerShareDiluted,us-gaap/2019,20171231,4,USD,Scenario=ProForma;,,2.06,,q1,2020
0001104659-20-037959,CostOfSales,ifrs/2019,20181231,4,USD,TypesOfSharebasedPaymentArrangements=ShareBasedCompensation;,,90000.0,,q1,2020
0001039399-20-000011,GrossProfit,us-gaap/2019,20171231,4,USD,BusinessSegments=SystemsSegment;ConsolidationItems=OperatingSegments;,,46647000.0,,q1,2020
0001562762-20-000053,OtherIncome,ifrs/2019,20191231,4,GBP,CategoriesOfFinancialLiabilities=FinancialLiabilitiesAtFairValueThroughProfitOrLossDesignatedUponInitialRecognitionCategory;ConsolidatedEntities=BarclaysBankGroup;LevelsOfFairValueHierarchy=Level3OfFairValueHierarchy;,,0.0,,q1,2020
0000802681-20-000092,AccumulatedOtherComprehensiveIncomeLossNetOfTax,us-gaap/2019,20181231,0,USD,,,-7513000.0,,q1,2020
0001564590-20-005038,LongTermDebtAndCapitalLeaseObligations,us-gaap/2019,20191231,0,USD,LegalEntity=NonGuarantors;,NonGuarantors,1231600000.0,,q1,2020
0001437749-20-005139,TreasuryStockSharesAcquired,us-gaap/2019,20181231,4,shares,ShareRepurchaseProgram=September2011Reauthorization;,,101754.0,,q1,2020
0001140361-20-003746,OtherComprehensiveIncome,ifrs/2019,20170430,4,USD,ComponentsOfEquity=SharePremium;,,0.0,,q1,2020
0001648416-20-000022,Equity,ifrs/2019,20191231,0,EUR,ComponentsOfEquity=ReserveOfRemeasurementsOfDefinedBenefitPlans;,,-9740000.0,,q1,2020
0001564590-20-003709,Revenues,us-gaap/2019,20181231,3,USD,ProductOrService=Service;,,4961000.0,,q1,2020
0001104659-20-031921,LoansAndLeasesReceivableGrossCarryingAmount,us-gaap/2019,20191231,0,USD,FinancialInstrument=ConstructionLoansRealEstate;Loan=TotalLoans;,,221878000.0,,q1,2020
0001558370-20-003016,GainsLossesOnDisposalsOfNoncurrentAssetsHeldForSale,0001558370-20-003016,20171231,4,MXN,Segments=CorporateActivities;,,69000000.0,,q1,2020
0001115055-20-000018,LoansAndLeasesReceivableNetOfDeferredIncome,us-gaap/2019,20191231,0,USD,AccountsNotesLoansAndFinancingReceivableByReceivableType=NonaccrualLoans;FinancingReceivablePortfolioSegment=ResidentialMortgage;InternalCreditAssessment=Substandard;,,24666000.0,,q1,2020
0001493152-20-000472,Assets,us-gaap/2019,20191130,0,USD,BusinessSegments=CompanyOwnedStores;,,558000.0,,q1,2020
0001564590-20-009076,ProceedsFromSaleOfAvailableForSaleSecuritiesDebt,us-gaap/2019,20191231,4,USD,ConsolidatedEntities=NonGuarantorSubsidiaries;,,827344000.0,,q1,2020
0001628280-20-001900,NetIncomeLoss,us-gaap/2019,20191231,4,USD,ConsolidatedEntities=SubsidiaryIssuer;ConsolidationItems=ReportableLegalEntities;,,50577000.0,,q1,2020
0001437749-20-005921,CommonStockParOrStatedValuePerShare,us-gaap/2019,20191231,0,USD,,,0.01,,q1,2020
0001121484-20-000042,CashCashEquivalentsRestrictedCashAndRestrictedCashEquivalents,us-gaap/2019,20191231,0,USD,,,8493000.0,,q1,2020
0001109448-20-000011,CashCashEquivalentsRestrictedCashAndRestrictedCashEquivalents,us-gaap/2019,20161231,0,USD,,,994510000.0,,q1,2020
0001370368-20-000045,OtherInvestments,us-gaap/2019,20181231,0,CHF,FundsInOtherInvestmentsCategories=EquityMethodInvestments;,,2467000000.0,,q1,2020
0001561743-20-000009,AvailableForSaleSecuritiesDebtSecuritiesCurrent,us-gaap/2019,20191231,0,USD,,,55723000.0,,q1,2020
0001062993-20-001533,AssetsArisingFromExplorationForAndEvaluationOfMineralResources,ifrs/2018,20181231,0,CAD,,,95002000.0,,q1,2020
0001553350-20-000169,Assets,us-gaap/2019,20190930,0,USD,,,9711295.0,,q1,2020
0001104659-20-030817,BusinessAcquisitionTransactionCosts,0001104659-20-030817,20191231,4,USD,,,166000.0,,q1,2020
0001654954-20-001289,ComprehensiveIncomeNetOfTaxAttributableToNoncontrollingInterest,us-gaap/2019,20181231,3,USD,,,0.0,,q1,2020
0001437749-20-006515,AmortizationOfDeferredStockBasedCompensation,0001437749-20-006515,20181231,4,USD,EquityComponents=AdditionalPaidInCapital;,,33997.0,,q1,2020
0001213900-20-007991,RestrictedCommonStockIssuedAsPartOfGreenTreeAcquisition,0001213900-20-007991,20191231,4,USD,EquityComponents=AdditionalPaidInCapital;,,12892845.0,,q1,2020
0001174922-20-000024,StockIssuedDuringPeriodValueRestrictedStockAwardNetOfForfeitures,us-gaap/2018,20181231,4,USD,,,1799000.0,,q1,2020
0001558370-20-001720,StockIssuedDuringPeriodValueShareBasedCompensation,us-gaap/2019,20191231,4,USD,,,-92000.0,,q1,2020
0001564590-20-014282,SeriesBCumulativeExchangeableRedeemablePreferredStockOutstandingAndDividendsOutstanding,0001564590-20-014282,20181231,0,USD,,,175315000.0,,q1,2020
0001161728-20-000016,RegulatoryLiabilityCurrent,us-gaap/2019,20191231,0,USD,,,9228000.0,,q1,2020
0000826675-20-000013,PledgedFinancialInstrumentsNotSeparatelyReportedMortgageRelatedSecuritiesAvailableForSaleOrHeldForInvestment,us-gaap/2019,20181231,0,USD,,,3511604000.0,,q1,2020
0001213900-20-007982,PropertyPlantAndEquipmentNet,us-gaap/2019,20191231,0,USD,,,6038.0,,q1,2020
0001493152-20-000448,ProvisionForDoubtfulAccounts,us-gaap/2019,20180930,3,USD,,,52170.0,,q1,2020
0001564590-20-010075,RestrictedCashAndCashEquivalentsNoncurrent,us-gaap/2019,20181231,0,USD,,,619000.0,,q1,2020
0001607062-20-000052,PreferredStockValue,us-gaap/2018,20200131,0,USD,,,202.0,,q1,2020
0001620459-20-000061,PremiumsWrittenGross,us-gaap/2019,20181231,4,USD,,,1166773000.0,,q1,2020
0001070412-20-000011,ProceedsFromShortTermDebt,us-gaap/2019,20171231,4,USD,,,0.0,,q1,2020
0000049196-20-000010,PaymentsForRepurchaseOfCommonStock,us-gaap/2019,20171231,4,USD,,,260000000.0,,q1,2020
0001403853-20-000016,PreferredStockValue,us-gaap/2019,20181231,0,USD,,,0.0,,q1,2020
0001558370-20-002686,ProductWarrantyAccrualClassifiedCurrent,us-gaap/2019,20191231,0,USD,,,0.0,,q1,2020
0001124610-20-000019,ProceedsFromIssuanceOfCommonStock,us-gaap/2019,20200131,4,USD,,,308000000.0,,q1,2020
0000020212-20-000019,PreferredStockSharesIssued,us-gaap/2019,20191231,0,shares,,,0.0,,q1,2020
0000884887-20-000009,OtherComprehensiveIncomeLossNetOfTax,us-gaap/2019,20171231,4,USD,,,582219000.0,,q1,2020
0001654954-20-000889,OtherComprehensiveIncomeForeignCurrencyTransactionAndTranslationAdjustmentNetOfTaxPortionAttributableToParent,us-gaap/2018,20181031,4,USD,,,73538.0,,q1,2020
0001628280-20-004053,OtherLiabilitiesNoncurrent,us-gaap/2019,20191231,0,USD,,,41535000.0,,q1,2020
0001104659-20-024324,PaymentsOfDividendsMinorityInterest,us-gaap/2019,20191231,4,USD,,,9129000.0,,q1,2020
0001326801-20-000013,OtherComprehensiveIncomeLossAvailableForSaleSecuritiesAdjustmentAndOtherNetofTax,0001326801-20-000013,20191231,4,USD,,,422000000.0,,q1,2020
0001564590-20-005754,OperatingIncomeLoss,us-gaap/2019,20181231,4,USD,,,378200000.0,,q1,2020
0001437749-20-004934,NetIncomeLossAttributableToNoncontrollingInterest,us-gaap/2019,20171231,4,USD,,,-3644000.0,,q1,2020
0001572758-20-000018,NetIncomeLoss,us-gaap/2019,20180930,1,USD,,,3209000.0,,q1,2020
0000746838-20-000059,LongTermDebtAndCapitalLeaseObligations,us-gaap/2019,20191231,0,USD,,,566100000.0,,q1,2020
0001628280-20-003485,IncreaseDecreaseInNetAssetsFromParticipantTransactions,0001628280-20-003485,20171231,4,USD,,,-420500000.0,,q1,2020
0001376339-20-000009,InventoryWriteDown,us-gaap/2018,20161231,4,USD,,,1485000.0,,q1,2020
0000039911-20-000019,IncomeTaxExpenseBenefit,us-gaap/2019,20190131,4,USD,,,319000000.0,,q1,2020
0001437749-20-005176,IncomeLossFromContinuingOperationsPerBasicAndDilutedShare,us-gaap/2019,20191231,4,USD,,,0.01,,q1,2020
0001564590-20-007020,IncreaseDecreaseInAccountsPayableAndAccruedLiabilitiesExcludingOtherAccruedLiabilities,0001564590-20-007020,20181231,4,USD,,,13317000.0,,q1,2020
0000060667-20-000036,GoodwillImpairmentLoss,us-gaap/2019,20180131,4,USD,,,0.0,,q1,2020
0001396009-20-000006,IncomeTaxExpenseBenefitIncludingDiscontinuedOperations,0001396009-20-000006,20191231,4,USD,,,76011000.0,,q1,2020
0001437749-20-003943,GrossProfit,us-gaap/2019,20190630,1,USD,,,83225000.0,,q1,2020
0001159508-20-000012,IncomeLossAadjustedForNonCashCargesCcreditsAndOtherItems,0001159508-20-000012,20171231,4,EUR,,,2914000000.0,,q1,2020
0000040888-20-000003,IncreaseDecreaseInAccountsPayable,us-gaap/2019,20171231,4,USD,,,1600000.0,,q1,2020
0001558370-20-001041,OtherAssetsNoncurrent,us-gaap/2019,20181231,0,USD,AdjustmentsForNewAccountingPronouncements=AccountingStandardsUpdate201602;Restatement=RestatementAdjustment;,,-19000000.0,,q1,2020
0001564590-20-005593,IncreaseDecreaseInNotesReceivables,us-gaap/2019,20171231,4,USD,ConsolidatedEntities=LamarMediaCorporationAndSubsidiaries;,,-515000.0,,q1,2020
0000027419-20-000008,DiscontinuedOperationIncomeLossFromDiscontinuedOperationNetOfTaxPerDilutedShare,us-gaap/2019,20181031,1,USD,,,0.01,,q1,2020
0001193125-20-035745,EducationalImprovementTaxCredit,0001193125-20-035745,20191231,2,USD,,,45000.0,,q1,2020
0001574774-20-000032,FinanceLeaseLiabilityCurrent,us-gaap/2019,20191231,0,USD,,,394000.0,,q1,2020
0001028918-20-000049,GainLossOnSaleOfPropertyPlantEquipment,us-gaap/2019,20171231,4,USD,,,-234000.0,,q1,2020
0000764180-20-000018,PaymentsToAcquirePropertyPlantAndEquipment,us-gaap/2019,20191231,4,USD,ConsolidatedEntities=GuarantorSubsidiaries;ConsolidationItems=ReportableLegalEntities;,,56000000.0,,q1,2020
0001193125-20-000753,ConvertibleDebtCurrent,us-gaap/2019,20190930,0,USD,DebtInstrument=TwoThousandNineteenConvertibleBridgeNotes;,,0.0,,q1,2020
0001489096-20-000028,DeferredTaxLiabilitiesNoncurrent,us-gaap/2018,20191231,0,USD,,,24074000.0,,q1,2020
0001062993-20-001566,DueToOfficersOrStockholdersNoncurrent,us-gaap/2019,20181231,0,USD,,,490037.0,,q1,2020
0001123852-20-000003,RegulatoryAssetsCurrent,us-gaap/2019,20181231,0,USD,RegulatoryAsset=PensionAndRetireeMedicalObligations;,,28100000.0,,q1,2020
0001601669-20-000018,TreasuryStockValueAcquiredCostMethod,us-gaap/2019,20191231,4,USD,EquityComponents=TreasuryStockCommon;,,75056000.0,,q1,2020
0000104889-20-000007,Depreciation,us-gaap/2019,20171231,4,USD,BusinessSegments=AllOtherSegments;ConsolidationItems=OperatingSegments;,,1546000.0,,q1,2020
0000737758-20-000007,Assets,us-gaap/2018,20190131,0,USD,BusinessSegments=ProfessionalSegment;ConsolidationItems=OperatingSegments;,,959768000.0,,q1,2020
0001062993-20-001379,AdjustmentsForIncreaseDecreaseInTradeAndOtherPayables,ifrs/2019,20191231,4,CAD,,,825120.0,,q1,2020
0001685040-20-000007,AccumulatedOtherComprehensiveIncomeLossNetOfTax,us-gaap/2019,20191231,0,USD,,,3240000000.0,,q1,2020
0000027996-20-000022,AssetImpairmentCharges,us-gaap/2019,20180331,1,USD,,,2149000.0,,q1,2020
0000726865-20-000118,BenefitsLossesAndExpenses,us-gaap/2019,20180630,1,USD,,,3357000000.0,,q1,2020
0000351569-20-000022,AvailableForSaleSecuritiesDebtSecurities,us-gaap/2019,20191231,0,USD,FairValueByFairValueHierarchyLevel=FairValueInputsLevel2;FairValueByMeasurementFrequency=FairValueMeasurementsRecurring;FinancialInstrument=MortgageBackedSecurities;,,1148870000.0,,q1,2020
0001161728-20-000016,MinorityInterest,us-gaap/2019,20191231,0,USD,LegalEntity=Mge;,Mge,140303000.0,,q1,2020
0001096343-20-000039,DeferredPolicyAcquisitionCosts,us-gaap/2019,20181231,0,USD,BusinessSegments=Reinsurance;,,159150000.0,,q1,2020
0001035443-20-000042,OtherComprehensiveIncomeLossForeignCurrencyTransactionAndTranslationReclassificationAdjustmentFromAOCIRealizedUponSaleOrLiquidationNetOfTax,us-gaap/2019,20171231,4,USD,ConsolidatedEntities=GuarantorSubsidiaries;,,0.0,,q1,2020
0001558370-20-002520,SecuredDebt,us-gaap/2019,20181231,0,USD,RealEstateProperties=PartiallyOwnedProperties;,,166492692.0,,q1,2020
0000104819-20-000003,CashCashEquivalentsRestrictedCashAndRestrictedCashEquivalents,us-gaap/2019,20191231,0,USD,,,61148000.0,,q1,2020
0001477932-20-000860,CashEquivalentsAtCarryingValue,us-gaap/2019,20181231,0,USD,,,1580.0,,q1,2020
0001564590-20-010451,CashAndCashEquivalentsAtCarryingValue,us-gaap/2019,20191231,0,USD,,,3411108.0,,q1,2020
0000805676-20-000040,LoansAndLeasesReceivableGrossCarryingAmount,us-gaap/2019,20181231,0,USD,FinancingReceivableRecordedInvestmentByClassOfFinancingReceivable=CommercialRealEstatePortfolioSegment;InternalCreditAssessment=RecordedInvestment;,,1287795000.0,,q1,2020
0001072627-20-000034,AdditionalPaidInCapital,us-gaap/2018,20171231,0,USD,Restatement=RestatementAdjustment;,,356171000.0,,q1,2020
0000092380-20-000024,AssetsConstructedForOthers,0000092380-20-000024,20191231,0,USD,,,164000000.0,,q1,2020
0001477932-20-001729,StockholdersEquity,us-gaap/2019,20171231,0,USD,,,94626.0,,q1,2020
0000904163-20-000004,WithdrawalFromContractHoldersFunds,us-gaap/2019,20181231,4,USD,,,1345498000.0,,q1,2020
0001558370-20-002327,StockIssuedDuringPeriodValueShareBasedCompensation,us-gaap/2019,20181231,4,USD,,,175000.0,,q1,2020
0001393066-20-000002,RepaymentsOfDebtAndCapitalLeaseObligations,us-gaap/2019,20181231,4,USD,,,0.0,,q1,2020
0001427570-20-000018,ShareBasedCompensation,us-gaap/2019,20181231,4,USD,,,4693000.0,,q1,2020
0001564590-20-006075,Revenues,us-gaap/2019,20181231,1,USD,,,508748000.0,,q1,2020
0001558370-20-000978,RevenueFromContractWithCustomerExcludingAssessedTax,us-gaap/2019,20181231,4,USD,,,6289000000.0,,q1,2020
0000037808-20-000004,ServiceCharges,0000037808-20-000004,20191231,4,USD,,,124000000.0,,q1,2020
0001407623-20-000029,ProceedsFromSaleOfRealEstateHeldforinvestment,us-gaap/2018,20181231,4,USD,,,26880000.0,,q1,2020
0001637207-20-000008,ProfitLoss,us-gaap/2018,20191231,4,USD,,,135413000.0,,q1,2020
0000766829-20-000055,ProfitLoss,us-gaap/2019,20181231,4,USD,,,38767000.0,,q1,2020
0001564590-20-010869,ProfitLoss,us-gaap/2019,20181231,4,USD,,,-12813000.0,,q1,2020
0001004702-20-000027,PaymentsToAcquireBusinessesNetOfCashAcquired,us-gaap/2019,20191231,4,USD,,,-59395000.0,,q1,2020
0000020286-20-000011,PrepaidReinsurancePremiums,us-gaap/2019,20191231,0,USD,,,54000000.0,,q1,2020
0001048268-20-000005,PreferredStockSharesOutstanding,us-gaap/2019,20191231,0,shares,,,0.0,,q1,2020
0001213900-20-003717,ProceedsFromIssuanceOfLongTermDebt,us-gaap/2019,20181231,3,USD,,,,,q1,2020
0001012477-20-000007,ProceedsFromIssuanceOrSaleOfEquity,us-gaap/2018,20181231,4,USD,,,577000.0,,q1,2020
0001564590-20-005762,OtherComprehensiveIncomeLossNetOfTax,us-gaap/2019,20181231,4,USD,,,-96300000.0,,q1,2020
0001558370-20-000780,OtherOperatingIncomeExpenseNet,us-gaap/2019,20171231,4,USD,,,16000000.0,,q1,2020
0001594012-20-000013,OtherComprehensiveIncomeLossNetOfTaxPortionAttributableToParent,us-gaap/2019,20191231,4,USD,,,-7053000.0,,q1,2020
0001654954-20-002597,OtherComprehensiveIncomeLossNetOfTaxPortionAttributableToParent,us-gaap/2019,20181231,4,USD,,,-2607000.0,,q1,2020
0001564590-20-009148,NonCashAcquisitionOfSharesFromEquitySalesAgreement,0001564590-20-009148,20181231,4,USD,,,255000.0,,q1,2020
0000832101-20-000007,IssuanceOfCommonStockFromExerciseOfStockOptionsAndDeferredCompensationPlansTaxAmount,0000832101-20-000007,20181231,4,USD,,,4267000.0,,q1,2020
0001477932-20-000675,Revenues,us-gaap/2019,20191231,1,USD,,,805281.0,,q1,2020
0001561660-20-000027,Revenues,us-gaap/2019,20181231,1,USD,,,113000000.0,,q1,2020
0001618732-20-000012,RepaymentsOfAssumedDebt,us-gaap/2019,20190131,2,USD,,,991000.0,,q1,2020
0001694426-20-000011,ProceedsFromEquityMethodInvestmentDividendsOrDistributionsReturnOfCapital,us-gaap/2019,20191231,4,USD,,,800000.0,,q1,2020
0001057877-20-000040,ProceedsFromIssuanceOfLongTermDebt,us-gaap/2019,20181231,4,USD,,,220000000.0,,q1,2020
0001628280-20-003841,PreferredStockParOrStatedValuePerShare,us-gaap/2019,20181231,0,USD,,,0.0001,,q1,2020
0001558370-20-001342,PreferredStockParOrStatedValuePerShare,us-gaap/2019,20181231,0,USD,,,0.01,,q1,2020
0001437749-20-005285,ProvisionForLoanAndLeaseLosses,us-gaap/2019,20180331,1,USD,,,400000.0,,q1,2020
0001705682-20-000006,PaymentsOfDebtIssuanceCosts,us-gaap/2019,20171231,4,USD,,,18000000.0,,q1,2020
0001692063-20-000032,PaymentsOfDividends,us-gaap/2018,20171231,4,USD,,,25500000.0,,q1,2020
0001165002-20-000035,PaymentsOfDividends,us-gaap/2019,20191231,4,USD,,,26089000.0,,q1,2020
0001664703-20-000013,OtherLiabilitiesCurrent,us-gaap/2019,20180930,0,USD,,,63986000.0,,q1,2020
0001213900-20-004255,OtherNonoperatingExpense,us-gaap/2019,20191231,1,USD,,,338517.0,,q1,2020
0000768835-20-000033,OperatingLeaseLiabilityNoncurrent,us-gaap/2019,20190131,0,USD,,,0.0,,q1,2020
0000921082-20-000004,OperatingCostsAndExpenses,us-gaap/2019,20171231,4,USD,,,236888000.0,,q1,2020
0001193125-20-043622,Liabilities,us-gaap/2019,20181231,0,USD,,,415717000000.0,,q1,2020
0001421461-20-000007,IncomeTaxesPaidNet,us-gaap/2019,20191231,4,USD,,,942000.0,,q1,2020
0001393612-20-000009,IncomeTaxExpenseBenefit,us-gaap/2019,20191231,1,USD,,,216000000.0,,q1,2020
0001558370-20-001763,IncreaseDecreaseInAccountsReceivable,us-gaap/2019,20171231,4,USD,,,2607000.0,,q1,2020
0000889331-20-000014,IncreaseDecreaseInPrepaidDeferredExpenseAndOtherAssets,us-gaap/2019,20191231,4,USD,,,-10573000.0,,q1,2020
0000808362-20-000003,DepreciationDepletionAndAmortization,us-gaap/2019,20181231,4,USD,BusinessSegments=OilfieldEquipment;ConsolidationItems=OperatingSegments;,,173000000.0,,q1,2020
0001733998-20-000006,RegulatoryAssetsNoncurrent,us-gaap/2019,20181231,0,USD,LegalEntity=NorthwestNaturalGasCompany;RegulatoryAsset=PensionAndOtherPostretirementPlansCosts;,,174993000.0,,q1,2020
0001651094-20-000010,StockholdersEquity,us-gaap/2019,20171231,0,USD,DebtInstrument=USTermNote;DerivativeInstrumentRisk=InterestRateCap;EquityComponents=AccumulatedGainLossNetCashFlowHedgeParent;,,0.0,,q1,2020
0001628280-20-002318,OperatingIncomeLoss,us-gaap/2019,20181231,4,USD,BusinessAcquisition=A2018And2019Acquisitions;LegalEntity=ESHHospitalityInc.;,,253000.0,,q1,2020
0001193125-20-056815,InvestmentOwnedAtFairValue,us-gaap/2019,20181231,0,USD,BusinessSegments=ProsharesUltraShortGold;InvestmentsHolding=UnitedStatesTreasuryBillsOnePointEightEightFivePercentageDueJanuaryThirtyOneTwoThousandAndNineteen;InvestmentType=USGovernmentAgenciesShorttermDebtSecurities;,,998163.0,,q1,2020
0000354707-20-000045,PaymentsOfDividendsCommonStock,us-gaap/2019,20171231,4,USD,ConsolidatedEntities=HawaiiElectricLightCompanyInc;ConsolidationItems=ReportableLegalEntities;LegalEntity=HawaiianElectricCompanyAndSubsidiaries;,,24796000.0,,q1,2020
0001104659-20-031995,IncomeTaxExpenseBenefit,us-gaap/2019,20190630,1,USD,,,1666000.0,,q1,2020
0001544227-20-000004,EffectOfExchangeRateOnCashCashEquivalentsRestrictedCashAndRestrictedCashEquivalents,us-gaap/2019,20191231,4,USD,,,33000.0,,q1,2020
0001364479-20-000005,DeferredIncomeTaxesAndTaxCredits,us-gaap/2019,20191231,4,USD,,,-10700000.0,,q1,2020
0000712034-20-000013,EmployeeRelatedLiabilitiesCurrent,us-gaap/2019,20191231,0,USD,,,48500000.0,,q1,2020
0001193125-20-027769,IntangibleAssetsNetExcludingGoodwill,us-gaap/2019,20191231,0,USD,BusinessSegments=Diagnostics;ConsolidationItems=OperatingSegments;,,58277000.0,,q1,2020
0000004457-20-000027,EmployeeStockOwnershipPlanESOPGainLossOnTransactionsInDeferredShares,us-gaap/2018,20181231,1,USD,EquityComponents=TreasuryStockPreferred;,,0.0,,q1,2020
0001437749-20-003038,CommonStockValue,us-gaap/2019,20191231,0,USD,,,33794.0,,q1,2020
0001433195-20-000019,DepreciationDepletionAndAmortization,us-gaap/2019,20181231,4,USD,,,14576000.0,,q1,2020
0001403853-20-000016,EarningsPerShareBasic,us-gaap/2019,20181231,1,USD,,,-0.72,,q1,2020
0001535929-20-000012,OtherThanTemporaryImpairmentLossesInvestmentsPortionInOtherComprehensiveIncomeLossBeforeTaxIncludingPortionAttributableToNoncontrollingInterest,us-gaap/2019,20181231,4,USD,ConsolidatedEntities=ParentCompany;,,-32000000.0,,q1,2020
0001493152-20-001950,Depreciation,us-gaap/2019,20190930,3,USD,LegalEntity=CoastalPrideCompanyInc;,CoastalPrideCompanyInc,3636.0,,q1,2020
0001005011-20-000005,Assets,us-gaap/2019,20191231,0,USD,BusinessSegments=EuropePaperboardPackaging;ConsolidationItems=OperatingSegments;,,686300000.0,,q1,2020
0001163302-20-000012,OtherLiabilitiesNoncurrent,us-gaap/2019,20191231,0,USD,ScheduleOfEquityMethodInvestmentEquityMethodInvesteeName=PatriotPremiumThreadingServicesLLC;,,5700000.0,,q1,2020
0000895421-20-000265,PrincipalInvestmentGainsLosses,us-gaap/2019,20181231,4,USD,BusinessSegments=InvestmentManagementSegment;ConsolidationItems=OperatingSegments;,,254000000.0,,q1,2020
0001628280-20-002583,Revenue,ifrs/2019,20171231,4,USD,AssociatesAndJointVentures=Corporate1;,,2000000.0,,q1,2020
0001104659-20-023423,PartnersCapitalAccountAcquisitions,us-gaap/2019,20171231,4,USD,EquityComponents=FormerParentEquity;ScheduleOfEquityMethodInvestmentEquityMethodInvesteeName=PortlandNaturalGasTransmissionSystem;,,-32000000.0,,q1,2020
0001654954-20-002485,InvestmentOwnedAtFairValue,us-gaap/2019,20191231,0,USD,InvestmentSecondaryCategorization=CNHIndustrialCapitalLLCTwo;InvestmentType=CommercialPaper;LegalEntity=TeucriumCommodityTrust;,,4998716.0,,q1,2020
0001213900-20-006721,Goodwill,us-gaap/2019,20191231,0,USD,BusinessSegments=Messaging;,,2480000.0,,q1,2020
0001486159-20-000018,RevenueFromContractWithCustomerExcludingAssessedTax,us-gaap/2019,20181231,4,USD,BusinessSegments=MidstreamServices;ConsolidationItems=OperatingSegments;ProductOrService=WaterServices;,,8221000.0,,q1,2020
0000937834-20-000005,InterestCreditedToPolicyholdersAccountBalances,us-gaap/2019,20171231,4,USD,DerivativeInstrumentRisk=CurrencySwap;DerivativeInstrumentsGainLossByHedgingRelationship=FairValueHedging;InvestmentType=Derivative;,,0.0,,q1,2020
0001564590-20-010983,StockholdersEquity,us-gaap/2019,20200131,0,USD,EquityComponents=DeferredCompensationShareBasedPayments;,,437000.0,,q1,2020
0001289848-20-000006,RestructuringCharges,us-gaap/2019,20181231,4,USD,BusinessSegments=CorporateNonSegment;,,1600000.0,,q1,2020
0001640334-20-000592,PropertyPlantAndEquipmentNet,us-gaap/2019,20190731,0,USD,PropertyPlantAndEquipmentByType=OfficeEquipment;,,23781.0,,q1,2020
0001130310-20-000016,PreferredStockParOrStatedValuePerShare,us-gaap/2018,20180831,0,USD,ClassOfStock=SeriesAPreferredStock;,,1000.0,,q1,2020
0001628280-20-002113,StockIssuedDuringPeriodValueStockOptionsExercisedandOther,0001628280-20-002113,20171231,4,USD,EquityComponents=RetainedEarnings;,,-1000000.0,,q1,2020
0001102993-20-000017,NetIncomeLoss,us-gaap/2019,20191231,4,USD,EquityComponents=RetainedEarnings;,,-96071000.0,,q1,2020
0001564590-20-007402,NetIncomeLoss,us-gaap/2019,20171231,4,USD,EquityComponents=RetainedEarnings;,,-38929000.0,,q1,2020
0001053507-20-000028,NetIncomeLossIncludingPortionAttributableToNonredeemableNoncontrollingInterest,us-gaap/2019,20181231,4,USD,EquityComponents=RetainedEarnings;,,1236400000.0,,q1,2020
0000014930-20-000027,OtherComprehensiveIncomeLossNetOfTax,us-gaap/2019,20181231,4,USD,EquityComponents=CommonStock;,,0.0,,q1,2020
0001573516-20-000007,AccountsReceivableNetCurrent,us-gaap/2019,20191231,0,USD,,,172900000.0,,q1,2020
0001276187-20-000011,AssetsCurrent,us-gaap/2019,20191231,0,USD,,,7867000000.0,,q1,2020
0001185185-20-000382,AssetsCurrent,us-gaap/2020,20191231,0,USD,,,603251.0,,q1,2020
0001564590-20-010835,ProceedsFromLongTermLinesOfCredit,us-gaap/2019,20180131,4,USD,DebtInstrument=ABLSeniorSecuredRevolvingFacility;,,1215500000.0,,q1,2020
0001193125-20-043247,DeferredTaxAssets,ifrs/2018,20191231,0,USD,TemporaryDifferenceUnusedTaxLossesAndUnusedTaxCredits=UnusedTaxLosses;,,511000000.0,,q1,2020
0001283630-20-000029,NetCashProvidedByUsedInInvestingActivities,us-gaap/2019,20191231,4,USD,LegalEntity=AmericanCampusCommunitiesOperatingPartnershipLimitedPartnership;,AmericanCampusCommunitiesOperatingPartnershipLimitedPartnership,-416140000.0,,q1,2020
0001564590-20-009360,CostsAndExpenses,us-gaap/2019,20181231,4,USD,ConsolidatedEntities=GuarantorSubsidiaries;,,369959000.0,,q1,2020
0001558370-20-000638,RevenueFromContractWithCustomerExcludingAssessedTax,us-gaap/2019,20191231,2,USD,ProductOrService=License;,,31914000.0,,q1,2020
0001564590-20-010927,OtherLiabilities,ifrs/2018,20191231,0,USD,ClassesOfPropertyPlantAndEquipment=MiningProperty;,,2236000.0,,q1,2020
0001564590-20-007640,ProceedsFromContributionsFromParent,us-gaap/2019,20191231,4,USD,RelatedPartyTransactionsByRelatedParty=DominionEnergy;,,835000000.0,,q1,2020
0001193125-20-086313,PartnersCapitalAccountUnits,us-gaap/2019,20181231,0,shares,CapitalUnitsByClass=CapitalUnitClassD;,,600.058,,q1,2020
0001072627-20-000034,GainLossOnInvestments,us-gaap/2018,20171231,4,USD,Restatement=ScenarioPreviouslyReported;,,968000.0,,q1,2020
0001654954-20-002158,PaymentsToAcquirePropertyPlantAndEquipment,us-gaap/2019,20191231,4,USD,,,20446000.0,,q1,2020
0000350698-20-000042,PaymentsToAcquireBusinessesNetOfCashAcquired,us-gaap/2019,20181231,4,USD,,,67200000.0,,q1,2020
0001477932-20-000218,OperatingExpenses,us-gaap/2019,20191130,1,USD,,,-5953.0,,q1,2020
0001297184-20-000007,NetCashProvidedByUsedInOperatingActivities,us-gaap/2019,20181231,4,USD,,,38191000.0,,q1,2020
0001564590-20-008138,OperatingIncomeLoss,us-gaap/2019,20180331,1,USD,,,-7873000.0,,q1,2020
0001564590-20-003268,OtherAssetsNoncurrent,us-gaap/2019,20190331,0,USD,,,17717000.0,,q1,2020
0001545654-20-000007,OtherComprehensiveIncomeLossAmortizationAdjustmentFromAOCIPensionAndOtherPostretirementBenefitPlansForNetPriorServiceCostCreditBeforeTax,us-gaap/2019,20191231,4,USD,,,-700000.0,,q1,2020
0001213900-20-007488,NetCashProvidedByUsedInFinancingActivities,us-gaap/2019,20191231,4,USD,,,,,q1,2020
0001558370-20-000638,NetCashProvidedByUsedInFinancingActivities,us-gaap/2019,20181231,2,USD,,,-4135000.0,,q1,2020
0001564590-20-008081,LiabilitiesAndStockholdersEquity,us-gaap/2019,20191231,0,USD,,,4657122000.0,,q1,2020
0001683168-20-000193,Liabilities,us-gaap/2019,20181231,0,USD,,,8179168.0,,q1,2020
0001640334-20-000672,InterestExpenseRelatedParty,us-gaap/2019,20181231,4,USD,,,-49875.0,,q1,2020
0001130464-20-000006,IncomeTaxExpenseBenefit,us-gaap/2019,20191231,4,USD,,,29580000.0,,q1,2020
0001558370-20-001393,IncomeLossFromContinuingOperationsBeforeIncomeTaxesExtraordinaryItemsNoncontrollingInterest,us-gaap/2019,20191231,4,USD,BusinessSegments=NorthAmericaCommissaries;ConsolidationItems=OperatingSegments;,,30439000.0,,q1,2020
0001378789-20-000004,InterestExpense,us-gaap/2019,20171231,4,USD,ConsolidatedEntities=GuarantorSubsidiaries;ConsolidationItems=ReportableLegalEntities;DebtInstrument=AerCapTrustAICDCNotes;,,410000000.0,,q1,2020
0001493152-20-005149,IncreaseDecreaseInAccountsPayable,us-gaap/2019,20191231,4,USD,,,16000.0,,q1,2020
0001493152-20-005508,IncreaseDecreaseInContractWithCustomerLiability,us-gaap/2019,20171231,4,USD,,,-415000.0,,q1,2020
0001540947-20-000004,PartnersCapitalAccountUnitBasedCompensation,us-gaap/2018,20181231,4,USD,CapitalUnitsByClass=CommonUnits;PartnerTypeOfPartnersCapitalAccount=LimitedPartnerCommon;,,353000.0,,q1,2020
0001423902-20-000019,PaymentsToAcquireProductiveAssets,us-gaap/2019,20171231,4,USD,LegalEntity=WesternMidstreamOperatingLP;RelatedPartyTransactionsByRelatedParty=ThirdParties;,,177798000.0,,q1,2020
0001436425-20-000008,LoansAndLeasesReceivableNetOfDeferredIncomeCoveredAndNoncovered,0001436425-20-000008,20181231,0,USD,FinancingReceivablePortfolioSegment=ConstructionAndLandPortfolioSegment;FinancingReceivableRecordedInvestmentByClassOfFinancingReceivable=RealEstateLoans;ScheduleOfReceivablesWithImputedInterestNameOfReceivableWithImputedInterest=FinancialAssetOriginated;,,161232000.0,,q1,2020
0001047469-20-001174,EquityAttributableToOwnersOfParent,ifrs/2019,20181231,0,USD,,,73134000.0,,q1,2020
0001104659-20-026291,FinanceIncomeCost,ifrs/2019,20191231,4,CAD,,,-366000.0,,q1,2020
0001030894-20-000010,GrossProfit,ifrs/2019,20181231,4,USD,,,430500000.0,,q1,2020
0001437749-20-000520,EarningsPerShareBasicAndDiluted,us-gaap/2019,20190930,3,USD,,,-2.75,,q1,2020
0001564590-20-012004,OperatingLeaseLiability,us-gaap/2019,20181231,0,USD,AdjustmentsForNewAccountingPronouncements=AccountingStandardsUpdate201618;,,526000.0,,q1,2020
0001062993-20-001304,ResearchAndDevelopmentExpense,ifrs/2018,20191231,4,USD,ComponentsOfResearchAndDevelopment=SharebasedCompensation;,,1318000.0,,q1,2020
0001366868-20-000030,RevenueFromContractWithCustomerExcludingAssessedTax,us-gaap/2019,20171231,4,USD,Geographical=CA;ProductOrService=Product;,,2995000.0,,q1,2020
0001096906-20-000065,DueToRelatedPartiesCurrent,us-gaap/2019,20181231,0,USD,RelatedPartyTransactionsByRelatedParty=ChiefExecutiveOfficerOperatingExpenditures;,,125069.0,,q1,2020
0001564590-20-013602,CommonStockSharesIssued,us-gaap/2019,20191231,0,shares,,,1688000.0,,q1,2020
0001448893-20-000015,IncomeLossFromContinuingOperationsBeforeIncomeTaxesMinorityInterestAndIncomeLossFromEquityMethodInvestments,us-gaap/2019,20171231,4,USD,ConsolidatedEntities=ParentCompany;,,-10485000.0,,q1,2020
0001564590-20-011146,LiabilitiesAndStockholdersEquity,us-gaap/2019,20181231,0,USD,ConsolidatedEntities=ParentCompany;,,331334000.0,,q1,2020
0001320695-20-000009,ProceedsRelatedToStockBasedAwardActivities,0001320695-20-000009,20171231,4,USD,ConsolidatedEntities=ParentCompany;,,12100000.0,,q1,2020
0001558370-20-000495,Goodwill,us-gaap/2019,20191231,0,USD,LegalEntity=Allstream;,Allstream,39000000.0,,q1,2020
0000887733-20-000004,OperatingLeaseRightOfUseAsset,us-gaap/2019,20191231,0,USD,ConsolidatedEntities=NonGuarantorSubsidiaries;ConsolidationItems=ReportableLegalEntities;,,6680000.0,,q1,2020
0001488139-20-000014,RevenueFromContractWithCustomerExcludingAssessedTax,us-gaap/2019,20171231,4,USD,ProductOrService=Projects;,,506550000.0,,q1,2020
0001022321-20-000026,CostOfGoodsAndServicesSold,us-gaap/2019,20171231,4,USD,BusinessSegments=OffshorePipelineTransportation;,,72065000.0,,q1,2020
0001591763-20-000009,ProfitLoss,us-gaap/2019,20191231,4,USD,LimitedPartnersCapitalAccountByClass=SeriesAPreferredUnits;PartnerCapitalComponents=PreferredPartner;,,36000000.0,,q1,2020
0000891478-20-000017,IssueOfEquity,ifrs/2018,20191231,4,EUR,ComponentsOfEquity=SharePremium;,,1453000000.0,,q1,2020
0001047469-20-001174,TradeAndOtherCurrentReceivables,ifrs/2019,20191231,0,USD,TypesOfRisks=CreditRisk;,,7147000.0,,q1,2020
0001558370-20-002082,RestrictedCashAndCashEquivalents,us-gaap/2018,20181231,0,USD,DerivativeInstrumentRisk=SwapMarginCalls;,,30296000.0,,q1,2020
0001552781-20-000168,DerivativeLiabilities,us-gaap/2019,20191231,0,USD,DerivativeInstrumentRisk=InterestRateSwapsPayFixed;FairValueByFairValueHierarchyLevel=FairValueInputsLevel3;FairValueByMeasurementFrequency=FairValueMeasurementsRecurring;HedgingDesignation=Nondesignated;,,,,q1,2020
0001493152-20-000639,PreferredStockSharesAuthorized,us-gaap/2019,20180930,0,shares,ClassOfStock=PreferredClassAConvertibleStock;LegalEntity=AdvancedInteractiveGamingInc;,,10000000.0,,q1,2020
0000895421-20-000265,NoninterestIncome,us-gaap/2019,20181231,4,USD,BusinessSegments=InvestmentManagementSegment;ConsolidationItems=OperatingSegments;,,2717000000.0,,q1,2020
0001109357-20-000053,ProfitLoss,us-gaap/2019,20181231,4,USD,EquityComponents=MembershipInterest;LegalEntity=BaltimoreGasAndElectricCompany;,,313000000.0,,q1,2020
0001760965-20-000010,DueFromRelatedPartiesCurrent,us-gaap/2018,20181231,0,USD,RelatedPartyTransaction=HedgingAgreements;,,2832000.0,,q1,2020
0001264089-20-000016,Equity,ifrs/2019,20171231,0,USD,ComponentsOfEquity=IssuedCapital;RetrospectiveApplicationAndRetrospectiveRestatement=PreviouslyStated;,,7633700000.0,,q1,2020
0001628280-20-003720,PaymentsToAcquirePropertyPlantAndEquipment,us-gaap/2019,20191231,4,USD,BusinessSegments=EuropeMiddleEastandAfricaSegment;ConsolidationItems=OperatingSegments;,,2815000.0,,q1,2020
0001072627-20-000037,AlternativeInvestment,us-gaap/2018,20171231,0,USD,ErrorCorrectionsAndPriorPeriodAdjustmentsRestatementByRestatementPeriodAndAmount=ImmaterialAccountingAdjustments;,,0.0,,q1,2020
0001515971-20-000046,RevenueFromContractWithCustomerExcludingAssessedTax,us-gaap/2019,20181231,4,USD,BusinessSegments=RadiologicalServices;Geographical=NonUs;,,1139767.0,,q1,2020
0000937834-20-000005,NetInvestmentIncome,us-gaap/2019,20191231,4,USD,DerivativeInstrumentsGainLossByHedgingRelationship=CashFlowHedging;InvestmentType=ForeignCurrencyGainLoss;,,0.0,,q1,2020
0001327811-20-000022,CommonStockValueOutstanding,us-gaap/2019,20200131,0,USD,ClassOfStock=CommonClassA;,,170000.0,,q1,2020
0001113256-20-000015,OtherAssetsCurrent,us-gaap/2019,20190930,0,USD,ConsolidationItems=ConsolidationEliminations;,,0.0,,q1,2020
0001304280-20-000007,CashAndCashEquivalentsAtCarryingValue,us-gaap/2018,20191231,0,USD,VariableInterestEntitiesByClassificationOfEntity=VariableInterestEntityPrimaryBeneficiary;,,6000000.0,,q1,2020
0001564590-20-005284,StockholdersEquity,us-gaap/2019,20161231,0,USD,EquityComponents=RetainedEarnings;,,-128775000.0,,q1,2020
0001564590-20-011272,StockholdersEquityIncludingPortionAttributableToNoncontrollingInterest,us-gaap/2019,20181231,0,USD,EquityComponents=NoncontrollingInterest;,,72000.0,,q1,2020
0001114445-20-000005,DividendsPreferredStock,us-gaap/2019,20191231,4,CAD,EquityComponents=RetainedEarnings;,,2000000.0,,q1,2020
0001213900-20-005949,ProfitLoss,us-gaap/2019,20181231,4,USD,EquityComponents=RetainedEarnings;,,-3060000.0,,q1,2020
0001493152-20-001745,StockIssuedDuringPeriodSharesNewIssues,us-gaap/2019,20181231,4,shares,EquityComponents=CommonStock;,,25715.0,,q1,2020
0001391127-20-000015,StockRepurchasedDuringPeriodValue,us-gaap/2019,20181231,4,USD,EquityComponents=CommonStock;,,1000.0,,q1,2020
0001681459-20-000004,StockholdersEquityIncludingPortionAttributableToNoncontrollingInterest,us-gaap/2019,20191231,0,USD,EquityComponents=AccumulatedOtherComprehensiveIncome;,,-1407500000.0,,q1,2020
0001511737-20-000006,CommonStockSharesOutstanding,us-gaap/2019,20190930,0,shares,EquityComponents=CommonStock;,,65847455.0,,q1,2020
0001759509-20-000009,StockIssuedDuringPeriodValueNewIssues,us-gaap/2019,20191231,4,USD,EquityComponents=AdditionalPaidInCapital;,,2483622000.0,,q1,2020
0001564590-20-008195,StockIssuedDuringPeriodValueStockOptionsExercised,us-gaap/2019,20191231,4,USD,EquityComponents=AdditionalPaidInCapital;,,196000.0,,q1,2020
0001564590-20-003066,OtherComprehensiveIncomeLossCashFlowHedgeGainLossAfterReclassificationTax,us-gaap/2019,20181231,1,USD,EquityComponents=AccumulatedOtherComprehensiveIncome;,,-197000.0,,q1,2020
0000024545-20-000005,SellingGeneralAndAdministrativeExpense,us-gaap/2019,20171231,4,USD,ConsolidatedEntities=NonGuarantorSubsidiaries;ConsolidationItems=ReportableLegalEntities;,,636300000.0,,q1,2020
0001654954-20-003103,Revenues,us-gaap/2019,20191231,4,USD,MajorCustomers=UsStateAndLocalGovernments;,,479379.0,,q1,2020
0001521332-20-000012,AccruedLiabilitiesCurrent,us-gaap/2019,20191231,0,USD,ConsolidatedEntities=GuarantorSubsidiaries;ConsolidationItems=ReportableLegalEntities;,,0.0,,q1,2020
0001564590-20-007363,CostOfRevenue,us-gaap/2019,20181231,4,USD,AdjustmentsForNewAccountingPronouncements=AccountingStandardsUpdate201409;InitialApplicationPeriodCumulativeEffectTransition=CalculatedUnderRevenueGuidanceInEffectBeforeTopic606;,,1069667000.0,,q1,2020
0000737468-20-000009,LoansAndLeasesReceivableAllowance,us-gaap/2019,20181231,0,USD,FinancingReceivableRecordedInvestmentByClassOfFinancingReceivable=ConsumerPortfolioSegment;,,1857000.0,,q1,2020
0001025378-20-000011,OtherNonoperatingIncomeExpense,us-gaap/2019,20191231,4,USD,EquityComponents=AociIncludingPortionAttributableToNoncontrollingInterest;ReclassificationOutOfAccumulatedOtherComprehensiveIncome=ReclassificationOutOfAccumulatedOtherComprehensiveIncome;,,15341000.0,,q1,2020
0001104659-20-023889,IncomeLossFromDiscontinuedOperationsNetOfTax,us-gaap/2019,20181231,4,USD,ConsolidatedEntities=ValidusHoldingsLtd;,,0.0,,q1,2020
0001398987-20-000010,Revenues,us-gaap/2019,20171231,4,USD,BusinessSegments=RealogyFranchiseGroup;ProductOrService=Franchise;,,695000000.0,,q1,2020
0001500217-20-000010,ProfitLoss,us-gaap/2019,20181231,4,USD,Scenario=ProForma;,,30662000.0,,q1,2020
0000928953-20-000005,Liabilities,us-gaap/2018,20181231,0,USD,VariableInterestEntitiesByClassificationOfEntity=VariableInterestEntityPrimaryBeneficiary;,,51487000.0,,q1,2020
0001564590-20-009767,StockIssuedDuringPeriodSharesEmployeeStockPurchasePlans,us-gaap/2019,20191231,4,shares,EquityComponents=CommonStock;,,52284.0,,q1,2020
0001564590-20-005719,StockRepurchasedDuringPeriodShares,us-gaap/2019,20171231,4,shares,EquityComponents=CommonStock;,,8223000.0,,q1,2020
0000104918-20-000036,NoncontrollingInterestInNetIncomeLossOtherNoncontrollingInterestsNonredeemable,us-gaap/2019,20191231,4,USD,EquityComponents=NoncontrollingInterest;,,-216000.0,,q1,2020
0001654954-20-003510,IssuanceOfCommonStockUponVestingOfRestrictedStockUnitsShares,0001654954-20-003510,20191231,4,shares,EquityComponents=CommonStock;,,276290.0,,q1,2020
0001558370-20-001148,SharesIssued,us-gaap/2019,20191231,0,shares,EquityComponents=CommonStock;,,239822900.0,,q1,2020
0001558370-20-000762,SharesOutstanding,us-gaap/2019,20171231,0,shares,EquityComponents=TreasuryStock;,,-196964.0,,q1,2020
0001104659-20-032373,AdjustmentsToAdditionalPaidInCapitalSharebasedCompensationRequisiteServicePeriodRecognitionValue,us-gaap/2019,20191231,4,USD,EquityComponents=AccumulatedOtherComprehensiveIncome;,,0.0,,q1,2020
0001193125-20-086441,AdjustmentsForIncreaseDecreaseInTradeAndOtherPayables,ifrs/2019,20191231,4,GBP,,,730000000.0,,q1,2020
0001104659-20-027979,AccumulatedOtherComprehensiveIncomeLossNetOfTax,us-gaap/2019,20191231,0,USD,,,-4879000.0,,q1,2020
0001564590-20-010498,AccretionAmortizationOfDiscountsAndPremiumsInvestments,us-gaap/2019,20181231,4,USD,,,476000.0,,q1,2020
0001637761-20-000019,AmortizationofIntangibleAssetsExcludingTechnology,0001637761-20-000019,20181231,4,USD,,,3168000.0,,q1,2020
0001564590-20-006672,CashCashEquivalentsRestrictedCashAndRestrictedCashEquivalentsPeriodIncreaseDecreaseIncludingExchangeRateEffect,us-gaap/2019,20181231,4,USD,,,-405000.0,,q1,2020
0000913778-20-000003,PartnersCapitalAccountDistributions,us-gaap/2019,20180930,1,USD,PartnerTypeOfPartnersCapitalAccount=GeneralPartner;TaxCreditSeries=SeriesTwentySix;,,0.0,,q1,2020
0001521332-20-000012,ComprehensiveIncomeNetOfTaxAttributableToNoncontrollingInterest,us-gaap/2019,20171231,4,USD,,,83000000.0,,q1,2020
0001437749-20-001789,StockIssuedDuringPeriodValueRestrictedStockAwardNetOfForfeitures,us-gaap/2019,20191231,1,USD,EquityComponents=AdditionalPaidInCapital;,,-2000.0,,q1,2020
0001628280-20-003690,StockIssuedDuringPeriodValueShareBasedCompensationForfeited,us-gaap/2019,20191231,2,USD,,,33000000.0,,q1,2020
0001477932-20-001403,SharesIssuedRegisteredOfferingsNetOfOfferingCostsAmount,0001477932-20-001403,20191231,4,USD,,,3750454.0,,q1,2020
0001070154-20-000008,Securitiesheldtomaturitytransferredtoavailableforsale,0001070154-20-000008,20171231,4,USD,,,0.0,,q1,2020
0001564590-20-004805,UndistributedEarningsLossAllocatedToParticipatingSecuritiesDiluted,us-gaap/2019,20171231,4,USD,,,5829000.0,,q1,2020
0001596532-20-000024,PreferredStockSharesOutstanding,us-gaap/2019,20191231,0,shares,,,0.0,,q1,2020
0000821026-20-000011,ProfitLoss,us-gaap/2019,20190930,1,USD,,,-5870000.0,,q1,2020
0001571123-20-000013,OperatingLeaseLiabilityNoncurrent,us-gaap/2019,20190131,0,USD,,,0.0,,q1,2020
0001564590-20-009164,NetIncomeLoss,us-gaap/2019,20180930,1,USD,,,8997000.0,,q1,2020
0000946673-20-000004,NoninterestExpense,us-gaap/2019,20170930,1,USD,,,80331000.0,,q1,2020
0001193125-20-080455,OccupancyNet,us-gaap/2019,20191231,4,USD,,,1655000.0,,q1,2020
0001653558-20-000015,LaborAndRelatedExpense,us-gaap/2019,20181231,4,USD,,,38324000.0,,q1,2020
0001564590-20-009886,InterestIncomeExpenseNonoperatingNet,us-gaap/2019,20171231,4,USD,,,386000.0,,q1,2020
0001558370-20-002630,LiabilitiesCurrent,us-gaap/2019,20191231,0,USD,,,14099000.0,,q1,2020
0001104659-20-028012,InvestmentIncomeInterest,us-gaap/2019,20181231,1,USD,,,0.0,,q1,2020
0001031203-20-000006,IncreaseDecreaseInOperatingLeaseLiability,0001031203-20-000006,20191231,4,USD,,,28300000.0,,q1,2020
0001047469-20-000074,IncreaseDecreaseInPrepaidDeferredExpenseAndOtherAssets,us-gaap/2019,20161231,4,USD,,,371000.0,,q1,2020
0001129928-20-000012,IncreaseDecreaseThroughExerciseOfOptions,ifrs/2019,20171231,4,CAD,,,343440.0,,q1,2020
0001564590-20-006040,IncomeLossFromContinuingOperationsBeforeIncomeTaxesExtraordinaryItemsNoncontrollingInterest,us-gaap/2019,20181231,4,USD,,,-91064000.0,,q1,2020
0001635881-20-000012,IncomeLossFromDiscontinuedOperationsNetOfTaxPerBasicShare,us-gaap/2019,20191231,4,USD,,,0.19,,q1,2020
0001178913-20-000737,IncreaseDecreaseInContractWithCustomerLiability,us-gaap/2019,20171231,4,USD,,,31729000.0,,q1,2020
0001564590-20-010752,IncreaseDecreaseInContractWithCustomerLiability,us-gaap/2019,20181231,4,USD,,,-40000.0,,q1,2020
0001564590-20-006402,GrossProfitSalesRevenue,0001564590-20-006402,20171231,4,USD,,,115329000.0,,q1,2020
0001558370-20-001266,GrossProfit,us-gaap/2018,20191231,1,USD,,,111914000.0,,q1,2020
0001193125-20-007317,FairValueOfWarrantsAndDerivativeLiabilities,0001193125-20-007317,20181231,4,USD,,,36269.0,,q1,2020
0001363829-20-000039,IncomeLossFromContinuingOperationsIncludingPortionAttributableToNoncontrollingInterest,us-gaap/2019,20191231,4,USD,,,928219000.0,,q1,2020
0001564590-20-013258,GainsLossesOnExtinguishmentOfDebt,us-gaap/2019,20181231,4,USD,,,-96000.0,,q1,2020
0001104659-20-027221,DilutedEarningsLossPerShare,ifrs/2019,20181231,4,USD,,,1.41,,q1,2020
0001628280-20-004221,EffectOfExchangeRateOnCashCashEquivalentsRestrictedCashAndRestrictedCashEquivalents,us-gaap/2019,20191231,4,USD,,,0.0,,q1,2020
0000785161-20-000011,Goodwill,us-gaap/2019,20181231,0,USD,ConsolidatedEntities=ConsolidatedEntityExcludingVariableInterestEntitiesVIE;,,895300000.0,,q1,2020
0001618034-20-000003,AccumulatedOtherComprehensiveIncomeLossNetOfTax,us-gaap/2019,20181231,0,USD,EquityComponents=AociDerivativeQualifyingAsHedgeExcludedComponentParent;,,400000.0,,q1,2020
0000887730-20-000008,RevenueFromContractWithCustomerExcludingAssessedTax,us-gaap/2019,20191231,3,USD,BusinessSegments=SolidCapacitors;Geographical=Americas;,,208173000.0,,q1,2020
0001481792-20-000005,StockholdersEquity,us-gaap/2019,20171231,0,USD,EquityComponents=AdditionalPaidInCapital;Restatement=ScenarioPreviouslyReported;,,861100000.0,,q1,2020
0001437071-20-000006,AccretionAmortizationOfDiscountsAndPremiumsInvestments,us-gaap/2019,20171231,4,USD,FinancialInstrument=NonAgencyCommercialMortgageBackedSecurities;,,-4268000.0,,q1,2020
0001297989-20-000003,CashCashEquivalentsRestrictedCashAndRestrictedCashEquivalents,us-gaap/2019,20171231,0,USD,AdjustmentsForNewAccountingPronouncements=AccountingStandardsUpdate201618;,,94277000.0,,q1,2020
0001564590-20-005064,EarningsPerShareBasic,us-gaap/2019,20180630,1,USD,,,1.38,,q1,2020
0001193125-20-057888,EarningsPerShareBasicAndDiluted,us-gaap/2019,20190331,1,USD,,,-0.63,,q1,2020
0001391609-20-000009,DerivativeLiabilities,us-gaap/2018,20191130,0,USD,,,5567140.0,,q1,2020
0001564590-20-004072,FinanceLeaseLiabilityNoncurrent,us-gaap/2019,20190630,0,USD,ProspectiveAdoptionOfNewAccountingPronouncements=AccountingStandardsUpdate201602;,,3161000.0,,q1,2020
0001140361-20-004262,DerivativeLiabilities,us-gaap/2019,20191231,0,USD,DerivativeInstrumentRisk=Future;FairValueByMeasurementBasis=CarryingReportedAmountFairValueDisclosure;FairValueByMeasurementFrequency=FairValueMeasurementsRecurring;,,1774000.0,,q1,2020
0001558370-20-003383,GrossProfit,us-gaap/2019,20190131,4,USD,BusinessSegments=WaterworksSegment;,,51772000.0,,q1,2020
0001104659-20-039814,CashFlowsFromUsedInInvestingActivities,ifrs/2019,20181231,4,USD,ConsolidationItems=Guarantor;,,-809600000.0,,q1,2020
0000089439-20-000016,CommonStockSharesOutstanding,us-gaap/2019,20191231,0,shares,,,56949246.0,,q1,2020
0001317630-20-000004,Revenues,us-gaap/2019,20191231,4,USD,ConcentrationRiskByType=CustomerConcentrationRisk;MajorCustomers=ConsumersEnergy;,,279000000.0,,q1,2020
0001592386-20-000003,AdjustmentsToAdditionalPaidInCapitalIncreaseDecreaseInTaxReceivableAgreement,0001592386-20-000003,20191231,4,USD,,,-5811000.0,,q1,2020
0001193125-20-059185,BankOwnedLifeInsurance,us-gaap/2019,20181231,0,USD,,,220758000.0,,q1,2020
0001628280-20-002208,CapitalizedExploratoryWellCostChargedToExpense1,us-gaap/2019,20191231,4,USD,,,3000.0,,q1,2020
0001628280-20-001698,CommitmentsAndContingencies,us-gaap/2019,20190630,0,USD,,,,,q1,2020
0001387131-20-002086,StockIssuedDuringPeriodValueNewIssues,us-gaap/2019,20171231,4,USD,EquityComponents=AdditionalPaidInCapital;,,68560235.0,,q1,2020
0000020212-20-000019,OtherComprehensiveIncomeLossPensionAndOtherPostretirementBenefitPlansAdjustmentNetOfTax,us-gaap/2019,20181231,4,USD,EquityComponents=AccumulatedOtherComprehensiveIncome;,,200000.0,,q1,2020
0001084580-20-000004,AdjustmentsToAdditionalPaidInCapitalContributionFromParent,0001084580-20-000004,20181130,4,USD,EquityComponents=AdditionalPaidInCapital;,,600247000.0,,q1,2020
0001193125-20-028287,StockIssuedDuringPeriodValueConversionOfUnits,us-gaap/2019,20171231,4,USD,,,5467389.0,,q1,2020
0001558370-20-001651,StockRepurchasedDuringPeriodShares,us-gaap/2019,20181231,4,shares,,,2729568.0,,q1,2020
0001535527-20-000006,TemporaryEquityAccretionToRedemptionValueAdjustment,us-gaap/2019,20180131,4,USD,,,5853000.0,,q1,2020
0001751788-20-000007,TotalOtherAssets,0001751788-20-000007,20181231,0,USD,,,16585000000.0,,q1,2020
0001227654-20-000044,TreasuryStockShares,us-gaap/2019,20181231,0,shares,,,1513808.0,,q1,2020
0001564590-20-007399,ShareBasedCompensation,us-gaap/2019,20181231,4,USD,,,19543000.0,,q1,2020
0001437749-20-005734,ShortTermBorrowings,us-gaap/2019,20191231,0,USD,,,2050000.0,,q1,2020
0001213900-20-008220,StockholdersEquity,us-gaap/2019,20180131,0,USD,,,,,q1,2020
0001564590-20-011143,StockholdersEquity,us-gaap/2019,20161231,0,USD,,,6383000.0,,q1,2020
0001434754-20-000010,RestrictedCashAndCashEquivalentsAtCarryingValue,us-gaap/2019,20181231,0,USD,,,310000.0,,q1,2020
0001665918-20-000012,RepaymentsOfLongTermDebtAndCapitalSecurities,us-gaap/2018,20191231,4,USD,,,4967000000.0,,q1,2020
0001481832-20-000010,Revenues,us-gaap/2018,20180930,1,USD,,,104232000.0,,q1,2020
0001420800-20-000005,RetainedEarningsAccumulatedDeficit,us-gaap/2018,20181231,0,USD,,,991838000.0,,q1,2020
0000352736-20-000002,PremiumsEarnedNet,us-gaap/2019,20171231,4,USD,,,690000000.0,,q1,2020
0001386278-20-000020,ProceedsFromLongTermLinesOfCredit,us-gaap/2019,20181231,4,USD,,,0.0,,q1,2020
0001015820-20-000015,PaymentsForRepurchaseOfCommonStock,us-gaap/2019,20171231,4,USD,,,60970000.0,,q1,2020
0001562762-20-000053,OtherEquityInterest,ifrs/2019,20181231,0,GBP,,,7595000000.0,,q1,2020
0001409970-20-000212,PaymentsToAcquirePropertyPlantAndEquipment,us-gaap/2019,20171231,4,USD,,,44615000.0,,q1,2020
0001104659-20-023904,OtherComprehensiveIncomeLossPensionAndOtherPostretirementBenefitPlansTax,us-gaap/2019,20181231,4,USD,,,-47000000.0,,q1,2020
0001169770-20-000007,NoninterestExpense,us-gaap/2019,20180331,1,USD,,,59800000.0,,q1,2020
0001493152-20-005290,NetCashProvidedByUsedInFinancingActivities,us-gaap/2019,20191231,4,USD,,,16385000.0,,q1,2020
0001535929-20-000012,NetIncomeLossAvailableToCommonStockholdersBasic,us-gaap/2019,20180331,1,USD,,,446000000.0,,q1,2020
0001628280-20-003720,NetIncomeLoss,us-gaap/2019,20180930,1,USD,,,-45120000.0,,q1,2020
0000103730-20-000013,LiabilitiesCurrent,us-gaap/2019,20181231,0,USD,,,644106000.0,,q1,2020
0001564590-20-005269,InvestmentIncomeInterest,us-gaap/2019,20181231,4,USD,,,7000000.0,,q1,2020
0001564590-20-011795,IncreaseDecreaseInPrepaidDeferredExpenseAndOtherAssets,us-gaap/2019,20181231,4,USD,,,467480.0,,q1,2020
0001327318-20-000009,IncreaseDecreaseinOperatingLeaseLiabilities,0001327318-20-000009,20191231,4,USD,,,-6846000.0,,q1,2020
0001104659-20-026203,InterestExpense,us-gaap/2019,20181231,4,USD,,,28000.0,,q1,2020
0001409775-20-000012,InterestExpense,us-gaap/2019,20191231,4,USD,,,951623000.0,,q1,2020
0001654954-20-000893,IncreaseDecreaseInInventories,us-gaap/2019,20180930,4,USD,,,-22327.0,,q1,2020
0001564590-20-006382,IncomeTaxesReceivable,us-gaap/2019,20191231,0,USD,,,8288000.0,,q1,2020
0001564590-20-006848,IncomeLossFromContinuingOperations,us-gaap/2019,20191231,4,USD,,,71049000.0,,q1,2020
0000102212-20-000017,AccumulatedOtherComprehensiveIncomeLossNetOfTax,us-gaap/2019,20191231,0,USD,,,-21730000.0,,q1,2020
0001579241-20-000013,AccumulatedOtherComprehensiveIncomeLossNetOfTax,us-gaap/2019,20191231,0,USD,,,-218600000.0,,q1,2020
0001540184-20-000011,CostOfRevenue,us-gaap/2019,20190131,4,USD,ProductOrService=ProfessionalServices;,,67953000.0,,q1,2020
0001326160-20-000034,OtherNonoperatingIncomeExpense,us-gaap/2019,20191231,4,USD,LegalEntity=DukeEnergyIndiana;,DukeEnergyIndiana,41000000.0,,q1,2020
0001331875-20-000008,WeightedAverageNumberOfDilutedSharesOutstanding,us-gaap/2019,20171231,4,shares,ClassOfStock=FidelityNationalFinancialGroupCommonStock;,,278000000.0,,q1,2020
0001564590-20-007969,TemporaryEquityCarryingAmountAttributableToParent,us-gaap/2019,20171231,0,USD,ClassOfStock=RedeemableConvertiblePreferredStock;,,52494000.0,,q1,2020
0001558370-20-003016,ImpairmentLossImpairmentGainAndReversalOfImpairmentLossDeterminedInAccordanceWithIFRS9,ifrs/2019,20181231,4,MXN,Segments=RetailBanking;,,17813000000.0,,q1,2020
0000085961-20-000089,CashCashEquivalentsRestrictedCashAndRestrictedCashEquivalents,us-gaap/2019,20161231,0,USD,,,62639000.0,,q1,2020
0001091667-20-000024,InterestIncomeExpenseNet,us-gaap/2019,20181231,4,USD,LegalEntity=IntermediateHoldingCompanies;,IntermediateHoldingCompanies,30000000.0,,q1,2020
0001171843-20-001640,BankOwnedLifeInsurance,us-gaap/2019,20181231,0,USD,,,22922000.0,,q1,2020
0001264089-20-000016,CashAndCashEquivalents,ifrs/2019,20191231,0,USD,,,158800000.0,,q1,2020
0001569994-20-000010,LoansHeldForSaleFairValueDisclosure,us-gaap/2019,20181231,0,USD,FairValueByMeasurementFrequency=FairValueMeasurementsRecurring;,,141616000.0,,q1,2020
0001558370-20-002676,CumulativeEffectOfNewAccountingPrincipleInPeriodOfAdoption,us-gaap/2019,20171231,0,USD,EquityComponents=AdditionalPaidInCapital;,,141000.0,,q1,2020
0001558370-20-002145,IssuanceOfCommonSharesPursuantToEmployeeStockSettledBonusPlan,0001558370-20-002145,20191231,4,USD,EquityComponents=AdditionalPaidInCapital;,,10485000.0,,q1,2020
0001564590-20-010449,ShareBasedGoodsAndNonemployeeServicesTransactionStockholdersEquity,us-gaap/2019,20191231,4,USD,EquityComponents=AdditionalPaidInCapital;,,68000.0,,q1,2020
0001261333-20-000033,WeightedAverageNumberOfShareOutstandingBasicAndDiluted,us-gaap/2019,20190131,4,shares,,,135163000.0,,q1,2020
0001493152-20-004285,WriteoffInvestment,0001493152-20-004285,20191231,4,USD,,,435000.0,,q1,2020
0001628280-20-001686,TemporaryEquityCarryingAmountAttributableToParent,us-gaap/2019,20190331,0,USD,,,3138000.0,,q1,2020
0001683168-20-000511,RepaymentsOfDebtAndCapitalLeaseObligations,us-gaap/2019,20191231,1,USD,,,8771.0,,q1,2020
0001564590-20-007918,ResearchAndDevelopmentExpense,us-gaap/2019,20191231,4,USD,,,39076000.0,,q1,2020
0001303942-20-000016,PreferredStockSharesAuthorized,us-gaap/2018,20181231,0,shares,,,25000000.0,,q1,2020
0000894081-20-000039,PropertyPlantAndEquipmentNet,us-gaap/2019,20181231,0,USD,,,1555005000.0,,q1,2020
0000824142-20-000025,RevenueFromContractWithCustomerIncludingAssessedTax,us-gaap/2019,20180930,1,USD,,,112937000.0,,q1,2020
0001493152-20-003353,PrepaidExpenseCurrent,us-gaap/2019,20180331,0,USD,,,321074.0,,q1,2020
0001061219-20-000014,ProfitLoss,us-gaap/2019,20180630,1,USD,,,687200000.0,,q1,2020
0001564590-20-007597,ProfitLossBeforeTax,ifrs/2019,20181231,1,USD,,,-27469000.0,,q1,2020
0001069157-20-000016,RepaymentsOfOtherLongTermDebt,us-gaap/2019,20171231,4,USD,,,15000000.0,,q1,2020
0001558370-20-000604,PreferredStockParOrStatedValuePerShare,us-gaap/2018,20191231,0,USD,,,0.001,,q1,2020
0001558370-20-001800,ProceedsFromSaleOfMortgageLoansHeldForSale,us-gaap/2019,20171231,4,USD,,,815471000.0,,q1,2020
0001564590-20-001578,OtherComprehensiveIncomeLossReclassificationAdjustmentFromAOCIOnDerivativesNetOfTax,us-gaap/2019,20181231,4,USD,,,-1000000.0,,q1,2020
0000074260-20-000024,OtherLiabilities,us-gaap/2019,20181231,0,USD,,,288300000.0,,q1,2020
0001564590-20-008978,OperatingIncomeLoss,us-gaap/2019,20180930,1,USD,,,5166000.0,,q1,2020
0000068505-20-000006,OtherAssetsNoncurrent,us-gaap/2019,20181231,0,USD,,,344000000.0,,q1,2020
0001564590-20-007814,OtherAssetsNoncurrent,us-gaap/2019,20191231,0,USD,,,67880000.0,,q1,2020
0001193125-20-073232,NetCashProvidedByUsedInFinancingActivities,us-gaap/2019,20171231,4,USD,,,73769000.0,,q1,2020
0001526113-20-000006,NetIncomeLossAvailableToCommonStockholdersBasic,us-gaap/2019,20180630,1,USD,,,5288000.0,,q1,2020
0001404912-20-000006,NetIncomeLoss,us-gaap/2019,20180331,1,USD,,,178443000.0,,q1,2020
0001617669-20-000005,AmortizationOfFinancingCosts,us-gaap/2019,20171231,4,USD,,,149000.0,,q1,2020
0001280058-20-000011,AccumulatedOtherComprehensiveIncomeLossNetOfTax,us-gaap/2019,20191231,0,USD,,,-5290000.0,,q1,2020
0001206774-20-000670,AccumulatedOtherComprehensiveIncomeLossNetOfTax,us-gaap/2019,20191231,0,USD,,,-298000.0,,q1,2020
0000783280-20-000010,AmortizationOfDeferredLeasingFees,us-gaap/2018,20191231,4,USD,LegalEntity=DukeRealtyLimitedPartnership;,DukeRealtyLimitedPartnership,54801000.0,,q1,2020
0000776867-20-000009,Assets,us-gaap/2019,20181231,0,USD,LegalEntity=MediaAlpha;,MediaAlpha,88400000.0,,q1,2020
0001545772-20-000007,ShareOfProfitLossOfAssociatesAndJointVenturesAccountedForUsingEquityMethod,ifrs/2019,20171231,4,USD,CategoriesOfRelatedParties=JointVenturesWhereEntityIsVenturer;JointVentures=VAMFII;,,4000000.0,,q1,2020
0001091667-20-000024,PaymentsForRepurchaseOfCommonStock,us-gaap/2019,20181231,4,USD,LegalEntity=CcoHoldings;,CcoHoldings,0.0,,q1,2020
0001558370-20-000711,ProvisionForLoanAndLeaseLosses,us-gaap/2019,20190630,4,USD,FinancingReceivableRecordedInvestmentByClassOfFinancingReceivable=OneToFourFamilyOwnerOccupied;,,31558.0,,q1,2020
0000860413-20-000054,LoansAndLeasesReceivableHeldForInvestment,0000860413-20-000054,20191231,0,USD,FinancingReceivableRecordedInvestmentByClassOfFinancingReceivable=CommercialRealEstatePortfolioSegment;InternalCreditAssessment=Substandard;,,97300000.0,,q1,2020
0001533232-20-000006,OtherIncome,ifrs/2018,20171231,4,USD,SegmentConsolidationItems=NoncontrollingInterests;,,18000000.0,,q1,2020
0000070318-20-000014,CashCashEquivalentsRestrictedCashAndRestrictedCashEquivalents,us-gaap/2019,20161231,0,USD,,,716000000.0,,q1,2020
0001564590-20-002901,CashCashEquivalentsRestrictedCashAndRestrictedCashEquivalentsIncludingDisposalGroupAndDiscontinuedOperations,us-gaap/2019,20180930,0,USD,,,636800000.0,,q1,2020
0000899749-20-000014,StockholdersEquityIncludingPortionAttributableToNoncontrollingInterest,us-gaap/2019,20171231,0,USD,EquityComponents=CumulativeNetIncome;,,1018348000.0,,q1,2020
0001564590-20-012167,LoansAndLeasesReceivableGrossCarryingAmount,us-gaap/2019,20181231,0,USD,FinancingReceivablePortfolioSegment=ResidentialPortfolioSegment;InternalCreditAssessment=SpecialMention;,,999000.0,,q1,2020
0001635881-20-000012,RevenueFromContractWithCustomerExcludingAssessedTax,us-gaap/2019,20181231,4,USD,BusinessSegments=ContractOperations;,,360973000.0,,q1,2020
0001564590-20-010445,LoansAndLeasesReceivableGrossCarryingAmount,us-gaap/2019,20181231,0,USD,FinancingReceivableRecordedInvestmentByClassOfFinancingReceivable=StudentLoansPurchased;InternalCreditAssessment=SpecialMention;,,431000.0,,q1,2020
0001068148-20-000003,AssetsCurrent,us-gaap/2019,20191231,0,USD,,,740100000.0,,q1,2020
0001628280-20-002113,AssetsCurrent,us-gaap/2019,20191231,0,USD,,,3431000000.0,,q1,2020
0000910406-20-000014,AmortizationOfIntangibleAssets,us-gaap/2019,20181231,1,USD,,,3322000.0,,q1,2020
0001423869-20-000010,AmortizationOfDeferredLoanOriginationFeesNet,us-gaap/2019,20191231,4,USD,,,452000.0,,q1,2020
0001564590-20-007797,ComprehensiveIncomeNetOfTax,us-gaap/2019,20171231,4,USD,,,-19111000.0,,q1,2020
0001213900-20-005801,StockIssuedDuringPeriodValueAcquisitions2,0001213900-20-005801,20171231,4,USD,EquityComponents=AdditionalPaidInCapital;,,73471000.0,,q1,2020
0001397702-20-000007,StockIssuedDuringPeriodValueStockOptionsExercised,us-gaap/2018,20191231,4,USD,EquityComponents=AdditionalPaidInCapital;,,1541000.0,,q1,2020
0001005817-20-000005,TimeDeposits,us-gaap/2019,20181231,0,USD,,,637295000.0,,q1,2020
0001493152-20-000929,TravelAndEntertainmentExpense,us-gaap/2019,20190630,2,USD,,,30969.0,,q1,2020
0001477932-20-000621,WeightedAverageNumberOfShareOutstandingBasicAndDiluted,us-gaap/2019,20191231,2,shares,,,7964090.0,,q1,2020
0001581068-20-000008,StockholdersEquityIncludingPortionAttributableToNoncontrollingInterest,us-gaap/2019,20191231,0,USD,,,2743857000.0,,q1,2020
0001558370-20-002421,SellingGeneralAndAdministrativeExpense,us-gaap/2019,20191231,4,USD,,,101212000.0,,q1,2020
0000092380-20-000024,RetainedEarningsAccumulatedDeficit,us-gaap/2019,20181231,0,USD,,,15967000000.0,,q1,2020
0001400891-20-000009,Revenues,us-gaap/2019,20191231,1,USD,,,1026072000.0,,q1,2020
0000909108-20-000017,RedeemableNoncontrollingInterestEquityCarryingAmount,us-gaap/2019,20161231,0,USD,,,13840688.0,,q1,2020
0001580808-20-000014,ProceedsFromIssuanceOfSharesUnderIncentiveAndShareBasedCompensationPlansIncludingStockOptions,us-gaap/2018,20191231,4,USD,,,5799000.0,,q1,2020
0000936468-20-000016,PaymentsForRepurchaseOfCommonStock,us-gaap/2019,20191031,0,USD,,,350000000.0,,q1,2020
0001171843-20-001250,OtherInterestAndDividendIncome,us-gaap/2019,20181231,4,USD,,,3094000.0,,q1,2020
0000064040-20-000055,AccountsPayableCurrent,us-gaap/2019,20181231,0,USD,,,211000000.0,,q1,2020
0001193125-20-048303,AmortizationOfAcquisitionCosts,us-gaap/2019,20180630,1,USD,,,1602000.0,,q1,2020
0001273511-20-000040,AdjustmentsForIncreaseDecreaseInPrepaids,0001273511-20-000040,20191130,4,CAD,,,-204840.0,,q1,2020
0001558370-20-001281,AmortizationOfDeferredCharges,us-gaap/2019,20171231,4,USD,,,19298000.0,,q1,2020
0001558370-20-001637,OtherNonoperatingIncomeExpense,us-gaap/2019,20191231,4,USD,ComponentOfOtherNonoperatingIncomeExpense=MiscellaneousOtherNonoperatingIncomeExpense;,,11800000.0,,q1,2020
0001193125-20-014827,ProceedsFromIssuanceOfPrivatePlacement,us-gaap/2019,20170831,0,USD,CounterpartyName=RemainingPurchasers;SubsidiarySaleOfStock=PrivatePlacement;TypeOfArrangement=SecuritiesPurchaseAgreement;,,42500000.0,,q1,2020
0000916457-20-000007,IncomeLossFromEquityMethodInvestments,us-gaap/2019,20191231,4,USD,Geographical=Retail;,,-2000000.0,,q1,2020
0001610520-20-000041,DerivativeFinancialLiabilities,ifrs/2018,20191231,0,USD,Maturity=NotLaterThanOneMonth;,,120900000000.0,,q1,2020
0001292814-20-000888,IntangibleAssetsOtherThanGoodwill,ifrs/2019,20171231,0,BRL,CarryingAmountAccumulatedDepreciationAmortisationAndImpairmentAndGrossCarryingAmount=GrossCarryingAmount;ClassesOfIntangibleAssetsAndGoodwill=ComputerSoftware;,,1144600000.0,,q1,2020
0001564590-20-010784,CommonStockParOrStatedValuePerShare,us-gaap/2019,20181231,0,USD,,,0.001,,q1,2020
0001404912-20-000006,CarriedInterestIncreaseDecrease,0001404912-20-000006,20191231,4,USD,,,2430425000.0,,q1,2020
0000032604-20-000007,CashAndCashEquivalentsAtCarryingValue,us-gaap/2019,20181231,0,USD,,,1248000000.0,,q1,2020
0001477932-20-000541,CashAndCashEquivalentsPeriodIncreaseDecrease,us-gaap/2019,20181231,3,USD,,,-13689.0,,q1,2020
0001033905-20-000015,AccumulatedOtherComprehensiveIncomeLossForeignCurrencyTranslationAdjustmentNetOfTax,us-gaap/2018,20191231,0,USD,,,-253000.0,,q1,2020
0001437749-20-005193,AssetsNoncurrent,us-gaap/2019,20191231,0,USD,,,105616000.0,,q1,2020
0001558370-20-000187,Assets,us-gaap/2018,20181231,0,USD,,,121832429.0,,q1,2020
0000049754-20-000007,StockIssuedDuringPeriodValueTreasuryStockReissued,us-gaap/2019,20191231,4,USD,,,11969000.0,,q1,2020
0001567925-20-000014,StockRedeemedOrCalledDuringPeriodValue,us-gaap/2018,20181231,4,USD,,,43230000.0,,q1,2020
0001178913-20-000959,TreasuryStockValue,us-gaap/2019,20191231,0,USD,,,1898000.0,,q1,2020
0001564590-20-008151,ProvisionForLoanAndLeaseLossesAndAdjustmentsToPriorPeriodEstimates,0001564590-20-008151,20180630,1,USD,,,1870000.0,,q1,2020
0001564590-20-005741,ProceedsFromRepaymentsOfOtherDebt,us-gaap/2019,20181231,4,USD,,,-15338000.0,,q1,2020
0001062993-20-001241,ProceedsFromExerciseOfOptions,ifrs/2019,20191231,4,CAD,,,732598.0,,q1,2020
0001654954-20-002831,ProceedsFromIssuanceOfCommonStock,us-gaap/2019,20190131,3,USD,,,,,q1,2020
0001437749-20-003589,ProceedsFromIssuanceOfLongTermDebt,us-gaap/2019,20191231,4,USD,,,210043000.0,,q1,2020
0000083246-20-000005,PaymentsToAcquireAvailableForSaleSecuritiesDebt,us-gaap/2019,20171231,4,USD,,,9229000000.0,,q1,2020
0000310522-20-000121,PaymentOfCashDividendsOnSeniorPreferredStockToTreasury,0000310522-20-000121,20181231,4,USD,,,9372000000.0,,q1,2020
0001690680-20-000012,PaymentsOfDistributionsToAffiliates,us-gaap/2019,20181231,4,USD,,,0.0,,q1,2020
0001670541-20-000004,PensionAndOtherPostretirementDefinedBenefitPlansLiabilitiesNoncurrent,us-gaap/2019,20190930,0,USD,,,151000000.0,,q1,2020
0001564590-20-008211,OtherComprehensiveIncomeLossNetOfTaxPortionAttributableToParent,us-gaap/2019,20171231,4,USD,,,282000.0,,q1,2020
0001072627-20-000036,OtherInvestments,us-gaap/2018,20180630,0,USD,,,3316000.0,,q1,2020
0001104659-20-024465,PaymentsForBusinessCombinationContingentLiability,0001104659-20-024465,20181231,4,USD,,,151000.0,,q1,2020
0001564590-20-004619,OtherLiabilitiesCurrent,us-gaap/2019,20190630,0,USD,,,1207000.0,,q1,2020
0001493152-20-003980,OtherLiabilitiesNoncurrent,us-gaap/2019,20181231,0,USD,,,9160000.0,,q1,2020
0001085392-20-000003,OperatingIncomeLoss,us-gaap/2019,20171231,4,USD,,,739106000.0,,q1,2020
0001327567-20-000007,OtherAssetsNoncurrent,us-gaap/2018,20200131,0,USD,,,504900000.0,,q1,2020
0001564590-20-000127,OtherAccruedLiabilitiesCurrent,us-gaap/2019,20191130,0,USD,,,677600000.0,,q1,2020
0001745041-20-000003,NetIncomeLoss,us-gaap/2019,20180630,1,USD,,,49800000.0,,q1,2020
0001609253-20-000066,NoncontrollingInterestInNetIncomeLossJointVenturePartnersNonredeemable,us-gaap/2019,20171231,4,USD,,,4000000.0,,q1,2020
0001558370-20-000780,AccruedLiabilitiesCurrent,us-gaap/2019,20181231,0,USD,LegalEntity=HuntsmanInternationalLLC;,HuntsmanInternationalLLC,494000000.0,,q1,2020
0001193125-20-047353,LandAndLandImprovements,us-gaap/2019,20191231,0,USD,RealEstateAndAccumulatedDepreciationDescriptionOfProperty=FazolisBlueSpringsMO;,,789000.0,,q1,2020
0001121404-20-000006,Goodwill,ifrs/2019,20191231,0,EUR,Segments=Pharmaceuticals;,,36565000000.0,,q1,2020
0001437749-20-005178,RevenueFromContractWithCustomerIncludingAssessedTax,us-gaap/2019,20191231,4,USD,ProductOrService=DepositAccount;,,1619000.0,,q1,2020
0001437749-20-001155,RevenueFromContractWithCustomerIncludingAssessedTax,us-gaap/2019,20191130,4,USD,BusinessSegments=AsiaPacific1;,,271585000.0,,q1,2020
0001564590-20-010385,PartnershipLoansOutstanding,0001564590-20-010385,20181231,0,USD,PartnerTypeOfPartnersCapitalAccount=SubordinatedLimitedPartnershipCapital;,,4000000.0,,q1,2020
0001232582-20-000013,PaymentsToAcquireEquityMethodInvestments,us-gaap/2019,20191231,4,USD,ScheduleOfEquityMethodInvestmentEquityMethodInvesteeName=OpenKey;,,647000.0,,q1,2020
0001671013-20-000008,Assets,us-gaap/2018,20181231,0,USD,AdjustmentsForNewAccountingPronouncements=AccountingStandardsUpdate201712;,,0.0,,q1,2020
0001552033-20-000014,RevenueFromContractWithCustomerExcludingAssessedTax,us-gaap/2019,20181231,4,USD,BusinessSegments=UsInformationServices;ProductOrService=EmergingVerticals;,,679600000.0,,q1,2020
0001605484-20-000011,PropertyPlantAndEquipment,ifrs/2018,20191231,0,EUR,ClassesOfAssets=PropertyPlantAndEquipmentNotSubjectToOperatingLeases;,,26987000000.0,,q1,2020
0001104659-20-024324,NotesReceivableRelatedParties,us-gaap/2019,20191231,0,USD,RelatedPartyTransactionsByRelatedParty=TheParkAtChapelHill;,,34819000.0,,q1,2020
0001533758-20-000005,RevenueFromContractWithCustomerExcludingAssessedTax,us-gaap/2019,20171231,4,USD,Geographical=NorthAmerica;,,1239197000.0,,q1,2020
0001564590-20-003711,Revenues,us-gaap/2019,20191231,1,USD,Geographical=Americas;,,243000000.0,,q1,2020
0001075531-20-000011,StockholdersEquity,us-gaap/2019,20161231,0,USD,EquityComponents=AccumulatedNetUnrealizedInvestmentGainLoss;,,177000000.0,,q1,2020
0001270436-20-000003,AdjustmentsRelatedToTaxWithholdingForShareBasedCompensation,us-gaap/2019,20181231,4,USD,EquityComponents=Parent;,,51000.0,,q1,2020
0001174947-20-000248,StockGrantedDuringPeriodValueSharebasedCompensationForfeited,us-gaap/2019,20181231,4,USD,EquityComponents=RetainedEarnings;,,,,q1,2020
0001213900-20-002148,StockIssuedDuringPeriodValueNewIssues,us-gaap/2019,20180930,1,USD,EquityComponents=CommonStock;,,53120735.0,,q1,2020
0001370368-20-000046,ShorttermDebtFairValue,us-gaap/2019,20181231,0,CHF,FairValueByMeasurementBasis=EstimateOfFairValueFairValueDisclosure;,,14352000000.0,,q1,2020
0001687926-20-000002,AdditionalPaidInCapital,us-gaap/2019,20191231,0,USD,,,22770.0,,q1,2020
0000950103-20-006219,AdjustmentsForDepreciationExpense,ifrs/2019,20171231,4,CHF,,,580000.0,,q1,2020
0001561660-20-000027,AccumulatedOtherComprehensiveIncomeLossNetOfTax,us-gaap/2019,20181231,0,USD,,,-52000000.0,,q1,2020
0001564590-20-001558,AssetImpairmentCharges,us-gaap/2019,20191031,4,USD,,,20360000.0,,q1,2020
0000045919-20-000003,AssetsCurrent,us-gaap/2019,20181231,0,USD,,,104992000.0,,q1,2020
0001517413-20-000043,AssetsCurrent,us-gaap/2019,20191231,0,USD,,,249323000.0,,q1,2020
0001649749-20-000069,AmortizationOfIntangibleAssets,us-gaap/2019,20171231,4,USD,BusinessSegments=MortgageSegment;,,0.0,,q1,2020
0001558370-20-001757,StockholdersEquity,us-gaap/2019,20181231,0,USD,EquityComponents=AccumulatedOther;,,-300000.0,,q1,2020
0001564590-20-007421,LoansAndLeasesReceivableAllowance,us-gaap/2019,20181231,0,USD,FinancingReceivablePortfolioSegment=ConstructionAndDevelopmentPortfolioSegment;,,2042000.0,,q1,2020
0001649744-20-000008,Revenues,us-gaap/2019,20190131,4,USD,BusinessSegments=Direct;,,350638000.0,,q1,2020
0001597033-20-000026,CommitmentsAndContingencies,us-gaap/2019,20181231,0,USD,,,,,q1,2020
0001564590-20-006192,CashCashEquivalentsRestrictedCashAndRestrictedCashEquivalentsPeriodIncreaseDecreaseExcludingExchangeRateEffect,us-gaap/2019,20181231,4,USD,,,-24000000.0,,q1,2020
0001047469-20-000583,CommonStockSharesIssued,us-gaap/2018,20181231,0,shares,,,22155271.0,,q1,2020
0001640334-20-000298,CommonStockNoParValue,us-gaap/2019,20191231,0,USD,,,0.001,,q1,2020
0001564590-20-009610,RevenueFromContractWithCustomerExcludingAssessedTax,us-gaap/2019,20171231,4,USD,Geographical=OM;,,163000.0,,q1,2020
0000813762-20-000008,ProceedsFromSaleAndMaturityOfMarketableSecurities,us-gaap/2019,20191231,4,USD,LegalEntity=IcahnEnterprisesHoldings;,IcahnEnterprisesHoldings,3648000000.0,,q1,2020
0000028823-20-000056,AllowanceForDoubtfulAccountsReceivableCurrent,us-gaap/2018,20191231,0,USD,,,42200000.0,,q1,2020
0001564590-20-013794,AdjustmentsToAdditionalPaidInCapitalWarrantIssued,us-gaap/2019,20191231,4,USD,,,161000.0,,q1,2020
0001564590-20-009356,CommonStockSharesIssued,us-gaap/2019,20191231,0,shares,,,29339061.0,,q1,2020
0001437749-20-001187,DeferredRevenueNoncurrent,us-gaap/2019,20181231,0,USD,,,,,q1,2020
0001581990-20-000005,OtherComprehensiveIncomeLossForeignCurrencyTransactionAndTranslationAdjustmentNetOfTax,us-gaap/2019,20181231,4,USD,PartnerCapitalComponents=AccumulatedForeignCurrencyAdjustmentIncludingPortionAttributableToNoncontrollingInterest;,,-305000000.0,,q1,2020
0000912093-20-000004,RevenueFromContractWithCustomerExcludingAssessedTax,us-gaap/2019,20191231,1,USD,Geographical=OtherEMEA;,,70400000.0,,q1,2020
0001140361-20-004386,LoansAndLeasesReceivableNetOfDeferredIncome,us-gaap/2019,20191231,0,USD,FinancingReceivablePortfolioSegment=CommercialRealEstatePortfolioSegment;FinancingReceivableRecordedInvestmentByClassOfFinancingReceivable=CommercialOther;,,389683000.0,,q1,2020
0001564590-20-009393,PartnersCapitalIncludingPortionAttributableToNoncontrollingInterest,us-gaap/2019,20171231,0,USD,LegalEntity=CBLAssociatesLimitedPartnership;PartnerCapitalComponents=PreferredUnits;,,565212000.0,,q1,2020
0001438533-20-000004,ProceedsFromIssuanceOfWarrants,us-gaap/2019,20181231,4,USD,AwardType=Warrant;,,5305000.0,,q1,2020
0000783280-20-000010,GeneralPartnersCapitalAccountUnitsIssued,us-gaap/2018,20191231,0,shares,LegalEntity=DukeRealtyLimitedPartnership;,DukeRealtyLimitedPartnership,367950000.0,,q1,2020
0001562762-20-000049,FinancialAssetsAtFairValueThroughOtherComprehensiveIncome,ifrs/2019,20181231,0,GBP,LevelsOfFairValueHierarchy=Level3OfFairValueHierarchy;Measurement=AtFairValue;,,355000000.0,,q1,2020
0001628280-20-000575,CommonStockParOrStatedValuePerShare,us-gaap/2019,20181231,0,USD,,,0.0001,,q1,2020
0000875357-20-000017,CommunicationsAndInformationTechnology,us-gaap/2019,20191231,4,USD,,,124983000.0,,q1,2020
0001371285-20-000032,CashCashEquivalentsRestrictedCashAndRestrictedCashEquivalentsPeriodIncreaseDecreaseIncludingExchangeRateEffect,us-gaap/2018,20181231,4,USD,,,1646000.0,,q1,2020
0001047469-20-000960,CashAndCashEquivalents,ifrs/2019,20161231,0,EUR,,,708882000.0,,q1,2020
0001610618-20-000011,AdjustmentsToAdditionalPaidInCapitalShareBasedCompensationStockOptionsRequisiteServicePeriodRecognition,us-gaap/2019,20191231,4,USD,EquityComponents=AdditionalPaidInCapital;,,5073000.0,,q1,2020
0001520138-20-000034,CumulativeEffectsOfNewAccountingPrincipleInPeriodOfAdoption,0001520138-20-000034,20191130,1,USD,EquityComponents=AdditionalPaidInCapital;,,,,q1,2020
0001564590-20-005792,InterestOnlySecurityPayableAtFairValue,0001564590-20-005792,20181231,0,USD,FairValueByFairValueHierarchyLevel=FairValueInputsLevel3;FairValueByMeasurementFrequency=FairValueMeasurementsRecurring;,,36011000.0,,q1,2020
0001057877-20-000040,IncomeLossFromContinuingOperationsBeforeIncomeTaxesExtraordinaryItemsNoncontrollingInterest,us-gaap/2019,20181231,4,USD,BusinessSegments=AllOtherSegments;,,4263000.0,,q1,2020
0001193125-20-056321,WeightedAverageNumberOfShareOutstandingBasicAndDiluted,us-gaap/2019,20181231,4,shares,,,18100455.0,,q1,2020
0001437749-20-005304,SaleOfFutureRoyaltiesLiabilityNoncurrent,0001437749-20-005304,20191231,0,USD,,,91683000.0,,q1,2020
0000891478-20-000017,RevaluationSurplus,ifrs/2018,20191231,0,EUR,,,0.0,,q1,2020
0000717588-20-000006,Revenues,us-gaap/2019,20160331,1,USD,,,,,q1,2020
0001564590-20-003773,PaymentsToAcquireMarketableSecurities,us-gaap/2019,20181231,4,USD,,,545962000.0,,q1,2020
0001393612-20-000009,ProceedsFromMaturitiesPrepaymentsAndCallsOfShorttermInvestments,us-gaap/2019,20191231,4,USD,,,1000000000.0,,q1,2020
0001275477-20-000048,ProceedsFromMaturitiesPrepaymentsAndCallsOfMortgageBackedSecuritiesCategorizedAsTrading,0001275477-20-000048,20181231,4,USD,,,23470494.0,,q1,2020
0001584952-20-000005,PreferredStockValue,us-gaap/2019,20191231,0,USD,,,0.0,,q1,2020
0000028412-20-000034,PaymentsForProceedsFromOtherInvestingActivities,us-gaap/2019,20181231,4,USD,,,2000000.0,,q1,2020
0001095651-20-000012,OtherOperatingActivitiesCashFlowStatement,us-gaap/2019,20191231,4,USD,,,13642000.0,,q1,2020
0001219601-20-000006,PaymentsOfDividendsMinorityInterest,us-gaap/2019,20191231,4,USD,,,101000000.0,,q1,2020
0001587523-20-000006,PaymentsRelatedToTaxWithholdingForShareBasedCompensation,us-gaap/2019,20191231,4,USD,,,6400000.0,,q1,2020
0001770450-20-000012,LiabilitiesAndStockholdersEquity,us-gaap/2019,20181231,0,USD,,,14874000000.0,,q1,2020
0001402829-20-000007,Goodwill,us-gaap/2019,20181231,0,USD,,,0.0,,q1,2020
0001008886-20-000028,LaborAndRelatedExpense,us-gaap/2019,20181231,4,USD,,,304447000.0,,q1,2020
0001585364-20-000013,PaymentsToAcquireProductiveAssets,us-gaap/2019,20191231,4,USD,,,149100000.0,,q1,2020
0000887921-20-000006,PensionAndOtherPostretirementBenefitContributions,us-gaap/2019,20191231,4,USD,,,12100000.0,,q1,2020
0001437749-20-001555,PreferredStockValue,us-gaap/2019,20191231,0,USD,,,,,q1,2020
0001579252-20-000011,OtherComprehensiveIncomeLossPensionAndOtherPostretirementBenefitPlansAdjustmentNetOfTax,us-gaap/2019,20181231,4,USD,,,177000.0,,q1,2020
0001437749-20-006222,OtherLiabilitiesNoncurrent,us-gaap/2019,20191130,0,USD,,,242190000.0,,q1,2020
0000915779-20-000009,OtherNonoperatingIncomeExpense,us-gaap/2018,20190131,1,USD,,,-203000.0,,q1,2020
0001654954-20-003266,OtherNonoperatingIncomeExpense,us-gaap/2019,20191231,4,USD,,,-38000.0,,q1,2020
0001617669-20-000008,OperatingIncomeLoss,us-gaap/2019,20180331,1,USD,,,2671000.0,,q1,2020
0001681459-20-000004,OtherComprehensiveIncomeDefinedBenefitPlanNetPriorServiceCostsCreditArisingDuringPeriodNetOfTax,us-gaap/2019,20191231,4,USD,,,700000.0,,q1,2020
0000008868-20-000009,OtherComprehensiveIncomeLossCashFlowHedgeGainLossAfterReclassificationAndTax,us-gaap/2019,20181231,4,USD,,,500000.0,,q1,2020
0001213900-20-006791,OtherAssetsNoncurrent,us-gaap/2019,20190331,0,USD,,,27000.0,,q1,2020
0001213900-20-002827,NetCashProvidedByUsedInFinancingActivities,us-gaap/2019,20180930,3,USD,,,25000.0,,q1,2020
0001193125-20-055512,NetCashProvidedByUsedInInvestingActivities,us-gaap/2019,20191231,4,USD,,,-94725000.0,,q1,2020
0001564590-20-005874,LiabilityForUnpaidClaimsAndClaimAdjustmentExpenseRetroactiveReinsuranceContracts,0001564590-20-005874,20161231,0,USD,,,24972000000.0,,q1,2020
0001610520-20-000041,MoneyMarketPaperInOtherFinancialAssetsMeasuredAtAmortizedCost,0001610520-20-000041,20191231,0,USD,,,351000000.0,,q1,2020
0001213900-20-000885,IndefiniteLivedIntangibleAssetsExcludingInProcessResearchAndDevelopmentIntellectualPropertyAndGoodwill,0001213900-20-000885,20190930,0,USD,,,1300000.0,,q1,2020
0001471265-20-000016,InterestIncomeExpenseNet,us-gaap/2019,20180630,1,USD,,,84226000.0,,q1,2020
0000714310-20-000066,IncreaseDecreaseInAccruedInterestReceivableNet,us-gaap/2019,20181231,4,USD,,,9183000.0,,q1,2020
0000890564-20-000007,IncreaseDecreaseInAccruedSalaries,us-gaap/2019,20181231,4,USD,,,25400000.0,,q1,2020
0001564590-20-005593,IncreaseDecreaseInReceivables,us-gaap/2019,20191231,4,USD,,,28357000.0,,q1,2020
0001437749-20-001888,IncreaseDecreaseInAccountsPayable,us-gaap/2019,20191130,4,USD,,,403251.0,,q1,2020
0001213900-20-007957,FinanceLeasePrincipalPayments,us-gaap/2019,20191231,4,USD,,,31188.0,,q1,2020
0000059527-20-000007,GrossProfit,us-gaap/2018,20171231,4,USD,,,875107000.0,,q1,2020
0000736772-20-000011,GainLossonVisaClassBShares,0000736772-20-000011,20191231,4,USD,,,463000.0,,q1,2020
0000876523-20-000011,RevenueFromContractWithCustomerExcludingAssessedTax,us-gaap/2019,20191231,1,USD,BusinessSegments=LatinAmericanPawnSegment;ConsolidationItems=OperatingSegments;ProductOrService=JewelryScrapping;,,3411000.0,,q1,2020
0001336917-20-000010,AssetImpairmentCharges,us-gaap/2019,20170930,1,USD,BusinessSegments=ConnectedFitness;RestructuringPlan=RestructuringPlan2017;,,12100000.0,,q1,2020
0001258602-20-000019,AssetImpairmentCharges,us-gaap/2019,20191231,4,USD,BusinessSegments=LoanServicingAndSystemsSegment;PropertyPlantAndEquipmentByType=ComputerEquipmentAndSoftware;,,3900000.0,,q1,2020
0000029905-20-000011,DividendsCommonStockCash,us-gaap/2019,20171231,4,USD,,,283959000.0,,q1,2020
0001096343-20-000039,EarningsPerShareDiluted,us-gaap/2019,20191231,1,USD,,,36.26,,q1,2020
0001558370-20-002138,CommonStockSharesIssued,us-gaap/2019,20191231,0,shares,SubsidiarySaleOfStock=OverAllotmentOption;,,3000000.0,,q1,2020
0000072903-20-000011,RegulatoryLiabilityCurrent,us-gaap/2019,20191231,0,USD,RegulatoryLiability=RenewableResourcesAndEnvironmentalInitiatives;,,0.0,,q1,2020
0000073124-20-000101,StockholdersEquity,us-gaap/2019,20191231,0,USD,ClassOfStock=SeriesCPreferredStock;,,388500000.0,,q1,2020
0000950103-20-004861,OtherIntangibleAssets,ifrs/2019,20181231,0,BRL,AccumulatedAmortizationAxis=AccumulatedAmortizationMember;ClassesOfIntangibleAssetsOtherThanGoodwill=OtherIntangibleAssets;,,-311950000.0,,q1,2020
0001628280-20-003613,RevenueFromContractWithCustomerExcludingAssessedTax,us-gaap/2019,20181231,4,USD,BusinessSegments=LifeSciences;ConsolidationItems=OperatingSegments;Geographical=DE;,,19870000.0,,q1,2020
0001628280-20-002301,CommonStockSharesAuthorized,us-gaap/2019,20191231,0,shares,,,100000000.0,,q1,2020
0001524223-20-000015,DeferredTaxAssetsNetNoncurrent,us-gaap/2018,20181231,0,USD,,,20795000.0,,q1,2020
0001303313-20-000007,CommonStockSharesOutstanding,us-gaap/2019,20191231,0,shares,,,30992390.0,,q1,2020
0000096021-20-000017,IncomeTaxExpenseBenefit,us-gaap/2019,20181231,2,USD,ConsolidatedEntities=ParentCompany;ConsolidationItems=ReportableLegalEntities;,,-166645000.0,,q1,2020
0001558370-20-000041,OtherComprehensiveIncomeLossNetOfTaxPortionAttributableToParent,us-gaap/2019,20181130,3,USD,ConsolidatedEntities=ParentCompany;ConsolidationItems=ReportableLegalEntities;,,1092000.0,,q1,2020
0001039684-20-000012,ProceedsFromIssuanceOfLongTermDebt,us-gaap/2019,20191231,4,USD,ConsolidatedEntities=ParentCompany;ConsolidationItems=ReportableLegalEntities;,,4185400000.0,,q1,2020
0001022321-20-000026,NetIncomeLoss,us-gaap/2019,20191231,4,USD,ConsolidatedEntities=GuarantorSubsidiaries;ConsolidationItems=ReportableLegalEntities;,,327441000.0,,q1,2020
0001635881-20-000012,LiabilitiesOfDisposalGroupIncludingDiscontinuedOperationNoncurrent,us-gaap/2019,20181231,0,USD,ConsolidatedEntities=GuarantorSubsidiaries;ConsolidationItems=ReportableLegalEntities;,,0.0,,q1,2020
0001213900-20-004776,ProfitLoss,ifrs/2019,20181231,4,USD,ComponentsOfEquity=IssuedCapital;,,,,q1,2020
0001558370-20-003346,TemporaryEquityParOrStatedValuePerShare,us-gaap/2019,20181231,0,USD,ClassOfStock=SeriesBRedeemableConvertiblePreferredStock;ConversionOfStockByUniqueDescription=ConvertiblePreferredStock;,,1.16,,q1,2020
0001530950-20-000060,Revenues,us-gaap/2019,20191231,1,USD,ConsolidationItems=IntersegmentElimination;ProductOrService=ProductEliminations;,,-300000.0,,q1,2020
0000930413-20-000534,LoansAndAdvancesToCustomers,ifrs/2019,20191231,0,GBP,LoanStage=PurchasedOrOriginatedCreditimpaired;RiskExposures=GrossUndrawnExposures;Segments=Retail;,,79000000.0,,q1,2020
0000045919-20-000003,OtherComprehensiveIncomeLossNetOfTaxPortionAttributableToParent,us-gaap/2019,20181231,4,USD,EquityComponents=AccumulatedTranslationAdjustment;,,-1014000.0,,q1,2020
0001079973-20-000216,NetIncomeLossAttributableToNoncontrollingInterest,us-gaap/2019,20191231,4,USD,EquityComponents=Parent;,,,,q1,2020
0001534504-20-000030,OtherComprehensiveIncomeLossNetOfTax,us-gaap/2018,20181231,4,USD,EquityComponents=Parent;,,3000000.0,,q1,2020
0000004281-20-000038,OtherComprehensiveIncomeLossAvailableForSaleSecuritiesAdjustmentNetOfTax,us-gaap/2019,20181231,4,USD,EquityComponents=Parent;,,-1000000.0,,q1,2020
0001651094-20-000010,RevenueFromContractWithCustomerExcludingAssessedTax,us-gaap/2019,20181231,4,USD,Geographical=US;,,663717000.0,,q1,2020
0001564590-20-005507,StockIssuedDuringPeriodValueStockOptionsExercised,us-gaap/2019,20181231,4,USD,EquityComponents=CommonStock;,,18755000.0,,q1,2020
0001130713-20-000014,AdjustmentsToAdditionalPaidInCapitalOther,us-gaap/2019,20191231,4,USD,EquityComponents=NoncontrollingInterest;,,-3310000.0,,q1,2020
0000315849-20-000013,AdjustmentsToAdditionalPaidInCapitalOther,us-gaap/2019,20191231,4,USD,EquityComponents=RetainedEarnings;,,,,q1,2020
0000751364-20-000021,StockholdersEquityIncludingPortionAttributableToNoncontrollingInterest,us-gaap/2019,20171231,0,USD,EquityComponents=CommonStock;,,1537000.0,,q1,2020
0000097134-20-000008,StockholdersEquityIncludingPortionAttributableToNoncontrollingInterest,us-gaap/2019,20191231,0,USD,EquityComponents=CommonStock;,,6900000.0,,q1,2020
0001437749-20-003599,NetIncomeLoss,us-gaap/2019,20191231,4,USD,EquityComponents=AccumulatedOtherComprehensiveIncome;,,,,q1,2020
0001564590-20-002450,OtherComprehensiveIncomeLossNetOfTaxPortionAttributableToParent,us-gaap/2019,20191231,1,USD,EquityComponents=AccumulatedOtherComprehensiveIncome;,,-194000000.0,,q1,2020
0001096906-20-000040,StockholdersEquity,us-gaap/2019,20191031,0,USD,EquityComponents=AdditionalPaidInCapital;,,17958165.0,,q1,2020
0001561660-20-000027,StockholdersEquityOther,us-gaap/2019,20191231,4,USD,EquityComponents=AdditionalPaidInCapital;,,-3000000.0,,q1,2020
0001562528-20-000007,AdditionalPaidInCapital,us-gaap/2019,20181231,0,USD,,,827558000.0,,q1,2020
0001683168-20-000514,AccountsPayableAndOtherAccruedLiabilities,us-gaap/2019,20191231,0,USD,,,1423000.0,,q1,2020
0000352736-20-000002,AdditionalPaidInCapitalCommonStock,us-gaap/2019,20181231,0,USD,,,2024000000.0,,q1,2020
0001618755-20-000004,StockholdersEquityIncludingPortionAttributableToNoncontrollingInterest,us-gaap/2019,20161231,0,USD,ClassOfStock=PartnershipsWithExchangeableUnits;,,1477000000.0,,q1,2020
0001542447-20-000017,CommonStockSharesIssued,us-gaap/2019,20191231,0,shares,ClassOfStock=CommonClassD;,,176101.0,,q1,2020
0001326160-20-000034,IncreaseDecreaseInOtherOperatingAssets,us-gaap/2019,20171231,4,USD,LegalEntity=DukeEnergyIndiana;,DukeEnergyIndiana,28000000.0,,q1,2020
0000798949-20-000010,AccumulatedDepreciationDepletionAndAmortizationPropertyPlantAndEquipment,us-gaap/2018,20191231,0,USD,ConsolidatedEntities=GuarantorSubsidiaries;,,6537731000.0,,q1,2020
0001062993-20-000544,IncomeLossFromEquityMethodInvestments,us-gaap/2019,20181231,2,USD,,,184000.0,,q1,2020
0001214659-20-002836,DisposalGroupNotDiscontinuedOperationGainLossOnDisposal,us-gaap/2019,20191231,4,USD,,,,,q1,2020
0001000753-20-000013,Depositsandprepaidhealthinsurance,0001000753-20-000013,20181231,0,USD,,,181674000.0,,q1,2020
0001564590-20-007826,IncreaseDecreaseInPrepaidExpensesOther,us-gaap/2019,20171231,4,USD,AdjustmentsForNewAccountingPronouncements=AccountingStandardsUpdate201409;InitialApplicationPeriodCumulativeEffectTransition=CalculatedUnderRevenueGuidanceInEffectBeforeTopic606;,,9599000.0,,q1,2020
0001193125-20-056695,DeferredTaxAssetsNetNoncurrent,us-gaap/2019,20191130,0,USD,,,9079994.0,,q1,2020
0001564590-20-006390,EarningsPerShareBasic,us-gaap/2019,20190930,1,USD,,,-0.01,,q1,2020
0001628280-20-001686,DeferredIncomeTaxesAndTaxCredits,us-gaap/2019,20190930,1,USD,,,5000.0,,q1,2020
0000049826-20-000020,StockholdersEquityIncludingPortionAttributableToNoncontrollingInterest,us-gaap/2019,20181231,0,USD,EquityComponents=TreasuryStockCommon;,,-17545000000.0,,q1,2020
0001628280-20-002411,StockIssuedDuringPeriodSharesAcquisitions,us-gaap/2019,20171231,4,shares,BusinessAcquisition=OKSBMerger;,,14488604.0,,q1,2020
0001193125-20-078974,ProfitLoss,ifrs/2019,20191231,4,SEK,CategoriesOfRelatedParties=JointVenturesAndAssociatedCompanies;,,-340000000.0,,q1,2020
0000860731-20-000008,CostOfGoodsAndServicesSold,us-gaap/2019,20191231,4,USD,ProductOrService=AppraisalServices;,,15337000.0,,q1,2020
0001193125-20-086305,LimitedPartnersCapitalAccountUnitsOutstanding,us-gaap/2019,20181231,0,shares,CapitalUnitsByClass=CapitalUnitClassA;,,119266.5507,,q1,2020
0000935036-20-000009,CapitalizedComputerSoftwareNet,us-gaap/2019,20181231,0,USD,FiniteLivedIntangibleAssetsByMajorClass=SoftwareMarketedForExternalSale;,,27542000.0,,q1,2020
0001493152-20-002733,OtherComprehensiveIncomeLossNetOfTaxPortionAttributableToParent,us-gaap/2019,20191231,1,USD,EquityComponents=CommonStockToBeIssued;,,,,q1,2020
0001628280-20-001590,Revenues,us-gaap/2019,20171231,4,USD,BusinessSegments=Webpresence;,,641993000.0,,q1,2020
0000814052-20-000023,IncreaseDecreaseThroughUndatedDeeplySubordinatedSecurities,0000814052-20-000023,20191231,4,EUR,ComponentsOfEquity=EquityAttributableToOwnersOfParent;,,491000000.0,,q1,2020
0001453015-20-000010,RevenueFromContractsWithCustomers,ifrs/2019,20191231,4,USD,GeographicalAreas=BE;,,5408000.0,,q1,2020
0000927089-20-000206,NoninterestExpense,us-gaap/2019,20191231,4,USD,ConsolidatedEntities=ParentCompany;,,800000.0,,q1,2020
0001071236-20-000018,RepaymentsOfSubordinatedDebt,us-gaap/2019,20191231,4,USD,ConsolidatedEntities=ParentCompany;,,11341000.0,,q1,2020
0001104659-20-010948,CostOfRevenue,us-gaap/2019,20191231,1,USD,ConsolidatedEntities=NonGuarantorSubsidiaries;ConsolidationItems=ReportableLegalEntities;,,1389600000.0,,q1,2020
0000074208-20-000031,RealEstateTaxesAndInsurance,us-gaap/2019,20171231,4,USD,LegalEntity=UnitedDominionRealityLP;,UnitedDominionRealityLP,45043000.0,,q1,2020
0001564590-20-005569,CommonStockValue,us-gaap/2019,20191231,0,USD,LongtermDebtType=JuniorSubordinatedDebt;VariableInterestEntitiesByClassificationOfEntity=VariableInterestEntityNotPrimaryBeneficiaryAggregatedDisclosure;,,1900000.0,,q1,2020
0001213900-20-007917,InvestmentOwnedPercentOfNetAssets,us-gaap/2019,20181231,0,pure,ConsolidatedEntities=SeriesOfFrontierFunds;FinancialInstrument=VariousAgricultureMetalsFuturesContractsUs;InvestmentType=ShortFuturesContracts;LegalEntity=SelectFund;,,0.0,,q1,2020
0001047469-20-000737,AmortizationOfFinancingCosts,us-gaap/2019,20180930,3,USD,DebtInstrument=InitialCentreLaneTermFacility;,,1475000.0,,q1,2020
0001564590-20-011795,DeferredFinanceCostsNet,us-gaap/2019,20191231,0,USD,LineOfCreditFacility=CitigroupGlobalMarketsRealtyCorp;RealEstateProperties=DelawareStatutoryTrustProperty;,,303146.0,,q1,2020
0001628280-20-001557,StockholdersEquityIncludingPortionAttributableToNoncontrollingInterest,us-gaap/2019,20191231,0,USD,EquityComponents=AccumulatedGainLossNetCashFlowHedgeParent;,,-500000.0,,q1,2020
0000936340-20-000127,AllowanceForDoubtfulAccountsReceivableCurrent,us-gaap/2019,20171231,0,USD,LegalEntity=DTEElectric;ValuationAllowancesAndReservesType=AllowanceForCreditLoss;,,31000000.0,,q1,2020
0001104659-20-025681,Revenue,ifrs/2019,20191231,4,EUR,GeographicalAreas=EuropeMiddleEastAndAfrica;SegmentConsolidationItems=OperatingSegments;Segments=IntelligentSpendGroup;,,612000000.0,,q1,2020
0001022321-20-000026,CostOfGoodsAndServicesSold,us-gaap/2019,20181231,4,USD,BusinessSegments=OnshoreFacilitiesandTransportation;ConsolidatedEntities=GuarantorSubsidiaries;ConsolidationItems=ReportableLegalEntities;,,1125528000.0,,q1,2020
0001493152-20-000146,CostOfSales,ifrs/2018,20190131,4,NZD,SegmentConsolidationItems=NewZealandWholesale;Segments=OperatingSegment;,,6372000.0,,q1,2020
0001002517-20-000018,MembersEquity,us-gaap/2019,20190930,0,USD,,,2173150000.0,,q1,2020
0001104659-20-032562,NonoperatingIncomeExpense,us-gaap/2019,20191231,4,USD,,,4386528.0,,q1,2020
0001564590-20-013397,NetIncomeLoss,us-gaap/2019,20180331,1,USD,,,222000.0,,q1,2020
0001098151-20-000008,NetIncomeLoss,us-gaap/2019,20191231,1,USD,,,2714000.0,,q1,2020
0000899866-20-000012,LongTermDebtNoncurrent,us-gaap/2018,20191231,0,USD,,,2375000000.0,,q1,2020
0001029744-20-000014,LongTermDebtNoncurrent,us-gaap/2018,20190930,0,USD,,,5429000.0,,q1,2020
0001564590-20-008195,IncreaseDecreaseInAccountsPayable,us-gaap/2019,20171231,4,USD,,,5157000.0,,q1,2020
0000720858-20-000009,InsuranceCommissions,us-gaap/2019,20171231,4,USD,,,68643000.0,,q1,2020
0001261654-20-000010,IncreaseDecreaseInDeferredRevenue,us-gaap/2018,20181231,1,USD,,,3138000.0,,q1,2020
0001104659-20-033098,GeneralAndAdministrativeExpense,us-gaap/2019,20180930,1,USD,,,2813000.0,,q1,2020
0001466538-20-000026,GainLossonExtinguishmentofDebtCashPortion,0001466538-20-000026,20191231,4,USD,,,0.0,,q1,2020
0001564590-20-006373,GrossProfit,us-gaap/2019,20180630,1,USD,,,53928000.0,,q1,2020
0001111711-20-000013,IncomeLossFromContinuingOperationsBeforeIncomeTaxesDomestic,us-gaap/2019,20191231,4,USD,,,506600000.0,,q1,2020
0000717423-20-000008,IncomeLossFromDiscontinuedOperationsNetOfTaxPerBasicShare,us-gaap/2018,20191231,4,USD,,,6.49,,q1,2020
0000058492-20-000002,IncomeTaxExpenseBenefit,us-gaap/2019,20171231,4,USD,,,138400000.0,,q1,2020
0000930413-20-000534,GainsLossesOnFinancialAssetsMeasuredAtFairValueThroughOtherComprehensiveIncomeNetOfTax,ifrs/2019,20181231,4,GBP,CategoriesOfFinancialAssets=EquityShares;ReservesWithinEquity=ReserveOfGainsAndLossesOnFinancialAssetsMeasuredAtFairValueThroughOtherComprehensiveIncome;,,-97000000.0,,q1,2020
0001558370-20-002390,InvestmentOwnedUnrealizedGainLossOnOpenContractsNet,0001558370-20-002390,20181231,0,USD,ClassOfStock=LegacyTwoClass;InvestmentByTertiaryType=Energy;Investments=OpenLongContracts;InvestmentSecondaryCategorization=USFuturesPositions;InvestmentType=FuturesContracts;,,-119.0,,q1,2020
0001437749-20-001900,EmployeeRelatedLiabilitiesCurrent,us-gaap/2019,20191231,0,USD,,,402000.0,,q1,2020
0001525221-20-000006,PaymentsOnLongTermDebtAndCapitalLeaseObligations,0001525221-20-000006,20191231,4,USD,ConsolidatedEntities=ParentCompany;ConsolidationItems=ReportableLegalEntities;,,0.0,,q1,2020
0001104659-20-033991,Revenues,us-gaap/2019,20190630,1,USD,LegalEntity=UnitedStates3xOilFund;,UnitedStates3xOilFund,-806891.0,,q1,2020
0001267425-20-000002,NetIncomeLossPerOutstandingLimitedPartnershipUnitBasicNetOfTax,us-gaap/2019,20181231,3,USD,AuctionMarketPreferredSecuritiesStockSeries=SeriesFortyEight;,,-0.06,,q1,2020
0001047469-20-001296,Assets,ifrs/2019,20181231,0,USD,ClassesOfAssets=ShortTermInvestmentsCanadianGovernment;LevelsOfFairValueHierarchy=Level1OfFairValueHierarchy;Measurement=RecurringFairValueMeasurement;,,198900000.0,,q1,2020
0000822416-20-000007,CostOfRevenue,us-gaap/2019,20181231,1,USD,ProductOrService=TotalHomebuilding;,,2319473000.0,,q1,2020
0001072627-20-000036,LimitedLiabilityCompanyLlcMembersEquityIncludingPortionAttributableToNoncontrollingInterest,us-gaap/2018,20180630,0,USD,ErrorCorrectionsAndPriorPeriodAdjustmentsRestatementByRestatementPeriodAndAmount=AdjustmentsforErrorCorrection2;,,890000.0,,q1,2020
0000773840-20-000009,EarningsPerShareBasic,us-gaap/2019,20181231,1,USD,,,2.34,,q1,2020
0001445866-20-000147,EarningsPerShareBasicAndDiluted,us-gaap/2019,20181231,1,USD,,,0.0,,q1,2020
0001710366-20-000006,AccountsReceivableNetCurrent,us-gaap/2019,20181231,0,USD,ConsolidatedEntities=ParentCompany;ConsolidationItems=ReportableLegalEntities;,,0.0,,q1,2020
0001564590-20-011408,RevenueFromContractWithCustomerExcludingAssessedTax,us-gaap/2019,20191231,4,USD,BusinessSegments=PrintSystems;,,836000000.0,,q1,2020
0001468091-20-000011,EquityAttributableToOwnersOfParent,ifrs/2019,20181231,0,USD,SignificantInvestmentsInSubsidiaries=LlcSkyMobile;,,45000000.0,,q1,2020
0001292814-20-000888,EquityAndLiabilities,ifrs/2019,20191231,0,BRL,SegmentConsolidationItems=EliminationOfIntersegmentAmounts;Segments=SouthLatinAmericaSegment;,,,,q1,2020
0001193125-20-077067,IncomeArisingFromInsuranceContracts,ifrs/2019,20181231,4,EUR,TypesOfInsuranceContracts=GeneralInsuranceContracts;,,367000000.0,,q1,2020
0000066756-20-000016,RegulatoryLiabilityNoncurrent,us-gaap/2019,20181231,0,USD,RegulatoryLiability=ConservationImprovementProgram;,,1500000.0,"The conservation improvement program regulatory liability represents CIP expenditures, any financial incentive earned for cost-effective program achievements and a carrying charge deferred for future refund over the next year following MPUC approval.",q1,2020
0001564590-20-003773,InventoryNet,us-gaap/2019,20181231,0,USD,,,10864000.0,,q1,2020
0001193125-20-088937,IncreasesDecreasesInDeferredRentAndLeaseIncentiveLiability,0001193125-20-088937,20190131,4,USD,,,24929000.0,,q1,2020
0001193125-20-072607,IncreaseDecreaseInTimeDeposits,us-gaap/2019,20171231,4,USD,,,147002000.0,,q1,2020
0000310522-20-000121,InterestIncomeFederalFundsSoldAndSecuritiesPurchasedUnderAgreementsToResell,us-gaap/2019,20190630,1,USD,,,257000000.0,,q1,2020
0001564590-20-004667,IncomeLossFromContinuingOperationsBeforeIncomeTaxesExtraordinaryItemsNoncontrollingInterest,us-gaap/2019,20171231,4,USD,,,-318338000.0,,q1,2020
0001558370-20-001895,IncomeLossFromContinuingOperationsPerBasicShare,us-gaap/2019,20180331,1,USD,,,-0.48,,q1,2020
0000025232-20-000004,IncreaseDecreaseInOtherOperatingAssets,us-gaap/2019,20181231,4,USD,,,6049000.0,,q1,2020
0001558370-20-003143,IncreaseDecreaseInOtherOperatingAssets,us-gaap/2019,20171231,4,USD,,,1693000.0,,q1,2020
0000067215-20-000012,GainsLossesOnExtinguishmentOfDebt,us-gaap/2018,20200131,4,USD,,,-76000.0,,q1,2020
0000842180-20-000006,FeeAndCommissionIncome,ifrs/2019,20191231,4,EUR,,,7522000000.0,,q1,2020
0000700565-20-000003,GainLossOnDispositionOfAssets,us-gaap/2018,20191231,4,USD,,,1504000.0,,q1,2020
0001047469-20-001809,GeneralAndAdministrativeExpense,us-gaap/2019,20181231,4,USD,,,19269000.0,,q1,2020
0001363829-20-000039,OtherLiabilities,us-gaap/2019,20180430,0,USD,BusinessAcquisition=KaylaReHoldingsLtd;NonrecurringAdjustment=FairValueAdjustments;,,0.0,,q1,2020
0001564590-20-005593,IncomeTaxesPaid,us-gaap/2019,20171231,4,USD,ConsolidatedEntities=LamarMediaCorporationAndSubsidiaries;,,12640000.0,,q1,2020
0001628280-20-002318,PreferredStockDividendRatePercentage,us-gaap/2019,20181231,4,pure,EquityComponents=PreferredStock;LegalEntity=ESHHospitalityInc.;,,0.125,,q1,2020
0000931336-20-000006,EarningsPerShareBasic,us-gaap/2019,20190331,1,USD,,,-0.67,,q1,2020
0001564590-20-004233,EarningsPerShareBasicAndDiluted,us-gaap/2019,20191231,2,USD,,,-0.87,,q1,2020
0001558370-20-001994,CurrentAccruedExpensesAndOtherCurrentLiabilities,ifrs/2019,20181231,0,USD,,,7057000.0,,q1,2020
0001564590-20-012223,DeferredTaxLiabilitiesNoncurrent,us-gaap/2019,20190131,0,USD,,,58670000.0,,q1,2020
0001136893-20-000032,DeferredIncomeTaxExpenseBenefit,us-gaap/2019,20181231,4,USD,,,-116000000.0,,q1,2020
0000039263-20-000010,PreferredStockDividendsAndOtherAdjustments,us-gaap/2019,20171231,4,USD,BusinessSegments=Banking;,,0.0,,q1,2020
0001592386-20-000003,FiniteLivedIntangibleAssetsNet,us-gaap/2019,20181231,0,USD,FiniteLivedIntangibleAssetsByMajorClass=OffMarketFavorableLease;,,4671000.0,,q1,2020
0001685040-20-000007,RetainedEarningsAccumulatedDeficit,us-gaap/2019,20181231,0,USD,ConsolidatedEntities=ParentCompany;,,1346000000.0,,q1,2020
0000866609-20-000017,AccruedRoyaltiesCurrent,us-gaap/2019,20181231,0,USD,ConsolidatedEntities=NonGuarantorSubsidiaries;ConsolidationItems=ReportableLegalEntities;,,216000.0,,q1,2020
0001581068-20-000008,EarningsPerShareBasic,us-gaap/2019,20181231,4,USD,ConsolidatedEntities=Subsidiaries;,,1.21,,q1,2020
0000021175-20-000017,DeferredPolicyAcquisitionCosts,us-gaap/2019,20191231,0,USD,BusinessSegments=LifeAndGroupNonCore;ConsolidationItems=OperatingSegments;,,0.0,,q1,2020
0001090061-20-000007,CommonStockValue,us-gaap/2018,20181130,0,USD,,,4800000.0,,q1,2020
0001293971-20-000007,CommonStockSharesOutstanding,us-gaap/2019,20191231,0,shares,,,55368000.0,,q1,2020
0001137774-20-000065,DebtCurrent,us-gaap/2019,20191231,0,USD,,,1933000000.0,,q1,2020
0001062993-20-001257,IncreaseDecreaseThroughExerciseOfOptions,ifrs/2018,20191231,4,USD,ComponentsOfEquity=AdditionalPaidinCapital;,,-7000.0,,q1,2020
0001193125-20-047343,Deposits,0001193125-20-047343,20200131,0,CAD,Measurement=AtFairValue;,,766067000000.0,,q1,2020
0001047469-20-001296,NetEarnedPremium,ifrs/2019,20181231,4,USD,GeographicalAreas=AustraliaAfricaEuropeAndSouthAmerica;SegmentConsolidationItems=ReportableSegments;Segments=RunoffReportableSegment;,,398300000.0,,q1,2020
0001437749-20-004600,InterestPayableCurrentAndNoncurrent,us-gaap/2019,20191231,0,USD,DebtInstrument=Debentures;,,16000.0,,q1,2020
0001712184-20-000027,RevenueFromContractWithCustomerIncludingAssessedTax,us-gaap/2019,20171231,4,USD,BusinessSegments=VTR.comSpAVTR;ConsolidationItems=OperatingSegments;ProductOrService=CableSubscription;,,841300000.0,,q1,2020
0000915913-20-000040,Goodwill,us-gaap/2019,20171231,0,USD,BusinessSegments=BromineSpecialties;ConsolidationItems=OperatingSegments;,,20319000.0,,q1,2020
0001628280-20-002583,IntangibleAssetsOtherThanGoodwill,ifrs/2019,20191231,0,USD,IndividualAssetsOrCashgeneratingUnitsWithSignificantAmountOfGoodwillOrIntangibleAssetsWithIndefiniteUsefulLives=NorthAmericanRailOperation;,,1992000000.0,,q1,2020
0001390478-20-000007,DividendArisingFromWarrantModifications,0001390478-20-000007,20181231,4,USD,,,0.0,,q1,2020
0001292814-20-000888,DistributionCosts,ifrs/2019,20181231,4,BRL,RetrospectiveApplicationAndRetrospectiveRestatement=IncreaseDecreaseDueToChangesInAccountingPolicyRequiredByIFRSs;,,-129300000.0,,q1,2020
0001628280-20-002447,CostOfRevenue,us-gaap/2019,20190930,3,USD,ConsolidatedEntities=GuarantorSubsidiaries;ConsolidationItems=ReportableLegalEntities;,,149312000.0,,q1,2020
0001193125-20-087676,IntangibleAssetsOtherThanGoodwill,ifrs/2019,20181231,0,JPY,BusinessCombinations=LineTv;ClassesOfIntangibleAssetsOtherThanGoodwill=Licences;,,1064000000.0,,q1,2020
0001193125-20-086441,CashFlowsFromUsedInFinancingActivities,ifrs/2019,20171231,4,GBP,BorrowingsByName=RegisteredRAIAndLorillardBonds;ConsolidatedEntities=ParentGuarantor;ConsolidationItems=ReportableLegalEntities;,,10000000.0,,q1,2020
0001213900-20-007917,InvestmentOwnedAtFairValue,us-gaap/2019,20181231,0,USD,ConsolidatedEntities=SeriesOfFrontierFunds;InvestmentType=InvestmentInUnconsolidatedTradingCompanies;LegalEntity=FrontierWintonFund;,,4292075.0,,q1,2020
0001558370-20-001005,PaymentsToAcquirePropertyPlantAndEquipment,us-gaap/2019,20181231,4,USD,BusinessSegments=AerospaceAndTechnologies;ConsolidationItems=OperatingSegments;,,130000000.0,,q1,2020
0001437749-20-003157,UtilitiesOperatingExpenseProductsAndServices,us-gaap/2019,20181231,4,USD,BusinessSegments=Plastics;ConsolidationItems=OperatingSegments;,,148881000.0,,q1,2020
0000026172-20-000009,EarningsPerShareBasic,us-gaap/2019,20180331,1,USD,EngineCampaignAxis=EngineCampaign;,,-0.87,,q1,2020
0001193125-20-047343,ProfitLossAttributableToOwnersOfParent,ifrs/2019,20190131,1,CAD,SegmentConsolidationItems=OperatingSegments;Segments=GlobalWealthManagement;,,273000000.0,,q1,2020
0001564590-20-008059,StockholdersEquity,us-gaap/2019,20181231,0,USD,ErrorCorrectionsAndPriorPeriodAdjustments=ErrorCorrectionsAndPriorPeriodAdjustmentsAsAdjustments;,,6904000.0,,q1,2020
0001564590-20-004630,RevenueFromContractWithCustomerExcludingAssessedTax,us-gaap/2019,20181231,1,USD,Geographical=DE;,,13716000.0,,q1,2020
0001104659-20-030832,OtherComprehensiveIncomeLossChangeInFairValueOfInterestRateSwap,0001104659-20-030832,20181231,4,USD,EquityComponents=CommonStockIncludingAdditionalPaidInCapital;,,0.0,,q1,2020
0000764180-20-000018,OtherInventoryRawMaterialsNetofReserves,0000764180-20-000018,20191231,0,USD,ConsolidationItems=ConsolidationEliminations;,,0.0,,q1,2020
0001437749-20-003932,StockholdersEquity,us-gaap/2019,20181231,0,USD,EquityComponents=RetainedEarnings;,,62853000.0,,q1,2020
0001558370-20-001956,RevenueFromContractWithCustomerExcludingAssessedTax,us-gaap/2019,20191231,4,USD,Geographical=US;,,58052000.0,,q1,2020
0001104659-20-003927,AdjustmentsToAdditionalPaidInCapitalSharebasedCompensationRequisiteServicePeriodRecognitionValue,us-gaap/2019,20190930,4,USD,EquityComponents=RetainedEarnings;,,0.0,,q1,2020
0001558370-20-001238,StockIssuedDuringPeriodValueStockOptionsExercisedAndEmployeeStockPurchasePlan,0001558370-20-001238,20191231,4,USD,EquityComponents=CommonStock;,,7000.0,,q1,2020
0001564590-20-009500,AdjustmentsToAdditionalPaidInCapitalAndNonControllingInterestsSharebasedCompensationRequisiteServicePeriodRecognitionValue,0001564590-20-009500,20191231,4,USD,EquityComponents=NoncontrollingInterest;,,17689000.0,,q1,2020
0001104659-20-032764,StockIssuedDuringPeriodValueRestrictedStockAwardGross,us-gaap/2019,20191231,4,USD,EquityComponents=AccumulatedOtherComprehensiveIncome;,,0.0,,q1,2020
0000048465-20-000008,StockIssuedDuringPeriodValueShareBasedCompensation,us-gaap/2019,20200131,1,USD,EquityComponents=AdditionalPaidInCapital;,,36310000.0,,q1,2020
0001437749-20-006578,CumulativeEffectOfNewAccountingPrincipleInPeriodOfAdoption,us-gaap/2019,20181231,0,USD,EquityComponents=TreasuryStock;,,,,q1,2020
0001555074-20-000013,StockholdersEquityIncludingPortionAttributableToNoncontrollingInterest,us-gaap/2019,20171231,0,USD,EquityComponents=TreasuryStock;,,-272328000.0,,q1,2020
0001564590-20-007127,StockIssuedDuringPeriodValueRestrictedStockAwardNetOfForfeitures,us-gaap/2019,20191231,4,USD,EquityComponents=TreasuryStock;,,0.0,,q1,2020
0001178913-20-000672,ForeignCurrencyTransactionGainLossRealized,us-gaap/2019,20191231,4,USD,EquityComponents=AccumulatedOtherComprehensiveIncome;,,-1285000.0,,q1,2020
0001174947-20-000445,StockholdersEquity,us-gaap/2019,20171231,0,USD,EquityComponents=AccumulatedOtherComprehensiveIncome;,,-3195000.0,,q1,2020
0000092122-20-000017,UnbilledRevenuesCurrent,0000092122-20-000017,20181231,0,USD,LegalEntity=AlabamaPower;,AlabamaPower,150000000.0,,q1,2020
0000318154-20-000017,RevenueFromContractWithCustomerIncludingAssessedTax,us-gaap/2019,20181231,4,USD,ProductOrService=Product;,,22533000000.0,,q1,2020
0001558370-20-002154,CostOfRevenue,us-gaap/2019,20190630,1,USD,BusinessSegments=IncomePropertiesSegment;,,1634720.0,,q1,2020
0001579877-20-000038,TransitandOtherRevenue,0001579877-20-000038,20171231,4,USD,ConsolidatedEntities=NonGuarantorSubsidiaries;,,12100000.0,,q1,2020
0001628280-20-002596,AvailableForSaleSecuritiesDebtSecurities,us-gaap/2019,20191231,0,USD,InvestmentType=FederalNationalMortgageAssociationCertificatesAndObligationsFNMA;,,405100000.0,,q1,2020
0001261654-20-000010,OperatingLeaseRightOfUseAsset,us-gaap/2018,20190930,0,USD,AdjustmentsForNewAccountingPronouncements=AccountingStandardsUpdate201602;,,148600000.0,,q1,2020
0001370368-20-000045,CarryingValueOfFederalFundsPurchasedSecuritiesSoldUnderAgreementsToRepurchaseAndDepositsReceivedForSecuritiesLoaned,us-gaap/2019,20181231,0,CHF,,,24623000000.0,,q1,2020
0001558370-20-001789,DepreciationDepletionAndAmortization,us-gaap/2019,20191231,4,USD,LegalEntity=QualitytechLp;,QualitytechLp,160528000.0,,q1,2020
0001104659-20-039814,Inventories,ifrs/2019,20181231,0,USD,ConsolidationItems=SubsidiaryIssuer;,,2600000.0,,q1,2020
0001498542-20-000025,StockIssuedDuringPeriodValueShareBasedCompensation,us-gaap/2019,20181231,4,USD,ClassOfStock=CommonClassD;EquityComponents=CommonStock;,,0.0,,q1,2020
0001481792-20-000005,AssetsOfDisposalGroupIncludingDiscontinuedOperationCurrent,us-gaap/2019,20181231,0,USD,ConsolidatedEntities=ParentCompany;,,0.0,,q1,2020
0001498301-20-000030,AssetsOfDisposalGroupIncludingDiscontinuedOperationCurrent,us-gaap/2018,20200131,0,USD,,,9500000.0,,q1,2020
0001412100-20-000008,AvailableForSaleDebtSecuritiesAmortizedCostBasis,us-gaap/2019,20191231,0,USD,,,1813426000.0,,q1,2020
0001564590-20-005266,RevenuesNetOfInterestExpense,us-gaap/2019,20191231,4,USD,BusinessSegments=AllOtherSegments;,,-7546000.0,,q1,2020
0001558370-20-001734,AdjustmentsToAdditionalPaidInCapitalSharebasedCompensationRequisiteServicePeriodRecognitionValue,us-gaap/2019,20171231,4,USD,EquityComponents=AdditionalPaidInCapital;,,26934000.0,,q1,2020
0001140361-20-006100,DividendsCommonStock,us-gaap/2019,20191231,4,USD,EquityComponents=AdditionalPaidInCapital;,,-13000.0,,q1,2020
0001193125-20-065176,WeightedAverageNumberOfSharesOutstandingBasic,us-gaap/2019,20170228,4,shares,,,279700000.0,,q1,2020
0001161697-20-000047,WeightedAverageNumberOfSharesOutstandingBasic,us-gaap/2019,20191130,3,shares,,,1855955342.0,,q1,2020
0001193125-20-072797,RepaymentsOfConvertibleDebt,us-gaap/2019,20181231,4,USD,,,200438000.0,,q1,2020
0001558370-20-001774,ServicingFeeNet,0001558370-20-001774,20181231,1,USD,,,105212000.0,,q1,2020
0001607062-20-000067,SetUpOfRou,0001607062-20-000067,20200131,2,USD,,,210698.0,,q1,2020
0001437749-20-004092,ShareBasedCompensation,us-gaap/2019,20191231,4,USD,,,7751000.0,,q1,2020
0000846901-20-000006,RetainedEarningsAccumulatedDeficit,us-gaap/2018,20181231,0,USD,,,116874000.0,,q1,2020
0000100885-20-000065,Revenues,us-gaap/2019,20190630,1,USD,,,5596000000.0,,q1,2020
0001564590-20-006372,OtherIncome,us-gaap/2019,20181231,4,USD,,,599000.0,,q1,2020
0001438533-20-000004,ProceedsFromStockOptionsExercised,us-gaap/2019,20191231,4,USD,,,1618000.0,,q1,2020
0001605484-20-000011,PropertyPlantAndEquipment,ifrs/2018,20181231,0,EUR,,,26307000000.0,,q1,2020
0001101215-20-000049,ProceedsFromSaleOfLoansHeldForSale,us-gaap/2019,20181231,4,USD,,,4928800000.0,,q1,2020
0001002517-20-000018,RepaymentsOfOtherLongTermDebt,us-gaap/2019,20181231,1,USD,,,696000.0,,q1,2020
0001353283-20-000008,ProceedsFromConvertibleDebt,us-gaap/2019,20200131,4,USD,,,0.0,,q1,2020
0001104659-20-033149,PreferredStockSharesIssued,us-gaap/2019,20191231,0,shares,,,0.0,,q1,2020
0000055135-20-000006,OtherComprehensiveIncomeUnrealizedHoldingGainLossOnSecuritiesArisingDuringPeriodTax,us-gaap/2019,20181231,4,USD,,,0.0,,q1,2020
0001514416-20-000027,OtherComprehensiveIncomeForeignCurrencyTransactionAndTranslationAdjustmentNetOfTaxPortionAttributableToParent,us-gaap/2019,20181231,4,USD,,,0.0,,q1,2020
0000707549-20-000020,OtherComprehensiveIncomeLossReclassificationAdjustmentFromAOCIForSaleOfSecuritiesNetOfTax,us-gaap/2019,20181231,1,USD,,,51000.0,,q1,2020
0000950103-20-006422,OtherComprehensiveIncomeThatWillNotBeReclassifiedToProfitOrLossNetOfTax,ifrs/2019,20171231,4,TWD,,,161376000.0,,q1,2020
0000082166-20-000051,OperatingLeaseRightOfUseAsset,us-gaap/2019,20200131,0,USD,,,4275000.0,,q1,2020
0001360901-20-000006,NetCashProvidedByUsedInOperatingActivities,us-gaap/2019,20191231,4,USD,,,504697000.0,,q1,2020
0001485003-20-000038,NetCashProvidedByUsedInOperatingActivities,us-gaap/2019,20181231,4,USD,,,-22829000.0,,q1,2020
0000895456-20-000010,OperatingIncomeLoss,us-gaap/2018,20191231,4,USD,,,22085000.0,,q1,2020
0001628280-20-000015,RevenueFromContractWithCustomerIncludingAssessedTax,us-gaap/2018,20181130,1,USD,Geographical=AllOtherCountries;,,1200000.0,,q1,2020
0001569994-20-000010,AdjustmentsToAdditionalPaidInCapitalShareBasedCompensationStockOptionsRequisiteServicePeriodRecognition,us-gaap/2019,20171231,4,USD,EquityComponents=DeferredCompensationShareBasedPayments;,,0.0,,q1,2020
0001140361-20-002997,Goodwill,us-gaap/2019,20191231,0,USD,Geographical=KR;,,29261000.0,,q1,2020
0000936395-20-000011,Revenues,us-gaap/2019,20190131,1,USD,Geographical=EMEA;,,129190000.0,,q1,2020
0001671013-20-000008,OperatingIncomeLoss,us-gaap/2018,20191231,4,USD,ConsolidationItems=ConsolidationEliminations;,,300000.0,,q1,2020
0001493152-20-004285,StockIssuedDuringPeriodValueIssuedForServices,us-gaap/2019,20180331,1,USD,EquityComponents=NoncontrollingInterest;,,,,q1,2020
0001493152-20-001484,NetIncomeLoss,us-gaap/2019,20171231,4,USD,EquityComponents=RetainedEarnings;,,288983.0,,q1,2020
0001564590-20-010503,StockIssuedDuringPeriodSharesRestrictedStockAwardNetOfForfeitures,us-gaap/2019,20191231,4,shares,EquityComponents=CommonStock;,,663.0,,q1,2020
0001213900-20-003098,ProfitLoss,us-gaap/2019,20181231,1,USD,EquityComponents=CommonStock;,,,,q1,2020
0001580695-20-000034,SharesOutstanding,us-gaap/2019,20180228,0,shares,EquityComponents=CommonStock;,,8001266.0,,q1,2020
0001552033-20-000014,AmortizationOfFinancingCostsAndDiscounts,us-gaap/2019,20181231,4,USD,,,4800000.0,,q1,2020
0001683168-20-000836,AvailableForSaleSecuritiesDebtSecuritiesCurrent,us-gaap/2019,20191231,0,USD,,,93843000.0,,q1,2020
0001654954-20-003518,CommonStockValue,us-gaap/2019,20191231,0,USD,,,704043.0,,q1,2020
0001171843-20-000856,CashInflowOutflowForDebtIssuanceCosts,0001171843-20-000856,20181231,1,CAD,,,-3575000.0,,q1,2020
0001307748-20-000020,DevelopmentInProcess,us-gaap/2019,20191231,0,USD,,,4052000.0,,q1,2020
0001574540-20-000015,PartnersCapitalAccountPreferredDistributions,0001574540-20-000015,20171231,4,USD,LegalEntity=PhysiciansRealtyLP;,PhysiciansRealtyLP,731000.0,,q1,2020
0001213900-20-005801,DepreciationDepletionAndAmortization,us-gaap/2019,20171231,4,USD,BusinessSegments=CapitalMarketsReportableSegment;,,3794000.0,,q1,2020
0001193125-20-067890,Revenue,ifrs/2019,20191231,4,TWD,MajorCustomers=CustomerB;,,13142000.0,,q1,2020
0001193805-20-000256,IncomeLossFromContinuingOperationsBeforeIncomeTaxesExtraordinaryItemsNoncontrollingInterest,us-gaap/2019,20181231,4,USD,IncomeStatementLocation=CorporateAndOther;ProductOrService=Corporate;,,-11286000.0,,q1,2020
0000930413-20-000859,Revenue,ifrs/2019,20191231,4,GBP,Scenario=UnderlyingBasis;Segments=Z5200toZ5999;,,10773000000.0,,q1,2020
0001397702-20-000007,ConversionOfStockAmountConverted1,us-gaap/2018,20191231,4,USD,,,144140000.0,,q1,2020
0001121484-20-000042,CashCashEquivalentsRestrictedCashAndRestrictedCashEquivalentsPeriodIncreaseDecreaseIncludingExchangeRateEffect,us-gaap/2019,20191231,4,USD,,,-10823000.0,,q1,2020
0001359841-20-000027,GrossProfit,us-gaap/2019,20181231,1,USD,Restatement=RestatementAdjustment;,,-818000.0,,q1,2020
0001070680-20-000009,ComprehensiveIncomeNetOfTax,us-gaap/2019,20181231,4,USD,ConsolidatedEntities=ParentCompany;,,4247000.0,,q1,2020
0001477932-20-000888,AccruedLiabilitiesCurrent,us-gaap/2019,20181231,0,USD,,,421000.0,,q1,2020
0000700564-20-000014,AdjustmentsToAdditionalPaidInCapitalSharebasedCompensationRequisiteServicePeriodRecognitionValue,us-gaap/2019,20191231,4,USD,,,7413000.0,,q1,2020
0001564590-20-013513,AdjustmentsToAdditionalPaidInCapitalSharebasedCompensationRequisiteServicePeriodRecognitionValue,us-gaap/2019,20180131,4,USD,,,56861000.0,,q1,2020
0001552781-20-000168,AmortizationOfMortgageServicingRightsMSRs,us-gaap/2019,20181231,4,USD,,,4206000.0,,q1,2020
0001393905-20-000023,Assets,us-gaap/2019,20190630,0,USD,,,67108.0,,q1,2020
0001771515-20-000005,Assets,us-gaap/2019,20181231,0,USD,,,1376862000.0,,q1,2020
0001437749-20-004708,ComprehensiveIncomeNetOfTax,us-gaap/2019,20181231,4,USD,,,-8287000.0,,q1,2020
0000310826-20-000016,ReturnOfCapital,0000310826-20-000016,20171231,4,USD,EquityComponents=AdditionalPaidInCapital;,,43911000.0,,q1,2020
0001640334-20-000136,StockholdersEquity,us-gaap/2018,20190930,0,USD,EquityComponents=AdditionalPaidInCapital;,,20488778.0,,q1,2020
0001213900-20-007998,StockholdersEquity,us-gaap/2019,20171231,0,USD,EquityComponents=AdditionalPaidInCapital;,,2638311.0,,q1,2020
0001437749-20-006294,StockIssuedDuringPeriodSharesStockOptionsExercised,us-gaap/2019,20181231,4,shares,,,451000.0,,q1,2020
0001261654-20-000010,TreasuryStockValue,us-gaap/2018,20191231,0,USD,,,97388000.0,,q1,2020
0001193125-20-047353,RealEstateInvestmentPropertyAtCost,us-gaap/2019,20191231,0,USD,RealEstateAndAccumulatedDepreciationDescriptionOfProperty=RyansConroeTX;,,1635000.0,,q1,2020
0001144980-20-000059,CommonStockValue,us-gaap/2019,20191231,0,USD,,,400000.0,,q1,2020
0001140361-20-002341,DepreciationDepletionAndAmortization,us-gaap/2019,20181231,3,USD,,,57600000.0,,q1,2020
0001326160-20-000034,AccountsPayableCurrent,us-gaap/2019,20191231,0,USD,LegalEntity=PiedmontNaturalGas;,PiedmontNaturalGas,215000000.0,,q1,2020
0001287808-20-000014,RevenueFromContractWithCustomerIncludingAssessedTax,us-gaap/2019,20191231,4,USD,ContractWithCustomerBasisOfPricing=FixedPriceContract;Geographical=Africa;,,1492000.0,,q1,2020
0001062993-20-001207,ProfessionalFeesExpense,ifrs/2018,20191031,4,USD,ComponentsOfProfessionalFees=SalariesAndBenefits;,,230782.0,,q1,2020
0001637757-20-000003,IncomeLossFromEquityMethodInvestments,us-gaap/2019,20181231,4,USD,BusinessSegments=Renewables;ConsolidationItems=OperatingSegments;,,63000000.0,,q1,2020
0001193125-20-071771,RevenueFromContractWithCustomerExcludingAssessedTax,us-gaap/2019,20181231,4,USD,BusinessSegments=DigitalMedia;ProductOrService=DigitalAdvertising;,,22351000.0,,q1,2020
0000026172-20-000009,InvestmentsInAffiliatesSubsidiariesAssociatesAndJointVentures,us-gaap/2019,20191231,0,USD,BusinessSegments=TotalSegment;,,1237000000.0,,q1,2020
0001104659-20-038834,CommonStockParOrStatedValuePerShare,us-gaap/2018,20191231,0,USD,ClassOfStock=CommonClassB;,,0.0001,,q1,2020
0001379041-20-000030,AvailableForSaleSecuritiesDebtSecurities,us-gaap/2019,20191231,0,USD,FinancialInstrument=AssetBackedSecurities;,,61200000.0,,q1,2020
0001486159-20-000018,OtherAssetsCurrent,us-gaap/2019,20191231,0,USD,ConsolidationItems=ConsolidationEliminations;,,0.0,,q1,2020
0001640334-20-000303,TemporaryEquityForeignCurrencyTranslationAdjustments,us-gaap/2019,20191231,1,USD,EquityComponents=RetainedEarnings;,,,,q1,2020
0001166388-20-000014,TreasuryStockValueAcquiredCostMethod,us-gaap/2019,20200131,4,USD,EquityComponents=NoncontrollingInterest;,,0.0,,q1,2020
0001060349-20-000004,ProfitLoss,us-gaap/2019,20180331,1,USD,EquityComponents=CommonStock;,,0.0,,q1,2020
0001640334-20-000443,SharesIssued,us-gaap/2019,20191231,0,shares,EquityComponents=CommonStock;,,155798.0,,q1,2020
0001445866-20-000286,StockholdersEquity,us-gaap/2019,20171231,0,USD,EquityComponents=CommonStock;,,37025.0,,q1,2020
0001520138-20-000034,StockIssuedDuringPeriodValueIssuedForServices,us-gaap/2019,20190531,1,USD,EquityComponents=CommonStock;,,10.0,,q1,2020
0001140361-20-002341,NetIncomeLossAttributableToNoncontrollingInterest,us-gaap/2019,20190630,1,USD,EquityComponents=AccumulatedOtherComprehensiveIncome;,,0.0,,q1,2020
0001558370-20-002335,StockholdersEquity,us-gaap/2019,20161231,0,USD,EquityComponents=AccumulatedOtherComprehensiveIncome;,,29482000.0,,q1,2020
0001104659-20-031921,DirectorEquityIncentivePlan,0001104659-20-031921,20191231,4,USD,EquityComponents=CommonStock;,,0.0,,q1,2020
0001558370-20-001786,Assets,us-gaap/2019,20191231,0,USD,ConsolidationItems=OperatingSegments;,,25805000000.0,,q1,2020
0000029332-20-000012,ProfitLoss,us-gaap/2019,20171231,4,USD,EquityComponents=AdditionalPaidInCapital;,,0.0,,q1,2020
0001437749-20-003905,AdditionalPaidInCapital,us-gaap/2019,20181231,0,USD,,,24287000.0,,q1,2020
0001564590-20-012501,AdditionalPaidInCapitalCommonStock,us-gaap/2019,20191231,0,USD,,,192824000.0,,q1,2020
0000014195-20-000008,AccountsReceivableNetCurrent,us-gaap/2018,20191231,0,USD,,,219351000.0,,q1,2020
0001558370-20-001906,AdjustmentsToAdditionalPaidInCapitalStockIssuedIssuanceCosts,us-gaap/2019,20191231,4,USD,,,2530000.0,,q1,2020
0001564590-20-005582,PaymentsToAcquireRealEstateAndOtherAssets,0001564590-20-005582,20181231,4,USD,PartnerTypeOfPartnersCapitalAccount=LimitedPartner;,,129487000.0,,q1,2020
0001558370-20-000849,RestrictedCashAndCashEquivalentsNoncurrent,us-gaap/2019,20181231,0,USD,GeographicDistribution=Lithium;Scenario=LongTermAssets;,,,,q1,2020
0001708055-20-000019,MarketableSecuritiesCurrent,us-gaap/2019,20181231,0,USD,FairValueByFairValueHierarchyLevel=FairValueInputsLevel2;FinancialInstrument=CorporateDebtSecurities;,,3295000.0,,q1,2020
0001104659-20-032921,Revenues,us-gaap/2019,20191231,1,USD,LegalEntity=UnitedStatesCopperIndexFund;,UnitedStatesCopperIndexFund,697689.0,,q1,2020
0000899715-20-000057,EquityMethodInvestmentDividendsOrDistributions,us-gaap/2019,20191231,4,USD,LegalEntity=TangerFactoryOutletCentersInc.;,TangerFactoryOutletCentersInc.,7587000.0,,q1,2020
0001437749-20-003965,StockholdersEquity,us-gaap/2019,20191231,0,USD,EquityComponents=UndesignatedPreferredStock;,,,,q1,2020
0001654954-20-002485,DerivativeAssets,us-gaap/2019,20181231,0,USD,FairValueByFairValueHierarchyLevel=FairValueInputsLevel1;LegalEntity=TeucriumSugarFund;,,233979.0,,q1,2020
0001534504-20-000030,NetIncomeLoss,us-gaap/2018,20191231,1,USD,LegalEntity=PbfLlc;,PbfLlc,65000000.0,,q1,2020
0001564590-20-007004,DebtCurrent,us-gaap/2019,20191231,0,USD,ConsolidatedEntities=SubsidiaryIssuer;,,861000000.0,,q1,2020
0001232582-20-000013,StockIssuedDuringPeriodValueNewIssues,us-gaap/2019,20171231,4,USD,ClassOfStock=SeriesHPreferredStock;EquityComponents=PreferredStock;,,38000.0,,q1,2020
0001193125-20-001434,RevenueFromContractWithCustomerExcludingAssessedTax,us-gaap/2019,20191130,1,USD,BusinessSegments=Dms;,,3088146000.0,,q1,2020
0001104659-20-032921,NetOperatingExpenses,0001104659-20-032921,20180331,1,USD,LegalEntity=UnitedStatesCopperIndexFund;,UnitedStatesCopperIndexFund,27490.0,,q1,2020
0000109177-20-000009,RepaymentsOfLongTermDebt,us-gaap/2019,20191231,1,USD,LegalEntity=SpectrumBrandsIncAndSbRhHoldings;,SpectrumBrandsIncAndSbRhHoldings,119400000.0,,q1,2020
0001715629-20-000003,PreferredStockSharesAuthorized,us-gaap/2018,20191231,0,shares,LegalEntity=FelCorLodgingLP;,FelCorLodgingLP,0.0,,q1,2020
0001193125-20-039666,CashFlowsFromUsedInInvestingActivities,ifrs/2019,20190630,4,USD,,,2607000000.0,,q1,2020
0001437749-20-002475,CashAndCashEquivalentsAtCarryingValue,us-gaap/2019,20190630,0,USD,,,475000.0,,q1,2020
0001214659-20-000818,CommonStockSharesIssued,us-gaap/2019,20180531,0,shares,,,2696.0,,q1,2020
0001558370-20-002928,StockIssuedDuringPeriodSharesConversionOfConvertibleSecurities,us-gaap/2019,20190430,0,shares,EquityComponents=CommonStock;SubsidiarySaleOfStock=IPO;,,14582161.0,,q1,2020
0001517413-20-000043,CashAndCashEquivalentsAtCarryingValue,us-gaap/2019,20191231,0,USD,CashAndCashEquivalents=USTreasurySecurities;,,0.0,,q1,2020
0001628280-20-002657,AvailableForSaleSecuritiesDebtSecurities,us-gaap/2019,20191231,0,USD,,,3933360000.0,,q1,2020
0000765207-20-000010,AdjustmentsToAdditionalPaidInCapitalSharebasedCompensationRequisiteServicePeriodRecognitionValue,us-gaap/2019,20191231,4,USD,,,565000.0,,q1,2020
0001171843-20-001617,ComprehensiveIncomeNetOfTax,us-gaap/2019,20181231,4,USD,,,-28868000.0,,q1,2020
0001493152-20-005206,ComprehensiveIncomeNetOfTax,us-gaap/2019,20181231,4,USD,,,277000.0,,q1,2020
0000726854-20-000044,StockIssuedDuringPeriodValueRestrictedStockAwardNetOfForfeitures,us-gaap/2019,20171231,4,USD,EquityComponents=AdditionalPaidInCapital;,,-1351000.0,,q1,2020
0001654954-20-003486,StockIssuedDuringPeriodValueIssuedForServices,us-gaap/2019,20191231,4,USD,,,74413.0,,q1,2020
0001490906-20-000028,StockIssuedDuringPeriodValueStockOptionsExercised,us-gaap/2019,20181231,1,USD,,,467000.0,,q1,2020
0001193125-20-024342,TemporaryEquitySharesIssued,us-gaap/2019,20171231,0,shares,,,75563784.0,,q1,2020
0001656423-20-000007,WeightedAverageNumberOfDilutedSharesOutstanding,us-gaap/2018,20181231,4,shares,,,154682000.0,,q1,2020
0001564590-20-007572,WeightedAverageNumberOfShareOutstandingBasicAndDiluted,us-gaap/2019,20181231,1,shares,,,2544262.0,,q1,2020
0001558370-20-002566,PropertyPlantAndEquipmentNet,us-gaap/2019,20181231,0,USD,,,11407000.0,,q1,2020
0001488813-20-000033,ProceedsFromIssuanceOfSubordinatedLongTermDebt,us-gaap/2019,20181231,4,USD,,,0.0,,q1,2020
0001387131-20-003359,ProductionTaxExpense,us-gaap/2019,20191231,4,USD,,,87297.0,,q1,2020
0001564590-20-010906,ProceedsFromSaleOfRealEstateHeldforinvestment,us-gaap/2019,20171231,4,USD,,,77778000.0,,q1,2020
0001213900-20-001723,ProceedsFromRepaymentsOfRelatedPartyDebt,us-gaap/2019,20171231,4,USD,,,-4330.0,,q1,2020
0001564590-20-003917,ProceedsFromNotesPayable,us-gaap/2019,20190930,4,USD,,,913000.0,,q1,2020
0001021162-20-000004,OtherComprehensiveIncomeUnrealizedGainLossOnDerivativesArisingDuringPeriodTax,us-gaap/2019,20191231,3,USD,,,0.0,,q1,2020
0001104659-20-011020,OtherComprehensiveIncomeLossAvailableForSaleSecuritiesAdjustmentNetOfTax,us-gaap/2019,20181231,2,USD,,,-2690000.0,,q1,2020
0000926326-20-000010,OtherComprehensiveIncomeLossCashFlowHedgeGainLossAfterReclassificationAndTax,us-gaap/2019,20191231,4,USD,,,-420000.0,,q1,2020
0001564590-20-011712,OtherAssetsNoncurrent,us-gaap/2019,20191231,0,USD,,,181000.0,,q1,2020
0000750686-20-000044,OtherComprehensiveIncomeLossNetOfTax,us-gaap/2018,20181231,4,USD,,,-4673000.0,,q1,2020
0001396814-20-000008,OperatingLeaseLiabilityCurrent,us-gaap/2018,20191231,0,USD,,,4935000.0,,q1,2020
0001387131-20-003378,NetCashProvidedByUsedInOperatingActivities,us-gaap/2019,20191231,4,USD,,,-35747000.0,,q1,2020
0001582086-20-000007,NetIncomeLoss,us-gaap/2019,20190630,1,USD,,,1000000.0,,q1,2020
0000355019-20-000007,Liabilities,us-gaap/2019,20190630,0,USD,,,15448000.0,,q1,2020
0001136352-20-000003,BusinessCombinationContingentConsiderationArrangementsChangeInAmountOfContingentConsiderationLiability1,us-gaap/2019,20181231,4,USD,LegalEntity=CrestwoodMidstreamPartnersLp;,CrestwoodMidstreamPartnersLp,0.0,,q1,2020
0001664703-20-000013,IncreaseDecreaseInPrepaidDeferredExpenseAndOtherAssets,us-gaap/2019,20180331,1,USD,Restatement=RestatementAdjustment;,,-929000.0,,q1,2020
0001213900-20-003523,StockholdersEquity,us-gaap/2019,20191231,0,USD,EquityComponents=DiscountOnCommonStock;,,-4541581.0,,q1,2020
0000057131-20-000006,Assets,us-gaap/2019,20190430,0,USD,,,1059790000.0,,q1,2020
0000026780-20-000006,ComprehensiveIncomeNetOfTax,us-gaap/2019,20181231,4,USD,,,409000000.0,,q1,2020
0001193125-20-048258,CashAndCashEquivalents,ifrs/2019,20191031,0,CAD,,,48803000000.0,,q1,2020
0001428205-20-000085,CommitmentsAndContingencies,us-gaap/2019,20191231,0,USD,,,,,q1,2020
0000891293-20-000012,ShareBasedCompensation,us-gaap/2019,20191231,4,USD,IncomeStatementLocation=ResearchAndDevelopmentExpense;,,506000.0,,q1,2020
0001468666-20-000019,AdjustmentsToAdditionalPaidInCapitalSharebasedCompensationRequisiteServicePeriodRecognitionValue,us-gaap/2019,20200131,4,USD,EquityComponents=AdditionalPaidInCapital;,,19548000.0,,q1,2020
0001564590-20-000640,OtherComprehensiveIncomeLossNetOfTax,us-gaap/2019,20181130,1,USD,EquityComponents=AdditionalPaidInCapital;,,0.0,,q1,2020
0001213900-20-003402,StockOptionPlanExpense,us-gaap/2019,20191231,2,USD,,,492650.0,,q1,2020
0001402829-20-000007,TreasuryStockShares,us-gaap/2019,20191231,0,shares,,,711231.0,,q1,2020
0000033185-20-000011,TreasuryStockValue,us-gaap/2019,20191231,0,USD,,,2557400000.0,,q1,2020
0001628280-20-001141,TreasuryStockValue,us-gaap/2019,20190331,0,USD,,,1119063000.0,,q1,2020
0001193125-20-050382,SellingAndMarketingExpense,us-gaap/2019,20191231,4,USD,,,60375000.0,,q1,2020
0000813672-20-000007,UnsecuredLongTermDebt,us-gaap/2019,20191231,0,USD,,,346019000.0,,q1,2020
0001437749-20-005342,WeightedAverageNumberOfDilutedSharesOutstanding,us-gaap/2019,20180331,1,shares,,,13587000.0,,q1,2020
0001564590-20-008465,RevenueFromContractWithCustomerExcludingAssessedTax,us-gaap/2019,20191231,1,USD,,,37839000.0,,q1,2020
0000826154-20-000087,ProceedsFromSaleOfLoansReceivable,us-gaap/2019,20181231,4,USD,,,3589000.0,,q1,2020
0001628280-20-002113,ProceedsFromRepaymentsOfShortTermDebtMaturingInThreeMonthsOrLess,us-gaap/2019,20181231,4,USD,,,-264000000.0,,q1,2020
0001404912-20-000006,ProfitLoss,us-gaap/2019,20190930,1,USD,,,336612000.0,,q1,2020
0001062993-20-000550,ProceedsFromWarrantExercises,us-gaap/2019,20191231,3,USD,,,2500486.0,,q1,2020
0001488813-20-000033,PaymentsToAcquireIntangibleAssets,us-gaap/2019,20171231,4,USD,,,0.0,,q1,2020
0000040211-20-000017,OtherNoncashIncomeExpense,us-gaap/2019,20171231,4,USD,,,23000000.0,,q1,2020
0001493152-20-001702,OtherLiabilities,us-gaap/2019,20190930,0,USD,,,17407000.0,,q1,2020
0001437749-20-004811,OtherComprehensiveIncomeUnrealizedGainLossOnDerivativesArisingDuringPeriodNetOfTax,us-gaap/2019,20191231,4,USD,,,108000.0,,q1,2020
0001564590-20-010658,OtherAssetsCurrent,us-gaap/2019,20190131,0,USD,,,2954000.0,,q1,2020
0001062993-20-001183,OperatingLeaseLiabilityNoncurrent,us-gaap/2019,20191231,0,USD,,,52020000.0,,q1,2020
0001558370-20-001328,NetIncomeLossAvailableToCommonStockholdersBasic,us-gaap/2019,20171231,4,USD,,,55324000.0,,q1,2020
0000046080-20-000028,NonoperatingIncomeExpense,us-gaap/2019,20191231,4,USD,,,-57840000.0,,q1,2020
0001360901-20-000006,NetIncomeLoss,us-gaap/2019,20190630,1,USD,,,81742000.0,,q1,2020
0001558370-20-003116,LoansAndLeasesReceivableAllowance,us-gaap/2018,20181231,0,USD,,,2118000.0,,q1,2020
0001262823-20-000007,IncreaseDecreaseInAccruedLiabilities,us-gaap/2019,20181231,4,USD,,,-8000000.0,,q1,2020
0001564590-20-001578,RevenueFromContractWithCustomerExcludingAssessedTax,us-gaap/2019,20181231,4,USD,BusinessSegments=ReservoirCharacterization;ConsolidationItems=OperatingSegments;,,6173000000.0,,q1,2020
0001193125-20-057751,OtherLaborRelatedExpenses,us-gaap/2019,20191231,4,USD,Consolidate=ConsumerLending;,,38000000.0,,q1,2020
0001193125-20-067343,ProfitLoss,ifrs/2019,20181231,4,EUR,CategoriesOfRelatedParties=HindustanUnileverLimited;SignificantInvestmentsInSubsidiaries=SubsidiariesWithMaterialNoncontrollingInterests;,,617000000.0,,q1,2020
0000082811-20-000035,RevenueFromContractWithCustomerExcludingAssessedTax,us-gaap/2019,20191231,4,USD,BusinessSegments=CommercialSystems;Geographical=NorthAmerica;,,643000000.0,,q1,2020
0001603978-20-000052,IncreaseDecreaseInAccountsPayableAndAccruedLiabilities,us-gaap/2018,20181231,4,USD,,,-966928.0,,q1,2020
0001775474-20-000003,NetIncomeLossAttributableToNoncontrollingInterest,us-gaap/2018,20171231,4,USD,,,5200000.0,,q1,2020
0001382821-20-000025,NetIncomeLoss,us-gaap/2019,20181231,4,USD,,,-41978000.0,,q1,2020
0001579684-20-000006,NetCashProvidedByUsedInFinancingActivities,us-gaap/2019,20181231,4,USD,,,98525000.0,,q1,2020
0001564590-20-009735,NetIncomeLossAvailableToCommonStockholdersBasic,us-gaap/2019,20180930,1,USD,,,-15938000.0,,q1,2020
0001302215-20-000005,NonoperatingIncomeExpense,us-gaap/2019,20191231,1,USD,,,1039000.0,,q1,2020
0001477932-20-000724,InterestExpense,us-gaap/2019,20191231,1,USD,,,-89017.0,,q1,2020
0001564590-20-005742,InterestExpenseSecuritiesSoldUnderAgreementsToRepurchase,us-gaap/2019,20191231,1,USD,,,51688000.0,,q1,2020
0001111863-20-000012,LiabilitiesCurrent,us-gaap/2018,20191231,0,USD,,,184166000.0,,q1,2020
0001564590-20-008119,LiabilitiesCurrent,us-gaap/2019,20181231,0,USD,,,80661000.0,,q1,2020
0000073756-20-000018,InvestmentIncomeInterest,us-gaap/2018,20181231,4,USD,,,9962000.0,,q1,2020
0001564590-20-008081,Goodwill,us-gaap/2019,20191231,0,USD,,,335897000.0,,q1,2020
0001564590-20-010055,InterestPaidNet,us-gaap/2019,20171231,4,USD,,,133000.0,,q1,2020
0000927089-20-000131,IncreaseDecreaseInOtherOperatingLiabilities,us-gaap/2019,20191231,2,USD,,,-283000.0,,q1,2020
0001193125-20-056118,IncreaseDecreaseInOtherOperatingLiabilities,us-gaap/2019,20191231,4,USD,,,10571000.0,,q1,2020
0001562762-20-000105,InterestRevenueExpense,ifrs/2019,20191231,4,EUR,DepartureFromRequirementOfIFRS=UnderlyingResultsExcludingAdjustmentsFromIfrs;ProductsAndServices=INGBankNV;SignificantInvestmentsInSubsidiaries=INGGroup;,,14074000000.0,,q1,2020
0000883984-20-000014,GrossProfit,us-gaap/2019,20181231,4,USD,,,570028000.0,,q1,2020
0000030625-20-000007,GrossProfit,us-gaap/2019,20190930,1,USD,,,333700000.0,,q1,2020
0001140361-20-007197,IncomeLossFromContinuingOperationsBeforeIncomeTaxesMinorityInterestAndIncomeLossFromEquityMethodInvestments,us-gaap/2019,20191231,4,USD,,,-16146000.0,,q1,2020
0001193125-20-052873,OtherThanTemporaryImpairmentLossesInvestmentsAvailableforsaleSecurities,us-gaap/2019,20171231,4,USD,ConsolidatedEntities=ConsolidatedEntityExcludingVariableInterestEntitiesVIE;,,101000000.0,,q1,2020
0000717423-20-000008,RevenueFromContractWithCustomerExcludingAssessedTax,us-gaap/2018,20171231,4,USD,Geographical=LocationsOtherThanUsCaAndMy;ProductOrService=OilReserves;,,0.0,,q1,2020
0001558370-20-003016,Liabilities,ifrs/2019,20181231,0,MXN,ClassesOfLiabilities=DerivativesLiabilities;Currency=ForeignCurrency;,,27924000000.0,,q1,2020
0001104659-20-026287,CurrentIncomeTaxExpenseBenefit,us-gaap/2019,20191231,4,USD,,,32797000.0,,q1,2020
0001021635-20-000016,PropertyPlantAndEquipmentGross,us-gaap/2019,20191231,0,USD,LegalEntity=OgeEnergy;PropertyPlantAndEquipmentByType=TotalPropertyPlantAndEquipment;,,6100000.0,,q1,2020
0001715629-20-000003,OperatingExpenses,us-gaap/2018,20171231,1,USD,ConsolidatedEntities=ParentCompany;LegalEntity=FelCorLodgingLP;Scenario=Predecessor;,,5159000.0,,q1,2020
0001047862-20-000041,ProceedsFromContributionsFromParent,us-gaap/2019,20191231,4,USD,LegalEntity=ConsolidatedEdisonCompanyofNewYorkInc.;,ConsolidatedEdisonCompanyofNewYorkInc.,900000000.0,,q1,2020
0001471265-20-000016,PaymentsOfDividends,us-gaap/2019,20191231,4,USD,ConsolidatedEntities=ParentCompany;,,76173000.0,,q1,2020
0000058492-20-000002,Goodwill,us-gaap/2019,20181231,0,USD,BusinessSegments=FurnitureProducts;,,193100000.0,,q1,2020
0001558370-20-000726,NetCashProvidedByUsedInOperatingActivities,us-gaap/2019,20191231,4,USD,ConsolidatedEntities=NonGuarantorSubsidiaries;ConsolidationItems=ReportableLegalEntities;,,121265000.0,,q1,2020
0001558370-20-003393,CommonStockValue,us-gaap/2019,20191231,0,USD,ConsolidatedEntities=ParentCompany;ConsolidationItems=ReportableLegalEntities;,,6408000.0,,q1,2020
0001032208-20-000006,NetCashProvidedByUsedInInvestingActivities,us-gaap/2019,20181231,4,USD,LegalEntity=SanDiegoGasAndElectricCompany;,SanDiegoGasAndElectricCompany,-1542000000.0,,q1,2020
0001104659-20-034167,IncomeLossFromContinuingOperationsBeforeIncomeTaxesExtraordinaryItemsNoncontrollingInterest,us-gaap/2019,20181231,4,USD,SubsegmentsConsolidationItems=BeforeIntersegmentEliminations;,,1562000.0,,q1,2020
0001104659-20-023889,ProfitLoss,us-gaap/2019,20171231,4,USD,ConsolidatedEntities=OtherSubsidiaries;,,-85000000.0,,q1,2020
0001015820-20-000015,PaymentsForDerivativeInstrumentFinancingActivities,us-gaap/2019,20141231,4,USD,DebtInstrument=A2019And2021Notes;DerivativeInstrumentRisk=CallSpreadOverlay;LongtermDebtType=CashConvertibleNotes;,,105200000.0,,q1,2020
0001640334-20-000228,CommonStockValue,us-gaap/2019,20190331,0,USD,,,301.0,,q1,2020
0001549346-20-000007,SellingAndMarketingExpense,us-gaap/2019,20190930,1,USD,,,45614000.0,,q1,2020
0001640334-20-000226,SharesIssued,us-gaap/2019,20180831,0,shares,,,,,q1,2020
0001564590-20-012986,StockholdersEquity,us-gaap/2019,20191231,0,USD,,,165342000.0,,q1,2020
0001213900-20-006660,PreferredStockSharesAuthorized,us-gaap/2019,20190630,0,shares,,,865000.0,,q1,2020
0001193125-20-073092,RestrictedCashAndCashEquivalentsAtCarryingValue,us-gaap/2019,20191231,0,CNY,,,996000000.0,,q1,2020
0001047469-20-000339,PrepaidExpenseAndOtherAssetsCurrent,us-gaap/2019,20181231,0,USD,,,1498000.0,,q1,2020
0000104918-20-000036,ProfitLoss,us-gaap/2019,20180630,1,USD,,,25644000.0,,q1,2020
0001477932-20-000286,Revenues,us-gaap/2019,20190930,1,USD,,,,,q1,2020
0001069996-20-000011,PolicyholderBenefitsAndClaimsIncurredNet,us-gaap/2019,20181231,1,USD,,,72318000.0,,q1,2020
0000092380-20-000024,ProceedsFromIssuanceOfDebt,us-gaap/2019,20181231,4,USD,,,0.0,,q1,2020
0001628280-20-004243,PaymentsForDerivativeInstrumentFinancingActivities,us-gaap/2019,20171231,4,USD,,,29186000.0,,q1,2020
0001704715-20-000010,ProceedsFromIncomeTaxRefunds,us-gaap/2019,20171231,4,USD,,,0.0,,q1,2020
0001628280-20-003483,OtherLiabilitiesCurrent,us-gaap/2019,20181231,0,USD,,,2559000.0,,q1,2020
0001213900-20-006989,NumberOfSharesAuthorised,ifrs/2019,20171231,0,shares,,,50000000.0,,q1,2020
0001487371-20-000085,OtherComprehensiveIncomeAvailableforsaleSecuritiesAdjustmentNetOfTaxPortionAttributableToParent,us-gaap/2018,20171231,4,USD,,,-2000.0,,q1,2020
0001552781-20-000086,ObligationsUnderFinanceLease,0001552781-20-000086,20190228,0,USD,,,39871.0,,q1,2020
0000897101-20-000128,OperatingLeaseLiability,us-gaap/2019,20181231,0,USD,,,0.0,,q1,2020
0001683168-20-001021,NetCashProvidedByUsedInFinancingActivities,us-gaap/2019,20181231,4,USD,,,1000000.0,,q1,2020
0001571283-20-000013,NetCashProvidedByUsedInInvestingActivities,us-gaap/2019,20181231,4,USD,,,-507213000.0,,q1,2020
0001213900-20-004240,NetCashProvidedByUsedInOperatingActivities,us-gaap/2019,20181231,2,USD,,,-938557.0,,q1,2020
0001558370-20-001103,NetCashProvidedByUsedInOperatingActivities,us-gaap/2019,20181231,4,USD,,,694345000.0,,q1,2020
0000765207-20-000010,NetIncomeLoss,us-gaap/2019,20190331,1,USD,,,6156000.0,,q1,2020
0001232524-20-000016,NetIncomeLoss,us-gaap/2019,20181231,4,USD,,,447098000.0,,q1,2020
0001620459-20-000061,NetIncomeLoss,us-gaap/2019,20180331,1,USD,,,15633000.0,,q1,2020
0001262463-20-000133,LiabilitiesCurrent,us-gaap/2019,20191231,0,USD,,,4747000.0,,q1,2020
0001477932-20-001617,LiabilitiesAndStockholdersEquity,us-gaap/2019,20181231,0,USD,,,6243.0,,q1,2020
0001019056-20-000192,IncreaseDecreaseInDerivativeAssets,us-gaap/2019,20191231,1,USD,,,-1873.0,,q1,2020
0001096343-20-000039,MarketableSecuritiesRealizedGainLossExcludingOtherThanTemporaryImpairments,us-gaap/2019,20171231,4,USD,,,47174000.0,,q1,2020
0000891024-20-000005,IntangibleAssetsNetExcludingGoodwill,us-gaap/2019,20200131,0,USD,,,323700000.0,,q1,2020
0000845877-20-000029,InterestIncomeExpenseAfterProvisionForLoanLoss,us-gaap/2018,20181231,4,USD,,,174198000.0,,q1,2020
0001558370-20-002630,IncreaseDecreaseInPrepaidDeferredExpenseAndOtherAssets,us-gaap/2019,20191231,4,USD,,,5922000.0,,q1,2020
0001493152-20-002666,InterestExpense,us-gaap/2019,20171031,1,USD,,,9823.0,,q1,2020
0001514281-20-000018,InterestIncomeExpenseNet,us-gaap/2019,20191231,1,USD,,,25437000.0,,q1,2020
0001558370-20-003438,IncreaseDecreaseInCashAndCashEquivalentsExcludingExchangeGainLoss,0001558370-20-003438,20171231,4,EUR,,,106767000.0,,q1,2020
0000909108-20-000017,IncreaseDecreaseInDeferredCompensation,us-gaap/2019,20171231,4,USD,,,6298320.0,,q1,2020
0000006951-20-000014,GeneralAndAdministrativeExpense,us-gaap/2019,20200131,1,USD,,,129000000.0,,q1,2020
0001029199-20-000009,IncomeLossFromContinuingOperationsBeforeIncomeTaxesExtraordinaryItemsNoncontrollingInterest,us-gaap/2018,20191231,4,USD,,,433807000.0,,q1,2020
0001047469-20-001174,Revenue,ifrs/2019,20181231,4,USD,CategoriesOfRelatedParties=Parent;IfrsRelatedPartyTransaction=CompensationForLostHire;,,481000.0,,q1,2020
0000920112-20-000058,LoansAndLeasesReceivableNetOfDeferredIncome,us-gaap/2019,20190430,0,USD,LegalEntity=BlueValleyBanCorp.;,BlueValleyBanCorp.,542000000.0,,q1,2020
0001193125-20-047353,IncomeLossFromContinuingOperations,us-gaap/2019,20171231,4,USD,LegalEntity=SpiritRealtyLP;,SpiritRealtyLP,40428000.0,,q1,2020
0001558370-20-001167,DeferredCostsCurrent,us-gaap/2019,20181231,0,USD,,,3072000.0,,q1,2020
0001057706-20-000005,AccumulatedOtherComprehensiveIncomeLossNetOfTax,us-gaap/2019,20191231,0,USD,EquityComponents=AccumulatedNetUnrealizedInvestmentGainLoss;InvestmentType=DebtSecurities;,,6764000.0,,q1,2020
0001493152-20-001484,Assets,us-gaap/2019,20190930,0,USD,BusinessSegments=CommunitySpecialtyPharmacyLLC;,,315681.0,,q1,2020
0000009984-20-000029,PaymentsToAcquirePropertyPlantAndEquipment,us-gaap/2019,20191231,4,USD,BusinessSegments=Aerospace;,,26000000.0,,q1,2020
0001025996-20-000050,StockholdersEquityIncludingPortionAttributableToNoncontrollingInterest,us-gaap/2019,20191231,0,USD,EquityComponents=Parent;,,4293510000.0,,q1,2020
0000794323-20-000003,FiniteLivedIntangibleAssetsNet,us-gaap/2019,20191231,0,USD,FiniteLivedIntangibleAssetsByMajorClass=CustomerRelationships;,,6865000000.0,,q1,2020
0000885590-20-000006,RevenueFromContractWithCustomerExcludingAssessedTax,us-gaap/2019,20181231,4,USD,Geographical=CN;,,361000000.0,,q1,2020
0001558370-20-000838,ProceedsFromWarrantExercises,us-gaap/2019,20200131,0,USD,EquityComponents=Warrant;,,1100000.0,,q1,2020
0001628280-20-001590,ComprehensiveIncomeNetOfTax,us-gaap/2019,20181231,4,USD,ConsolidationItems=ConsolidationEliminations;,,-166518000.0,,q1,2020
0001104659-20-009758,SharesOutstanding,us-gaap/2018,20171231,0,shares,EquityComponents=CommonStock;,,217327823.0,,q1,2020
0001654954-20-003514,SharesOutstanding,us-gaap/2019,20191231,0,shares,EquityComponents=CommonStock;,,1648657.0,,q1,2020
0001562762-20-000064,OtherComprehensiveIncomeLossNetOfTaxPortionAttributableToParent,us-gaap/2019,20191231,4,USD,EquityComponents=AccumulatedOtherComprehensiveIncome;,,1221000000.0,,q1,2020
0001032208-20-000006,StockholdersEquity,us-gaap/2019,20161231,0,USD,EquityComponents=AccumulatedOtherComprehensiveIncome;,,-748000000.0,,q1,2020
0001558370-20-001467,AdjustmentsToAdditionalPaidInCapitalSharesOther,0001558370-20-001467,20181231,4,shares,EquityComponents=CommonStock;,,63800.0,,q1,2020
0001683168-20-000511,StockholdersEquity,us-gaap/2019,20180930,0,USD,EquityComponents=AdditionalPaidInCapital;,,18720396.0,,q1,2020
0000046195-20-000023,StockIssuedDuringPeriodValuePurchaseAndEquityCompensationPlans,0000046195-20-000023,20181231,4,USD,EquityComponents=AdditionalPaidInCapital;,,2397000.0,,q1,2020
0000892537-20-000006,StockIssuedDuringPeriodValueStockOptionsExercised,us-gaap/2019,20191231,4,USD,EquityComponents=AdditionalPaidInCapital;,,12892000.0,,q1,2020
0001493152-20-000522,AdjustmentsToAdditionalPaidInCapitalConvertibleDebtWithConversionFeatureOne,0001493152-20-000522,20181231,4,USD,,,475000.0,,q1,2020
0001683168-20-000193,AmortizationOfDebtDiscountPremium,us-gaap/2019,20171231,4,USD,,,573605.0,,q1,2020
0001104659-20-032004,AssetsCurrent,us-gaap/2019,20181231,0,USD,,,24899000.0,,q1,2020
0001437749-20-004691,AmortizationOfInventoryStepupAndInventoryRelatedCharges,0001437749-20-004691,20171231,4,USD,,,1404000.0,,q1,2020
0001564590-20-000555,Revenues,us-gaap/2018,20191130,1,USD,ProductOrService=Advertising;,,5229000.0,,q1,2020
0001104659-20-010948,ProceedsFromPaymentsForOtherFinancingActivities,us-gaap/2019,20191231,1,USD,ConsolidatedEntities=ConsolidatedEntities;,,32100000.0,,q1,2020
0001418135-20-000007,OtherComprehensiveIncomeLossNetOfTaxPortionAttributableToNoncontrollingInterest,us-gaap/2018,20191231,4,USD,ConsolidatedEntities=NonGuarantorSubsidiaries;,,0.0,,q1,2020
0001533232-20-000006,GainsLossesOnChangeInFairValueOfDerivatives,ifrs/2018,20191231,4,USD,GeographicalAreas=NorthAmerica;SegmentConsolidationItems=EquityAttributableToOwnersOfParent;Segments=Wind;,,-2000000.0,,q1,2020
0001683168-20-000474,ComprehensiveIncomeNetOfTax,us-gaap/2019,20181231,2,USD,,,-339944.0,,q1,2020
0001193125-20-019075,PaymentsToAcquirePropertyPlantAndEquipment,us-gaap/2019,20171231,4,USD,BusinessSegments=AllOtherSegments;,,13500000.0,,q1,2020
0001305323-20-000019,StockIssuedDuringPeriodValueStockOptionsExercised,us-gaap/2019,20171231,4,USD,,,3848000.0,,q1,2020
0000897101-20-000148,StockholdersEquity,us-gaap/2019,20181231,0,USD,,,10637000.0,,q1,2020
0000102212-20-000017,ProceedsFromStockOptionsExercised,us-gaap/2019,20171231,4,USD,,,1676000.0,,q1,2020
0001114483-20-000003,RevenueFromContractWithCustomerExcludingAssessedTax,us-gaap/2019,20180630,1,USD,,,314464000.0,,q1,2020
0000876437-20-000007,ProceedsFromSaleMaturityAndCollectionsOfInvestments,us-gaap/2019,20181231,4,USD,,,370449000.0,,q1,2020
0000310764-20-000014,OtherComprehensiveIncomeLossForeignCurrencyTransactionAndTranslationAdjustmentNetOfTax,us-gaap/2018,20171231,4,USD,,,210000000.0,,q1,2020
0001552781-20-000086,OtherComprehensiveIncomeLossForeignCurrencyTransactionAndTranslationAdjustmentNetOfTax,us-gaap/2019,20181130,1,USD,,,11033.0,,q1,2020
0001213900-20-003902,InvestmentIncomeNet,us-gaap/2019,20191231,1,USD,LegalEntity=SitRisingRateEtf;,SitRisingRateEtf,14545.0,,q1,2020
0000824142-20-000025,IncreaseDecreaseInIncomeTaxesReceivable,us-gaap/2019,20171231,4,USD,Restatement=RestatementAdjustment;,,5000.0,,q1,2020
0001564590-20-006791,CashCashEquivalentsRestrictedCashAndRestrictedCashEquivalents,us-gaap/2019,20171231,0,USD,,,18641000.0,,q1,2020
0001433195-20-000019,ConversionOfStockAmountConverted1,us-gaap/2019,20171231,4,USD,,,0.0,,q1,2020
0001367064-20-000003,BusinessCombinationAcquisitionRelatedCosts,us-gaap/2019,20181231,4,USD,,,2718000.0,,q1,2020
0001628280-20-002199,Assets,us-gaap/2019,20191231,0,USD,,,1411757000.0,,q1,2020
0001059262-20-000006,ComprehensiveIncomeNetOfTax,us-gaap/2019,20181231,4,USD,,,52600000.0,,q1,2020
0001370637-20-000046,ComprehensiveIncomeNetOfTax,us-gaap/2019,20191231,4,USD,,,95008000.0,,q1,2020
0001104659-20-038291,TemporaryEquitySharesSubjectToPossibleRedemption,0001104659-20-038291,20191231,0,shares,,,27942373.0,,q1,2020
0001224608-20-000009,StockBasedCompensation,0001224608-20-000009,20181231,4,USD,,,22500000.0,,q1,2020
0001493152-20-004717,StockholdersEquity,us-gaap/2019,20191231,0,USD,,,14559035.0,,q1,2020
0001564590-20-006390,WeightedAverageNumberOfDilutedSharesOutstanding,us-gaap/2019,20181231,4,shares,,,297237000.0,,q1,2020
0001383650-20-000006,Revenues,us-gaap/2019,20191231,1,USD,,,1908000000.0,,q1,2020
0001493152-20-003780,PreferredStockSharesAuthorized,us-gaap/2019,20181231,0,shares,,,25000000.0,,q1,2020
0001558370-20-001665,ProceedsFromStockOptionsExercised,us-gaap/2019,20171231,4,USD,,,906000.0,,q1,2020
0001564590-20-007972,PropertyPlantAndEquipmentNet,us-gaap/2019,20181231,0,USD,,,39931000.0,,q1,2020
0001439222-20-000014,ResearchAndDevelopmentArrangementContractToPerformForOthersCompensationEarned,us-gaap/2019,20191231,4,USD,,,0.0,,q1,2020
0000040211-20-000017,RepaymentsOfLongTermDebt,us-gaap/2019,20191231,4,USD,,,410000000.0,,q1,2020
0001577670-20-000004,ProvisionForLoanLossesExpensed,us-gaap/2019,20181231,4,USD,,,13900000.0,,q1,2020
0001539894-20-000012,ProceedsFromSaleOfPropertyPlantAndEquipment,us-gaap/2018,20161231,4,USD,,,0.0,,q1,2020
0000037785-20-000035,PaymentsOfFinancingCosts,us-gaap/2019,20191231,4,USD,,,97400000.0,,q1,2020
0000034067-20-000009,PaymentsOfDividends,us-gaap/2019,20171231,4,USD,,,1174000.0,,q1,2020
0001113256-20-000015,ProceedsFromRepaymentsOfDebt,us-gaap/2019,20191231,1,USD,,,134000000.0,,q1,2020
0001017386-20-000080,OperatingExpenses,us-gaap/2018,20181031,15,USD,,,119978.0,,q1,2020
0000726601-20-000006,NoninterestIncomeOther,us-gaap/2019,20191231,4,USD,,,5786000.0,,q1,2020
0000766704-20-000015,MinorityInterestDecreaseFromDistributionsToNoncontrollingInterestHolders,us-gaap/2019,20171231,4,USD,,,2468000.0,,q1,2020
0001651235-20-000022,NetCashProvidedByUsedInFinancingActivities,us-gaap/2019,20181231,4,USD,,,-33899000.0,,q1,2020
0001029199-20-000009,NetIncomeLoss,us-gaap/2018,20191231,1,USD,,,106446000.0,,q1,2020
0001514281-20-000018,NetIncomeLossAvailableToCommonStockholdersBasic,us-gaap/2019,20181231,1,USD,,,-41591000.0,,q1,2020
0001564590-20-014165,NonCashOrPartNonCashDivestitureAmountOfConsiderationUsedForPrincipalPaymentOfLongTermObligations,0001564590-20-014165,20191231,4,USD,,,3050000.0,,q1,2020
0001140361-20-004510,LoansAndLeasesReceivableNetReportedAmount,us-gaap/2019,20181231,0,USD,,,6231837000.0,,q1,2020
0001521951-20-000014,JuniorSubordinatedDebentureOwedToUnconsolidatedSubsidiaryTrust,us-gaap/2019,20181231,0,USD,,,10033000.0,,q1,2020
0001028918-20-000049,IncomeTaxesPaid,us-gaap/2019,20181231,4,USD,,,32296000.0,,q1,2020
0001111711-20-000013,InventoryRawMaterialsAndSupplies,us-gaap/2019,20191231,0,USD,,,120200000.0,,q1,2020
0001562463-20-000040,IncomeTaxExpenseBenefit,us-gaap/2019,20181231,1,USD,,,-334000.0,,q1,2020
0001558370-20-001981,IncreaseDecreaseInIncomeTaxesReceivable,us-gaap/2019,20200131,3,USD,,,-821000.0,,q1,2020
0001213900-20-006627,GeneralAndAdministrativeExpense,us-gaap/2019,20181231,4,USD,,,9532000.0,,q1,2020
0000863894-20-000003,IncomeLossFromContinuingOperationsBeforeIncomeTaxesExtraordinaryItemsNoncontrollingInterest,us-gaap/2019,20191231,1,USD,,,-3381844.0,,q1,2020
0000766704-20-000015,OtherExpenses,us-gaap/2019,20181231,4,USD,BusinessSegments=OutpatientMedical;ConsolidationItems=OperatingSegments;,,7570000.0,,q1,2020
0001545772-20-000007,DirectOperatingExpenseFromInvestmentPropertyGeneratingRentalIncome,ifrs/2019,20181231,4,USD,,,1851000000.0,,q1,2020
0000086312-20-000011,OtherThanTemporaryImpairmentLossesInvestmentsPortionInOtherComprehensiveIncomeLossBeforeTaxPortionAttributableToParentAvailableforsaleSecurities,us-gaap/2019,20181231,4,USD,ConsolidatedEntities=ParentCompany;ConsolidationItems=ReportableLegalEntities;,,0.0,,q1,2020
0001193125-20-079310,NumberOfSharesOutstanding,ifrs/2019,20191231,0,shares,ComponentsOfEquity=IssuedCapital;,,123084000.0,,q1,2020
0001493152-20-001745,OperatingRestaurantExpense,0001493152-20-001745,20190930,3,USD,ProductOrService=Labor;,,966020.0,,q1,2020
0001564590-20-014536,ResearchAndDevelopmentExpense,ifrs/2019,20191231,4,EUR,IncomeAndExpensesByNature=WagesBenefitsAndSocialSecurityExpense;,,83213000.0,,q1,2020
0001193125-20-051981,DebtSecuritiesAtAmortizedCostNetOfAllowanceForCreditLosses,0001193125-20-051981,20200131,0,CAD,ClassesOfFinancialInstruments=GovernmentAndGovernmentRelatedSecurities;Measurement=CarryingValue;,,81265000000.0,,q1,2020
0000015615-20-000005,Revenues,us-gaap/2019,20181231,4,USD,BusinessSegments=ElectricalTransmission;ConsolidationItems=OperatingSegments;,,397300000.0,,q1,2020
0001564590-20-011143,SharesOutstanding,us-gaap/2019,20171231,0,shares,ClassOfStock=PreferredStockSeedOne;,,3413235.0,,q1,2020
0001558370-20-001165,RevenueFromContractWithCustomerExcludingAssessedTax,us-gaap/2019,20181231,4,USD,BusinessSegments=FranchisingSegment;Geographical=GlobalAndOther;,,10237000.0,,q1,2020
0000930413-20-000605,RealEstateAcquiredThroughForeclosure,us-gaap/2019,20171231,0,USD,FairValueByMeasurementFrequency=FairValueMeasurementsNonrecurring;,,39566000.0,,q1,2020
0001564590-20-007549,InvestmentOwnedPercentOfNetAssets,us-gaap/2019,20191231,0,pure,InvestmentType=USTreasuryAndGovernment;,,0.5416,,q1,2020
0001558370-20-002751,AvailableForSaleSecuritiesDebtSecurities,us-gaap/2019,20191231,0,USD,FinancialInstrument=MortgageBackedSecuritiesIssuedByUSGovernmentSponsoredEnterprises;,,7887000.0,,q1,2020
0001437749-20-001481,PreferredStockLiquidationPreferenceValue,us-gaap/2019,20160430,0,USD,ClassOfStock=SeriesAPreferredStock;,,29038000.0,,q1,2020
0001437749-20-001900,DividendsPreferredStock,us-gaap/2019,20190930,1,USD,EquityComponents=RetainedEarnings;,,36000.0,,q1,2020
0000059440-20-000004,NewAccountingPronouncementOrChangeInAccountingPrincipleEffectOfAdoptionQuantification,us-gaap/2019,20191231,4,USD,EquityComponents=RetainedEarnings;,,3147000.0,,q1,2020
0000874977-20-000019,StockIssuedDuringPeriodValueNewIssues,us-gaap/2019,20181231,4,USD,EquityComponents=CommonStock;,,2000000.0,,q1,2020
0001437749-20-004836,AdjustmentsToAdditionalPaidInCapitalSharebasedCompensationRequisiteServicePeriodRecognitionValue,us-gaap/2019,20191231,4,USD,EquityComponents=CommonStock;,,,,q1,2020
0001628280-20-003693,StockholdersEquityIncludingPortionAttributableToNoncontrollingInterest,us-gaap/2018,20190331,0,USD,EquityComponents=CommonStock;,,683000000.0,,q1,2020
0000716634-20-000003,CommonStockSharesOutstanding,us-gaap/2019,20181231,0,shares,EquityComponents=TreasuryStock;,,-25222000.0,,q1,2020
0000922621-20-000009,AccumulatedOtherComprehensiveIncomeLossNetOfTax,us-gaap/2019,20181231,0,USD,,,-130284000.0,,q1,2020
0001493152-20-002736,AccumulatedOtherComprehensiveIncomeLossNetOfTax,us-gaap/2019,20190930,0,USD,,,796004.0,,q1,2020
0001610418-20-000009,AccountsPayableRelatedPartiesCurrent,us-gaap/2019,20181231,0,USD,,,4980000.0,,q1,2020
0001558370-20-002364,LongTermDebtCurrent,us-gaap/2019,20200131,0,USD,LegalEntity=FerrellgasLP;,FerrellgasLP,2157000.0,,q1,2020
0000921825-20-000011,NetIncomeLoss,us-gaap/2019,20190331,1,USD,LegalEntity=FirstIndustrialLP;,FirstIndustrialLP,24314000.0,,q1,2020
0001611547-20-000008,GainLossOnTerminationOfLease,us-gaap/2018,20171231,4,USD,ConsolidatedEntities=Subsidiaries;,,0.0,,q1,2020
0001042776-20-000045,PaymentsOfStockIssuanceCosts,us-gaap/2018,20181231,4,USD,ConsolidatedEntities=SubsidiaryIssuer;ConsolidationItems=ReportableLegalEntities;,,0.0,,q1,2020
0000313216-20-000011,PropertyPlantAndEquipment,ifrs/2019,20171231,0,EUR,CarryingAmountAccumulatedDepreciationAmortisationAndImpairmentAndGrossCarryingAmount=GrossCarryingAmount;ClassesOfPropertyPlantAndEquipment=Machinery;,,1708000000.0,,q1,2020
0001370368-20-000003,OtherComprehensiveIncomeNetOfTaxFinancialInstruments,0001370368-20-000003,20171231,4,USD,ComponentsOfEquity=FairValueAdjustmentsOnMarketableSecurities;,,39000000.0,,q1,2020
0001193125-20-033426,Assets,ifrs/2019,20181231,0,CAD,ClassesOfAssets=PublicEquities;,,19179000000.0,,q1,2020
0001047469-20-001296,RevenueFromInsuranceContractsIssuedWithoutReductionForReinsuranceHeld,ifrs/2019,20181231,4,USD,SegmentConsolidationItems=OperatingSegments;Segments=InsuranceAndReinsuranceSegment;Subsegments1=ZenithNational;SubsegmentsConsolidationItems1=IntersubsegmentEliminations1;,,0.0,,q1,2020
0001558370-20-001766,CashAndCashEquivalentsAtCarryingValue,us-gaap/2019,20181231,0,USD,,,452300000.0,,q1,2020
0001493152-20-004285,IncomeTaxesPaidNet,us-gaap/2019,20191231,4,USD,,,110707.0,,q1,2020
0001558370-20-000041,LeaseTerminationAndLongLivedAssetImpairmentCharges,0001558370-20-000041,20181130,1,USD,,,2628000.0,,q1,2020
0000939057-20-000048,LiabilitiesAndStockholdersEquity,us-gaap/2019,20191231,0,USD,,,1270542000.0,,q1,2020
0001564590-20-009044,IncomeTaxExpenseBenefit,us-gaap/2019,20191231,1,USD,,,1613000.0,,q1,2020
0001010549-20-000040,IncreaseDecreaseInOtherAccountsPayable,us-gaap/2018,20171231,4,USD,,,-4063.0,,q1,2020
0001378789-20-000004,ProceedsFromCollectionOfFinanceReceivables,us-gaap/2019,20171231,4,USD,ConsolidatedEntities=GuarantorSubsidiaries;ConsolidationItems=ReportableLegalEntities;DebtInstrument=AerCapTrustAICDCNotes;,,33000000.0,,q1,2020
0001072627-20-000036,InterestExpenseDebt,us-gaap/2018,20170630,2,USD,ErrorCorrectionsAndPriorPeriodAdjustmentsRestatementByRestatementPeriodAndAmount=AdjustmentsforErrorCorrection2;,,673000.0,,q1,2020
0000059478-20-000057,IncomeLossFromContinuingOperationsIncludingPortionAttributableToNoncontrollingInterest,us-gaap/2019,20190331,1,USD,,,561100000.0,,q1,2020
0001558370-20-002622,IncomeLossFromContinuingOperationsIncludingPortionAttributableToNoncontrollingInterest,us-gaap/2019,20181231,4,USD,,,15763000.0,,q1,2020
0001564590-20-010503,IncomeLossFromContinuingOperationsBeforeIncomeTaxesExtraordinaryItemsNoncontrollingInterest,us-gaap/2019,20181231,4,USD,,,-73877000.0,,q1,2020
0001564590-20-010491,IncomeLossFromContinuingOperationsBeforeIncomeTaxesExtraordinaryItemsNoncontrollingInterest,us-gaap/2019,20191231,4,USD,,,-286290000.0,,q1,2020
0001654954-20-002946,ConvertibleDebtCurrent,us-gaap/2019,20181231,0,USD,,,10923000.0,,q1,2020
0001193125-20-090214,CostsAndExpenses,us-gaap/2019,20191231,4,USD,,,13419680.0,,q1,2020
0001171843-20-001250,HeldToMaturitySecurities,us-gaap/2019,20191231,0,USD,,,250000.0,,q1,2020
0001564590-20-005663,ForeignCurrencyTransactionGainLossUnrealized,us-gaap/2019,20181231,4,USD,FinancialInstrument=TranslationOfIntercompanyNotes;,,149000000.0,,q1,2020
0000930413-20-000859,Equity,ifrs/2019,20161231,0,GBP,CategoriesOfRelatedParties=TheBank;ComponentsOfEquity=EquityAttributableToOwnersOfParent;,,54557000000.0,,q1,2020
0001136352-20-000003,GainLossonAcquisition,0001136352-20-000003,20191231,4,USD,BusinessAcquisition=JackalopeGasGatheringServicesL.L.C.;,,209400000.0,,q1,2020
0001057877-20-000040,CashAndCashEquivalentsAtCarryingValue,us-gaap/2019,20191231,0,USD,LegalEntity=IdahoPowerCompany;,IdahoPowerCompany,98950000.0,,q1,2020
0001104659-20-024324,StockholdersEquityIncludingPortionAttributableToNoncontrollingInterest,us-gaap/2019,20171231,0,USD,ClassOfStock=SeriesDPreferredStock;,,68705000.0,,q1,2020
0000864270-20-000003,GainLossOnContractTermination,us-gaap/2019,20181231,3,USD,ConsolidationItems=OperatingSegments;Geographical=CA;,,-3000000.0,,q1,2020
0001140361-20-005874,EarningsPerShareBasic,us-gaap/2019,20181231,4,USD,,,0.14,,q1,2020
0001564590-20-006402,EarningsPerShareBasic,us-gaap/2019,20180630,1,USD,,,0.69,,q1,2020
0001562762-20-000049,SubordinatedLiabilities,ifrs/2019,20191231,0,GBP,LevelsOfFairValueHierarchy=Level3OfFairValueHierarchy;,,0.0,,q1,2020
0001564590-20-010435,CommonStockSharesOutstanding,us-gaap/2019,20181231,0,shares,ConsolidatedEntities=ParentCompany;,,8478202.0,,q1,2020
0001073429-20-000021,RepaymentsOfOtherLongTermDebt,us-gaap/2019,20191231,4,USD,ConsolidatedEntities=NonGuarantorSubsidiaries;ConsolidationItems=ReportableLegalEntities;,,0.0,,q1,2020
0001193125-20-047353,BuildingsAndImprovementsGross,us-gaap/2019,20191231,0,USD,RealEstateAndAccumulatedDepreciationDescriptionOfProperty=AtHomeBroomfieldCO;,,4675000.0,,q1,2020
0000899689-20-000007,StockIssuedDuringPeriodSharesConversionOfUnits,us-gaap/2019,20171231,4,shares,EquityComponents=ClassAUnitsOwnedByVornado;LegalEntity=VornadoRealtyLp;,,403000.0,,q1,2020
0001039684-20-000012,StockholdersEquityIncludingPortionAttributableToNoncontrollingInterest,us-gaap/2019,20181231,0,USD,ConsolidatedEntities=ParentCompany;ConsolidationItems=ReportableLegalEntities;,,6579500000.0,,q1,2020
0001176256-20-000111,IssueOfEquityShares,0001176256-20-000111,20191231,4,shares,ComponentsOfEquity=IssuedCapital;,,17250000.0,,q1,2020
0001581874-20-000004,MortgageLoansOnRealEstateInterestRate,srt/2019,20191231,4,pure,ConsolidatedEntities=TerraPropertyTrust;ControlledInvestment=Noncontrolled;Geographical=US;InvestmentGeographicState=CA;InvestmentType=FirstMortgage;MortgageLoansOnRealEstateDescriptionTypeOfProperty=Multifamily;RelatedPartyTransactionsByRelatedParty=A14thAliceStreetOwnerLLC;,,0.09,,q1,2020
0001493152-20-001114,ProceedsFromConvertibleDebt,us-gaap/2019,20190731,2,USD,DebtInstrument=ConvertiblePromissoryNotesPayableAndWarrants;,,6239000.0,,q1,2020
0001477932-20-001325,IncomeLossFromContinuingOperationsAttributableToNoncontrollingEntity,us-gaap/2019,20181231,4,USD,,,-38984000.0,,q1,2020
0000850429-20-000014,GrossSales,0000850429-20-000014,20181231,1,USD,,,275707000.0,,q1,2020
0000728391-20-000005,IncomeLossFromContinuingOperationsBeforeIncomeTaxesExtraordinaryItemsNoncontrollingInterest,us-gaap/2018,20191231,4,USD,,,167921000.0,,q1,2020
0001437749-20-001957,IncreaseDecreaseInContractWithCustomerLiability,us-gaap/2019,20191231,3,USD,,,-691000.0,,q1,2020
0001213900-20-006807,PropertyPlantAndEquipment,ifrs/2019,20161231,0,USD,RetrospectiveApplicationAndRetrospectiveRestatement=RestatedFromPriorPeriod;,,13429250000.0,,q1,2020
0001637207-20-000008,GainLossOnReMeasurementOfTaxBenefitArrangement,0001637207-20-000008,20191231,4,USD,,,-5966000.0,,q1,2020
0000048287-20-000045,DeferredIncomeTaxesAndTaxCredits,us-gaap/2019,20171231,4,USD,,,-33606000.0,,q1,2020
0001564590-20-000643,DeferredIncomeTaxExpenseBenefit,us-gaap/2019,20181130,1,USD,,,3289000.0,,q1,2020
0001640334-20-000136,DebtRelatedCommitmentFeesAndDebtIssuanceCosts,us-gaap/2018,20180930,3,USD,,,137192.0,,q1,2020
0000920371-20-000054,IncomeTaxExpenseBenefit,us-gaap/2019,20181231,4,USD,BusinessSegments=EuropeSegment;,,2947000.0,,q1,2020
0000072909-20-000003,UnregulatedOperatingRevenue,us-gaap/2019,20181231,4,USD,BusinessSegments=AllOtherSegments;ConsolidationItems=OperatingSegments;,,1300000.0,,q1,2020
0001310114-20-000007,CostOfRevenue,us-gaap/2019,20191231,4,USD,,,153155000.0,,q1,2020
0000707549-20-000020,CostOfGoodsAndServicesSold,us-gaap/2019,20181231,1,USD,,,1377640000.0,,q1,2020
0000879526-20-000021,EarningsPerShareBasic,us-gaap/2019,20191231,4,USD,,,1.64,,q1,2020
0000096223-20-000008,OtherComprehensiveIncomeLossDerivativesQualifyingAsHedgesNetOfTax,us-gaap/2018,20181130,4,USD,ConsolidatedEntities=ParentCompany;,,1608000.0,,q1,2020
0001047469-20-001296,OtherIncome,ifrs/2019,20181231,4,USD,SegmentConsolidationItems=OperatingSegments;Segments=InsuranceAndReinsuranceSegment;Subsegments1=ZenithNational;,,0.0,,q1,2020
0001493152-20-004435,DividendsPreferredStockStock,us-gaap/2019,20181231,3,USD,EquityComponents=TotalStockholdersEquity;Scenario=Successors;,,-3845000.0,,q1,2020
0001628280-20-003753,ComprehensiveIncomeAttributableToOwnersOfParent,ifrs/2018,20181231,4,USD,ConsolidatedEntities=SubsidiaryIssuer1;ConsolidationItems=ReportableLegalEntities1;,,916000000.0,,q1,2020
0001679688-20-000014,NetIncomeLoss,us-gaap/2019,20171231,4,USD,BusinessSegments=InvestmentManagement;ConsolidationItems=OperatingSegments;,,-182038000.0,,q1,2020
0001564590-20-005335,PremiumsEarnedNet,us-gaap/2019,20171231,4,USD,BusinessSegments=InsuranceSegment;ConsolidationItems=OperatingSegments;Subsegments=RsuiGroupIncorporated;,,721700000.0,,q1,2020
0001628280-20-001676,RevenueFromContractWithCustomerExcludingAssessedTax,us-gaap/2019,20181231,3,USD,ProductOrService=SubscriptionAndCirculation;,,251974000.0,,q1,2020
0001712184-20-000027,RevenueFromContractWithCustomerIncludingAssessedTax,us-gaap/2019,20181231,4,USD,ConsolidationItems=IntersegmentElimination;ProductOrService=CableVideoSubscription;,,0.0,,q1,2020
0001193125-20-052873,Assets,us-gaap/2019,20191231,0,USD,BusinessSegments=USPublicFinanceInsurance;ConsolidationItems=OperatingSegments;,,4019000000.0,,q1,2020
0001213900-20-008034,InvestmentOwnedUnderlyingFaceAmountAtMarketValue,us-gaap/2019,20191231,0,USD,LegalEntity=EquityCumulativeDividendsFund;TypeOfContract=TypeOnContractFour;,,3251813.0,,q1,2020
0001357615-20-000034,RevenueFromContractWithCustomerExcludingAssessedTax,us-gaap/2019,20181231,4,USD,BusinessSegments=EnergySolutions;ConsolidationItems=OperatingSegments;Geographical=MiddleEast;,,135000000.0,,q1,2020
0001095651-20-000012,Revenues,us-gaap/2019,20191231,4,USD,BusinessSegments=LandandDevelopmentSegment;ConsolidationItems=OperatingSegments;ProductOrService=LandDevelopment;,,119595000.0,,q1,2020
0001104659-20-040389,DepreciationExpense,ifrs/2019,20191231,4,USD,CategoriesOfProductsAndServices=VariousProducts;GeographicalAreas=CA;SegmentConsolidationItems=OperatingSegments;Segments=BracemacMcleodSegment;,,1578000.0,,q1,2020
0001104659-20-020243,CostOfSalesExcludingDepletion,0001104659-20-020243,20181231,4,USD,CategoriesOfProductsAndServices=GoldProduct;GeographicalAreas=BF;SegmentConsolidationItems=OperatingSegments;Segments=KarmaSegment;,,1610000.0,,q1,2020
0001213900-20-005153,RevenueFromContractWithCustomerIncludingAssessedTax,us-gaap/2019,20191231,4,USD,Geographical=FR;,,43500000.0,,q1,2020
0001104659-20-039627,CommonStockValue,us-gaap/2019,20191231,0,USD,ClassOfStock=CommonClassB;,,764.0,,q1,2020
0001564590-20-006478,PropertyPlantAndEquipmentNet,us-gaap/2019,20171231,0,USD,Geographical=DE;,,240932000.0,,q1,2020
0001171843-20-002061,SharesOutstanding,us-gaap/2019,20181231,0,shares,EquityComponents=PreferredStock;,,1000000.0,,q1,2020
0001193125-20-035808,SeparateAccountAssets1,0001193125-20-035808,20191231,0,CAD,ConsolidatedEntities=ParentCompany;ConsolidationItems=ReportableLegalEntities;,,0.0,,q1,2020
0001408100-20-000061,ProceedsFromMinorityShareholders,us-gaap/2019,20191231,4,USD,ConsolidatedEntities=GuarantorSubsidiaries;ConsolidationItems=ReportableLegalEntities;,,0.0,,q1,2020
0000078814-20-000009,DefinedBenefitPlanContributionsByEmployerSpecialContributions,0000078814-20-000009,20191231,4,USD,,,0.0,,q1,2020
0001090727-20-000005,EarningsPerShareBasic,us-gaap/2019,20181231,4,USD,,,5.53,,q1,2020
0001437749-20-000479,PreferredStockSharesOutstanding,us-gaap/2019,20181231,0,shares,ClassOfStock=SeriesAConvertiblePreferredStock;,,0.0,,q1,2020
0001481832-20-000010,PreferredStockSharesAuthorized,us-gaap/2018,20191231,0,shares,ClassOfStock=SeriesMPreferredStock;,,500000.0,,q1,2020
0001047862-20-000041,DebtInstrumentInterestRateStatedPercentage,us-gaap/2019,20191231,0,pure,CapitalizedCostsOfUnprovedPropertiesExcludedFromAmortizationByPropertyOrProject=TexasSolar5;,,0.0453,,q1,2020
0001136352-20-000003,PartnersCapitalAccountSaleOfUnits,us-gaap/2019,20171231,4,USD,PartnerCapitalComponents=CommonUnitCapital;,,15200000.0,,q1,2020
0000764180-20-000018,CashCashEquivalentsRestrictedCashAndRestrictedCashEquivalentsPeriodIncreaseDecreaseIncludingExchangeRateEffect,us-gaap/2019,20171231,4,USD,ConsolidatedEntities=NonGuarantorSubsidiaries;ConsolidationItems=ReportableLegalEntities;,,2000000.0,,q1,2020
0000024545-20-000005,CostOfGoodsAndServicesSold,us-gaap/2019,20181231,4,USD,ConsolidatedEntities=NonGuarantorSubsidiaries;ConsolidationItems=ReportableLegalEntities;,,1800300000.0,,q1,2020
0001104659-20-039814,NoncurrentDerivativeFinancialLiabilities,ifrs/2019,20191231,0,USD,ConsolidationItems=Guarantor;,,300000.0,,q1,2020
0001558370-20-003253,RevenueFromContractWithCustomerExcludingAssessedTax,us-gaap/2019,20181231,4,USD,ProductOrService=TitleInsuranceActivity;,,1207000.0,,q1,2020
0001193125-20-086441,CashFlowsFromUsedInOperatingActivities,ifrs/2019,20171231,4,GBP,BorrowingsByName=RegisteredBATCAPBonds;ConsolidatedEntities=SubsidiaryGuarantorBATNFAndRAI;ConsolidationItems=ReportableLegalEntities;,,-270000000.0,,q1,2020
0000857855-20-000011,AvailableForSaleSecuritiesDebtSecurities,us-gaap/2019,20191231,0,USD,FinancialInstrument=CommercialMortgageBackedSecuritiesIssuedByUSGovernmentSponsoredEnterprises;,,268903000.0,,q1,2020
0001102993-20-000017,RestructuringCharges,us-gaap/2019,20181231,4,USD,RestructuringCostAndReserve=EmployeeSeverance;,,4468000.0,,q1,2020
0001564590-20-000555,StockholdersEquityIncludingPortionAttributableToNoncontrollingInterest,us-gaap/2018,20190531,0,USD,ClassOfStock=CommonClassB;EquityComponents=CommonStock;,,12000.0,,q1,2020
0000050725-20-000005,ProceedsFromSaleOfPropertyPlantAndEquipment,us-gaap/2019,20191231,1,USD,ConsolidationItems=ConsolidationEliminations;,,0.0,,q1,2020
0000060667-20-000036,StockholdersEquityIncludingPortionAttributableToNoncontrollingInterest,us-gaap/2019,20180131,0,USD,EquityComponents=RetainedEarnings;,,5425000000.0,,q1,2020
0001410384-20-000025,StockholdersEquityIncludingPortionAttributableToNoncontrollingInterest,us-gaap/2019,20171231,0,USD,EquityComponents=RetainedEarnings;,,-152114000.0,,q1,2020
0000104169-20-000011,DividendsCash,us-gaap/2019,20200131,4,USD,EquityComponents=Parent;,,6048000000.0,,q1,2020
0001652044-20-000008,RevenueFromContractWithCustomerExcludingAssessedTax,us-gaap/2019,20191231,4,USD,Geographical=AsiaPacific;,,26928000000.0,,q1,2020
0000055785-20-000016,CommonStockDividendsPerShareDeclared,us-gaap/2018,20171231,4,USD,EquityComponents=RetainedEarnings;,,3.88,,q1,2020
0001437749-20-003909,CumulativeEffectOnRetainedEarningsTax1,us-gaap/2019,20181231,4,USD,EquityComponents=RetainedEarnings;,,0.0,,q1,2020
0001015780-20-000065,RestrictedCashAndCashEquivalents,us-gaap/2019,20191231,0,USD,FairValueByMeasurementBasis=EstimateOfFairValueFairValueDisclosure;,,1879000000.0,,q1,2020
0000070318-20-000014,StockholdersEquityIncludingPortionAttributableToNoncontrollingInterest,us-gaap/2019,20191231,0,USD,EquityComponents=AccumulatedOtherComprehensiveIncome;,,-257000000.0,,q1,2020
0001091667-20-000024,StockRepurchasedAndRetiredDuringPeriodValue,us-gaap/2019,20181231,4,USD,EquityComponents=AccumulatedOtherComprehensiveIncome;,,0.0,,q1,2020
0001564590-20-010259,CommonStockSharesOutstanding,us-gaap/2019,20181231,0,shares,EquityComponents=CommonStock;,,5075817301.0,,q1,2020
0001437749-20-004241,StockRepurchasedDuringPeriodValue,us-gaap/2019,20191231,4,USD,EquityComponents=AdditionalPaidInCapital;,,9883.0,,q1,2020
0001558370-20-002751,OtherComprehensiveIncomeLossNetOfTax,us-gaap/2019,20191231,4,USD,EquityComponents=AccumulatedOtherComprehensiveIncome;,,28000.0,,q1,2020
0001213900-20-005867,AccountsPayableCurrent,us-gaap/2019,20191231,0,USD,,,2771045.0,,q1,2020
0001628280-20-003753,CurrentAssetsOtherThanAssetsOrDisposalGroupsClassifiedAsHeldForSaleOrAsHeldForDistributionToOwners,ifrs/2018,20191231,0,USD,ConsolidatedEntities=NonGuarantorSubsidiaries1;ConsolidationItems=ReportableLegalEntities1;,,92220000000.0,,q1,2020
0001628280-20-003753,InterestAndOtherIncome1,0001628280-20-003753,20171231,4,USD,ConsolidatedEntities=NonGuarantorSubsidiaries1;ConsolidationItems=ReportableLegalEntities1;,,1470000000.0,,q1,2020
0001564590-20-013638,DueToRelatedPartiesCurrentAndNoncurrent,us-gaap/2019,20191231,0,USD,TitleOfIndividual=DealerManager;,,1277340.0,,q1,2020
0001607062-20-000052,NotesPayable,us-gaap/2018,20200131,0,USD,DebtInstrument=Note2;RelatedPartyTransactionsByRelatedParty=BSTPartners;,,6200.0,,q1,2020
0001213900-20-007917,NetIncomeLoss,us-gaap/2019,20171231,4,USD,ClassOfStock=ClassThree;ConsolidatedEntities=SeriesOfFrontierFunds;EquityComponents=LimitedOwners;LegalEntity=MastersFund;,,153475.0,,q1,2020
0001140361-20-007197,StockIssuedDuringPeriodSharesAcquisitions,us-gaap/2019,20181031,3,shares,EquityComponents=CommonStock;PropertyPlantAndEquipmentByType=StarBright;,,291300.0,,q1,2020
0001704720-20-000017,AssetsOfDisposalGroupIncludingDiscontinuedOperationCurrent,us-gaap/2019,20191231,0,USD,BalanceSheetLocation=PrepaidExpensesAndOtherCurrentAssets;DisposalGroupClassification=DisposalGroupHeldforsaleNotDiscontinuedOperations;IncomeStatementBalanceSheetAndAdditionalDisclosuresByDisposalGroupsIncludingDiscontinuedOperations=AmericanBlueRibbonHoldingsLLC;,,1600000.0,,q1,2020
0000950103-20-004862,Borrowings,ifrs/2019,20181231,0,CLP,BorrowingsByName=ZurcherKantonalbank;LegalEntity=LoansFromForeignFinancialInstitutions;,,,,q1,2020
0001493152-20-004600,DebtConversionConvertedInstrumentAmount1,us-gaap/2019,20181231,4,USD,EquityComponents=PreferredStock;,,,,q1,2020
0000918160-20-000029,IntangibleAssetsNetIncludingGoodwill,us-gaap/2019,20191231,0,USD,ConsolidationItems=ConsolidationEliminations;,,0.0,,q1,2020
0000006955-20-000003,PaymentsRelatedToTaxWithholdingForShareBasedCompensation,us-gaap/2019,20191130,1,USD,ConsolidationItems=ConsolidationEliminations;,,0.0,,q1,2020
0001437749-20-005188,StockIssuedDuringPeriodValueDividendReinvestmentPlan,us-gaap/2019,20181231,4,USD,EquityComponents=RetainedEarnings;,,,,q1,2020
0001577670-20-000004,ProvisionForLoanLossesExpensed,us-gaap/2019,20171231,4,USD,ConsolidationItems=CorporateNonSegment;,,0.0,,q1,2020
0001199835-20-000068,NetIncomeLoss,us-gaap/2019,20170630,2,USD,EquityComponents=RetainedEarnings;,,-20801.0,,q1,2020
0001193125-20-075048,StockholdersEquity,us-gaap/2019,20191231,0,USD,EquityComponents=RetainedEarnings;,,-128688624.0,,q1,2020
0001386278-20-000020,StockIssuedDuringPeriodSharesStockOptionsExercised,us-gaap/2019,20171231,4,shares,EquityComponents=CommonStock;,,1949000.0,,q1,2020
0001437107-20-000006,StockholdersEquityIncludingPortionAttributableToNoncontrollingInterest,us-gaap/2019,20171231,0,USD,EquityComponents=NoncontrollingInterest;,,0.0,,q1,2020
0001088034-20-000003,IssuanceOfCommonStockRestrictedUnderDeferredCompensationPlanShares,0001088034-20-000003,20191231,4,shares,EquityComponents=CommonStock;,,175000.0,,q1,2020
0001493152-20-004569,FairValueOfVestedRestrictedStockUnitsAwardedToEmployees,0001493152-20-004569,20191231,4,USD,EquityComponents=CommonStock;,,,,q1,2020
0001564590-20-003465,StockIssuedDuringPeriodValueStockOptionsExercised,us-gaap/2019,20191231,1,USD,EquityComponents=AdditionalPaidInCapital;,,3001082.0,,q1,2020
0001437749-20-006576,AdjustmentsToAdditionalPaidInCapitalSharebasedCompensationAndExerciseOfStockOptions,us-gaap/2019,20191231,4,USD,EquityComponents=AccumulatedOtherComprehensiveIncome;,,,,q1,2020
0001747009-20-000005,StockholdersEquityIncludingPortionAttributableToNoncontrollingInterest,us-gaap/2018,20171231,0,USD,EquityComponents=AccumulatedOtherComprehensiveIncome;,,0.0,,q1,2020
0001437749-20-004480,AccountsReceivableNetCurrent,us-gaap/2019,20181231,0,USD,,,9158000.0,,q1,2020
0001084961-20-000024,AccountsPayableAndAccruedLiabilitiesCurrentAndNoncurrent,us-gaap/2019,20191231,0,USD,,,223911000.0,,q1,2020
0001564590-20-013666,TemporaryEquityCarryingAmountAttributableToParent,us-gaap/2019,20181231,0,USD,ClassOfStock=RedeemableConvertiblePreferredStock;,,402488000.0,,q1,2020
0001637459-20-000027,IncomeTaxExpenseBenefit,us-gaap/2019,20171231,4,USD,AdjustmentsForNewAccountingPronouncements=AccountingStandardsUpdate201609;,,-22000000.0,,q1,2020
0001303313-20-000007,StockholdersEquityIncludingPortionAttributableToNoncontrollingInterest,us-gaap/2019,20181231,0,USD,EquityComponents=NonControllingInterestRedeemable;,,14596000.0,,q1,2020
0001193125-20-057751,HeldToMaturitySecuritiesFairValue,us-gaap/2019,20181231,0,USD,FinancialInstrument=AssetBackedSecuritiesSecuritizedLoansAndReceivables;,,2000000.0,,q1,2020
0001123360-20-000009,CashCashEquivalentsRestrictedCashAndRestrictedCashEquivalents,us-gaap/2019,20161231,0,USD,,,1162779000.0,,q1,2020
0000933136-20-000005,OperatingExpenses,us-gaap/2019,20190930,1,USD,,,478000000.0,,q1,2020
0001448893-20-000015,OtherUnderwritingAndOperatingExpenses,0001448893-20-000015,20191231,4,USD,,,165369000.0,,q1,2020
0001566912-20-000015,OtherSecuredFinancings,us-gaap/2019,20181231,0,USD,,,25947000.0,,q1,2020
0001475348-20-000013,NoninterestIncomeOther,us-gaap/2019,20181231,4,USD,,,1256000.0,,q1,2020
0001193125-20-058900,LoansAndLeasesReceivableDeferredIncome,us-gaap/2019,20181231,0,USD,,,7310000.0,,q1,2020
0001628280-20-003880,MinorityInterestDecreaseFromRedemptions,us-gaap/2018,20191231,4,USD,,,800000.0,,q1,2020
0000733076-20-000004,NetCashProvidedByUsedInInvestingActivities,us-gaap/2019,20191231,4,USD,,,-7161000000.0,,q1,2020
0001079973-20-000111,NetCashProvidedByUsedInInvestingActivities,us-gaap/2019,20191231,3,USD,,,-57931.0,,q1,2020
0001564590-20-005589,NetIncomeLossAvailableToCommonStockholdersBasic,us-gaap/2019,20171231,4,USD,,,458400000.0,,q1,2020
0001564590-20-005043,NetIncomeLoss,us-gaap/2019,20190930,1,USD,,,4863000.0,,q1,2020
0001564590-20-006770,LiabilitiesCurrent,us-gaap/2019,20181231,0,USD,,,2185000000.0,,q1,2020
0000877212-20-000006,LiabilitiesAndStockholdersEquity,us-gaap/2019,20191231,0,USD,,,4711000000.0,,q1,2020
0001493152-20-003958,LiabilitiesCurrent,us-gaap/2019,20200131,0,USD,,,10487935.0,,q1,2020
0001493152-20-003780,IntangibleAssetsNetExcludingGoodwill,us-gaap/2019,20181231,0,USD,,,924000.0,,q1,2020
0001104659-20-019880,IncreaseDecreaseInPrepaidDeferredExpenseAndOtherAssets,us-gaap/2018,20181231,3,USD,,,589000.0,,q1,2020
0001104659-20-039645,InterestPaidNet,us-gaap/2019,20171231,4,USD,,,15200000.0,,q1,2020
0001564590-20-007791,IncomeTaxExpenseBenefit,us-gaap/2019,20191231,4,USD,,,955000.0,,q1,2020
0001466538-20-000026,TradingSecurities,us-gaap/2019,20181231,0,USD,FinancialInstrument=CommonStock;LegalEntity=EnterpriseMaster;,,469000.0,,q1,2020
0001564590-20-004489,RevenueFromContractWithCustomerExcludingAssessedTax,us-gaap/2019,20191231,4,USD,ProductOrService=Royalty;TypeOfArrangement=AMPYRAOrFAMPYRA;,,15170000.0,,q1,2020
0001193125-20-051469,MarketingandOtherContraRevenueItems,0001193125-20-051469,20191231,4,CAD,Restatement=RestatementAdjustment;SegmentConsolidationItems=CorporateNonOperating;,,0.0,,q1,2020
0000095953-20-000021,GrossProfit,us-gaap/2019,20181231,1,USD,,,10259000.0,,q1,2020
0001428875-20-000023,ImpairmentOfLongLivedAssetsToBeDisposedOf,us-gaap/2019,20171231,4,USD,,,2000000.0,,q1,2020
0001564590-20-013794,IncreaseDecreaseInAccountsPayableAndAccruedLiabilities,us-gaap/2019,20171231,4,USD,,,-5077000.0,,q1,2020
0001581068-20-000008,ImpairmentOfRealEstate,us-gaap/2019,20171231,4,USD,,,40104000.0,,q1,2020
0001564590-20-004859,PropertyManagementFeeRevenue,us-gaap/2019,20171231,4,USD,IncomeStatementLocation=Leasingservices;,,3573000.0,,q1,2020
0001564590-20-010850,EarningsPerShareDiluted,us-gaap/2019,20190930,1,USD,,,0.3,,q1,2020
0001535929-20-000012,AvailableForSaleDebtSecuritiesAmortizedCostBasis,us-gaap/2019,20191231,0,USD,FinancialInstrument=CommercialMortgageBackedSecurities;,,3402000000.0,,q1,2020
0001628280-20-001799,CostOfRevenue,us-gaap/2019,20171231,4,USD,ProductOrService=LandSales;,,12005000.0,,q1,2020
0000904163-20-000004,ProceedsfromSaleofEquitySecurities,0000904163-20-000004,20171231,4,USD,ConsolidatedEntities=ParentCompany;,,5635000.0,,q1,2020
0001193125-20-056815,StockIssuedDuringPeriodValueNewIssues,us-gaap/2019,20171231,4,USD,BusinessSegments=ProsharesUltraGold;,,23949465.0,,q1,2020
0001212545-20-000104,AvailableForSaleSecurities,us-gaap/2019,20181231,0,USD,FairValueByAssetClass=NontaxableMunicipalBonds;FairValueByMeasurementFrequency=FairValueMeasurementsRecurring;,,538668000.0,,q1,2020
0001193125-20-065064,Assets,ifrs/2019,20181231,0,GBP,BusinessCombinations=ViiVHealthCare;,,5430000000.0,,q1,2020
0001482430-20-000013,CommonStockSharesAuthorized,us-gaap/2019,20181231,0,shares,,,1000000000.0,,q1,2020
0000078890-20-000010,DepreciationDepletionAndAmortization,us-gaap/2018,20190331,1,USD,,,47900000.0,,q1,2020
0001047469-20-001296,LiabilitiesArisingFromInsuranceContracts,ifrs/2019,20181231,0,USD,AmountsArisingFromInsuranceContracts=ReinsurersShareOfAmountArisingFromInsuranceContracts;,,7749900000.0,,q1,2020
0001558370-20-002390,InvestmentOwnedPercentOfNetAssets,us-gaap/2018,20181231,0,pure,InvestmentByTertiaryType=StockIndicesAndSingleStockFutures;Investments=OpenLongContracts;InvestmentSecondaryCategorization=USFuturesPositions;InvestmentType=FuturesContracts;,,-0.0023,,q1,2020
0000073088-20-000030,AccumulatedOtherComprehensiveIncomeLossNetOfTax,us-gaap/2019,20171231,0,USD,OtherComprehensiveIncomeLocation=AccumulatedTranslationAdjustment;,,1178000.0,,q1,2020
0001104659-20-013517,NoninterestExpense,us-gaap/2019,20191231,1,USD,BusinessSegments=MortgageBankingSegment;,,14902000.0,,q1,2020
0001104659-20-034130,AccruedRentNoncurrent,us-gaap/2019,20191231,0,USD,,,0.0,,q1,2020
0001171843-20-002021,AccumulatedDepreciationDepletionAndAmortizationPropertyPlantAndEquipment,us-gaap/2019,20181231,0,USD,,,6448831.0,,q1,2020
0000937556-20-000030,Assets,us-gaap/2019,20181231,0,USD,,,1154818000.0,,q1,2020
0001467623-20-000011,CapitalLeaseObligationsIncurred,us-gaap/2019,20191231,4,USD,,,144100000.0,,q1,2020
0001109546-20-000008,TransferToOtherRealEstate,us-gaap/2019,20191231,4,USD,,,0.0,,q1,2020
0001534992-20-000019,AdjustmentsToAdditionalPaidInCapitalSharebasedCompensationRequisiteServicePeriodRecognitionValue,us-gaap/2019,20171231,4,USD,EquityComponents=AdditionalPaidInCapital;,,3545000.0,,q1,2020
0000049754-20-000007,RepaymentsOfLongTermDebt,us-gaap/2019,20181231,4,USD,,,13000000.0,,q1,2020
0001558370-20-001266,SellingGeneralAndAdministrativeExpense,us-gaap/2018,20190630,1,USD,,,103864000.0,,q1,2020
0001562762-20-000111,Revenues,us-gaap/2018,20171231,4,USD,,,333633000.0,,q1,2020
0001305773-20-000024,ProceedsFromStockOptionsExercised,us-gaap/2018,20181231,4,USD,,,112000.0,,q1,2020
0000006281-20-000013,PropertyPlantAndEquipmentNet,us-gaap/2019,20191031,0,USD,,,1219989000.0,,q1,2020
0001401257-20-000056,ProceedsFromSaleOfPropertyPlantAndEquipment,us-gaap/2019,20191231,4,USD,,,43237000.0,,q1,2020
0000835403-20-000003,ProceedsFromIssueOfBondsNotesAndDebentures,ifrs/2019,20191231,2,GBP,,,1289000000.0,,q1,2020
0000721371-20-000023,ProceedsFromRepaymentsOfShortTermDebt,us-gaap/2019,20191231,2,USD,,,681000000.0,,q1,2020
0001564590-20-010220,PreferredStockValue,us-gaap/2019,20191231,0,USD,,,,,q1,2020
0001628280-20-001900,ProceedsFromCollectionOfLoansReceivable,us-gaap/2019,20191231,4,USD,,,24283000.0,,q1,2020
0000002488-20-000008,ProceedsFromPaymentsForOtherFinancingActivities,us-gaap/2019,20181231,4,USD,,,-1000000.0,,q1,2020
0001558370-20-002759,OtherThanTemporaryImpairmentLossesInvestmentsPortionInOtherComprehensiveIncomeLossTaxPortionAttributableToParentHeldtomaturitySecurities,us-gaap/2019,20171231,4,USD,,,4000.0,,q1,2020
0001564590-20-005545,PaymentsToAcquireEquityMethodInvestments,us-gaap/2019,20181231,4,USD,,,67000000.0,,q1,2020
0001047469-20-000294,OtherAssetsNoncurrent,us-gaap/2019,20190930,0,USD,,,8752000.0,,q1,2020
0001564590-20-007326,OtherComprehensiveIncomeLossPensionAndOtherPostretirementBenefitPlansAdjustmentNetOfTax,us-gaap/2019,20171231,4,USD,,,-1697000.0,,q1,2020
0001558370-20-002525,NetCashProvidedByUsedInOperatingActivities,us-gaap/2019,20191231,4,USD,,,63246000.0,,q1,2020
0001423774-20-000036,NetCashProvidedByUsedInOperatingActivities,us-gaap/2019,20200131,4,USD,,,-3590000.0,,q1,2020
0001564590-20-010058,NetCashProvidedByUsedInFinancingActivities,us-gaap/2018,20181231,4,USD,,,14626000.0,,q1,2020
0000063754-20-000022,MinorityInterestDecreaseFromDistributionsToNoncontrollingInterestHolders,us-gaap/2018,20181130,4,USD,,,12800000.0,,q1,2020
0001062993-20-001385,LongTermIncentivePlanCashSettled,0001062993-20-001385,20191231,0,USD,,,416000.0,,q1,2020
0001590364-20-000002,NonoperatingIncomeExpense,us-gaap/2019,20180331,1,USD,,,431000.0,,q1,2020
0000884887-20-000009,LiabilitiesCurrent,us-gaap/2019,20181231,0,USD,,,7112165000.0,,q1,2020
0001060822-20-000004,IntangibleAssetsNetExcludingGoodwill,us-gaap/2019,20191231,0,USD,,,334642000.0,,q1,2020
0001698990-20-000004,IncreaseDecreaseInPrepaidDeferredExpenseAndOtherAssets,us-gaap/2019,20181231,2,USD,,,2533000.0,,q1,2020
0001558370-20-000779,InventoryWriteDownOfNetRealizableValueAndLossSettlementOnNonCancellablePurchaseCommitments,0001558370-20-000779,20181231,4,USD,,,219000.0,,q1,2020
0001178913-20-000800,IncreaseDecreaseInAccountsReceivable,us-gaap/2019,20191231,4,USD,,,-1928000.0,,q1,2020
0001262463-20-000017,IncreaseDecreaseInAccountsReceivable,us-gaap/2019,20171231,4,USD,,,-10188.0,,q1,2020
0001281774-20-000013,ImpairmentOfLongLivedAssetsHeldForUse,us-gaap/2019,20181231,4,USD,,,2082000.0,,q1,2020
0000864749-20-000029,IncomeTaxExpenseBenefit,us-gaap/2019,20171231,4,USD,,,129700000.0,,q1,2020
0001564590-20-006094,CostsAndExpenses,us-gaap/2019,20190930,1,USD,,,538695000.0,,q1,2020
0000278166-20-000013,GainLossOnSaleOfPropertyPlantEquipment,us-gaap/2019,20191231,3,USD,,,3416000.0,,q1,2020
0001213900-20-006693,Goodwill,us-gaap/2019,20191231,0,USD,PropertyPlantAndEquipmentByType=Trademarks;,,24960077.0,,q1,2020
0001213900-20-007904,AccumulatedOtherComprehensiveIncomeLossNetOfTax,us-gaap/2019,20191231,0,USD,,,12319.0,,q1,2020
0001193125-20-022213,AmortizationOfDebtDiscountPremium,us-gaap/2019,20171231,4,USD,,,17765.0,,q1,2020
0001193125-20-051981,AccumulatedOtherComprehensiveIncome,ifrs/2019,20191031,0,CAD,,,10581000000.0,,q1,2020
0001185185-20-000348,CommonStockValue,us-gaap/2020,20181231,0,USD,,,12800.0,,q1,2020
0001171843-20-002057,DeferredTaxLiabilityAsset,ifrs/2019,20191231,0,CAD,,,1434882.0,,q1,2020
0001157523-20-000441,DebentureRefinancingWarrants,0001157523-20-000441,20181231,4,USD,,,2331000.0,,q1,2020
0001592386-20-000003,CommonStockSharesIssued,us-gaap/2019,20191231,0,shares,ClassOfStock=CommonClassD;,,60091740.0,,q1,2020
0001042776-20-000045,CashCashEquivalentsRestrictedCashAndRestrictedCashEquivalents,us-gaap/2018,20191231,0,USD,ConsolidatedEntities=SubsidiaryIssuer;ConsolidationItems=ReportableLegalEntities;,,9691000.0,,q1,2020
0001193125-20-067338,CashFlowsFromUsedInOperations,ifrs/2019,20181231,4,EUR,,,9612000000.0,,q1,2020
0000355019-20-000007,CashAndCashEquivalentsAtCarryingValue,us-gaap/2019,20181231,0,USD,,,23287000.0,,q1,2020
0001564590-20-005562,OtherComprehensiveIncomeUnrealizedGainLossOnDerivativesArisingDuringPeriodNetOfTax,us-gaap/2019,20181231,4,USD,LegalEntity=ERPOP;PartnerTypeOfPartnersCapitalAccount=AccumulatedOtherComprehensiveIncome;,,5174000.0,,q1,2020
0001564590-20-008173,AmortizationOfIntangibleAndAcquisitionRelatedAssets,0001564590-20-008173,20180331,1,USD,,,6639000.0,,q1,2020
0000743988-20-000009,AmortizationOfIntangibleAssets,us-gaap/2019,20191231,1,USD,,,2919000.0,,q1,2020
0001393905-20-000009,AccruedLiabilitiesCurrent,us-gaap/2019,20190531,0,USD,,,25635.0,,q1,2020
0001437749-20-005683,AccruedLiabilitiesCurrent,us-gaap/2019,20191231,0,USD,,,4565000.0,,q1,2020
0000318154-20-000017,AdjustmentsToAdditionalPaidInCapitalSharebasedCompensationRequisiteServicePeriodRecognitionValue,us-gaap/2019,20171231,4,USD,,,347000000.0,,q1,2020
0001217234-20-000033,Assets,us-gaap/2018,20181231,0,USD,,,130697000.0,,q1,2020
0001050915-20-000020,StockIssuedDuringPeriodValueAcquisitions,us-gaap/2019,20191231,4,USD,EquityComponents=AdditionalPaidInCapital;,,1791000.0,,q1,2020
0000033213-20-000008,StockholdersEquityIncludingPortionAttributableToNoncontrollingInterest,us-gaap/2019,20161231,0,USD,,,9119247000.0,,q1,2020
0001057877-20-000040,TreasuryStockIssued,0001057877-20-000040,20191231,4,USD,,,-4172000.0,,q1,2020
0001104659-20-033996,SubordinatedDebt,us-gaap/2019,20191231,0,USD,FairValueByFairValueHierarchyLevel=FairValueInputsLevel2;,,0.0,,q1,2020
0001262463-20-000009,WeightedAverageNumberOfShareOutstandingBasicAndDiluted,us-gaap/2019,20190930,3,shares,,,41726239.0,,q1,2020
0001058290-20-000008,SellingGeneralAndAdministrativeExpense,us-gaap/2019,20190930,1,USD,,,706000000.0,,q1,2020
0001628280-20-000559,Revenues,us-gaap/2018,20181130,4,USD,,,20571631000.0,,q1,2020
0000014930-20-000027,Revenues,us-gaap/2019,20191231,4,USD,,,4108400000.0,,q1,2020
0001140361-20-004386,ProceedsFromSaleOfFederalHomeLoanBankStock,us-gaap/2019,20171231,4,USD,,,0.0,,q1,2020
0001703644-20-000010,ProceedsFromSecuritizationsOfLoansHeldForInvestment,us-gaap/2019,20181231,4,USD,,,651374000.0,,q1,2020
0001564590-20-004248,OtherNoncashIncomeExpense,us-gaap/2019,20191231,4,USD,,,187000.0,,q1,2020
0000109563-20-000025,OtherComprehensiveIncomeLossTax,us-gaap/2018,20191231,2,USD,,,27000.0,,q1,2020
0000102212-20-000017,OtherComprehensiveIncomeLossDerivativesQualifyingAsHedgesNetOfTax,us-gaap/2019,20191231,4,USD,,,-349000.0,,q1,2020
0000091576-20-000007,OtherComprehensiveIncomeLossNetOfTax,us-gaap/2019,20171231,4,USD,,,-238000000.0,,q1,2020
0001564590-20-011004,OperatingLeaseRightOfUseAssetAmortization,0001564590-20-011004,20181231,4,USD,,,0.0,,q1,2020
0001564590-20-005598,OtherComprehensiveIncomeLossNetOfTax,us-gaap/2019,20191231,4,USD,,,-2400000.0,,q1,2020
0001564590-20-005667,OtherNonoperatingIncomeExpense,us-gaap/2019,20181231,4,USD,,,-18000000.0,,q1,2020
0001558370-20-001356,PaymentsRelatedToTaxWithholdingForShareBasedCompensation,us-gaap/2019,20181231,4,USD,,,171000.0,,q1,2020
0001334036-20-000010,OperatingIncomeLoss,us-gaap/2019,20181231,1,USD,,,-13937000.0,,q1,2020
0001282637-20-000005,OtherComprehensiveIncomeLossAmortizationAdjustmentFromAOCIPensionAndOtherPostretirementBenefitPlansForNetPriorServiceCostCreditNetOfTax,us-gaap/2019,20181231,4,USD,,,-2363000.0,,q1,2020
0001159508-20-000012,NetCashReceivedInPaidForBusinessCombinationsDivestitures,0001159508-20-000012,20191231,4,EUR,,,1762000000.0,,q1,2020
0001679688-20-000014,CommonStockDividendsPerShareDeclared,us-gaap/2019,20181231,4,USD,,,0.44,,q1,2020
0000739421-20-000017,AvailableForSaleSecuritiesDebtSecurities,us-gaap/2019,20181231,0,USD,ConsolidatedEntities=ParentCompany;,,516000.0,,q1,2020
0001558370-20-002771,AmortizationOfMortgageServicingRightsMSRs,us-gaap/2018,20171231,4,USD,,,2554000.0,,q1,2020
0001393905-20-000023,Cash,us-gaap/2019,20180630,0,USD,,,40457.0,,q1,2020
0001599947-20-000012,AdjustmentsToAdditionalPaidInCapitalSharebasedCompensationRequisiteServicePeriodRecognitionValue,us-gaap/2019,20171231,4,USD,EquityComponents=AdditionalPaidInCapital;,,14689000.0,,q1,2020
0001140361-20-001351,StockholdersEquity,us-gaap/2019,20180331,0,USD,EquityComponents=AdditionalPaidInCapital;,,197868000.0,,q1,2020
0001213900-20-007515,StockIssuedDuringPeriodSaleOfNetOfUnderwritingDiscountAndOfferingExpenses,0001213900-20-007515,20191231,2,USD,EquityComponents=AdditionalPaidInCapital;,,161573418.0,,q1,2020
0001564590-20-014284,StockIssuedDuringPeriodValueRestrictedStockAwardGross,us-gaap/2019,20191231,4,USD,,,179000.0,,q1,2020
0001140361-20-004911,AvailableForSaleSecuritiesDebtSecurities,us-gaap/2019,20191231,0,USD,FairValueByMeasurementFrequency=FairValueMeasurementsRecurring;,,342897000.0,,q1,2020
0001493152-20-002576,StockholdersEquity,us-gaap/2019,20190930,0,USD,,,-4541732.0,,q1,2020
0001628280-20-003129,WeightedAverageNumberOfDilutedSharesOutstanding,us-gaap/2018,20200131,1,shares,,,32668000.0,,q1,2020
0000821127-20-000044,WeightedAverageNumberOfSharesOutstandingBasic,us-gaap/2019,20191231,4,shares,,,83430740.0,,q1,2020
0000058492-20-000002,PropertyPlantAndEquipmentNet,us-gaap/2019,20171231,0,USD,,,663900000.0,,q1,2020
0000783280-20-000010,SecuredDebt,us-gaap/2018,20191231,0,USD,,,34023000.0,,q1,2020
0001104659-20-026291,ResearchAndDevelopmentExpense,ifrs/2019,20191231,4,CAD,,,25409000.0,,q1,2020
0001714899-20-000026,PreferredStockSharesAuthorized,us-gaap/2019,20181231,0,shares,,,40000000.0,,q1,2020
0001025996-20-000050,PaymentsToAcquireOtherRealEstate,us-gaap/2019,20181231,4,USD,,,311299000.0,,q1,2020
0001522727-20-000005,PartnersCapitalAccountAcquisitions,us-gaap/2019,20181231,4,USD,,,324910000.0,,q1,2020
0001739104-20-000005,PaymentsToAcquirePropertyPlantAndEquipment,us-gaap/2019,20191231,4,USD,,,140400000.0,,q1,2020
0001280058-20-000011,PreferredStockValue,us-gaap/2019,20181231,0,USD,,,0.0,,q1,2020
0001016178-20-000007,PreferredStockSharesIssued,us-gaap/2019,20191231,0,shares,,,45118.0,,q1,2020
0001174947-20-000148,OtherSalesRevenuesNet,0001174947-20-000148,20191231,1,USD,,,47000.0,,q1,2020
0001437749-20-002109,OtherNonoperatingIncomeExpense,us-gaap/2019,20171231,4,USD,,,1692000.0,,q1,2020
0000062996-20-000006,PaymentsForRepurchaseOfCommonStock,us-gaap/2018,20171231,4,USD,,,331000000.0,,q1,2020
0000712515-20-000006,OtherComprehensiveIncomeLossForeignCurrencyTransactionAndTranslationAdjustmentNetOfTax,us-gaap/2019,20191231,3,USD,,,-1000000.0,,q1,2020
0001413447-20-000009,OtherOperatingIncomeExpenseNet,us-gaap/2019,20171231,4,USD,,,1575000000.0,,q1,2020
0001140361-20-006788,OtherAssetsNoncurrent,us-gaap/2019,20190131,0,USD,,,4300000.0,,q1,2020
0000091440-20-000004,NotesAndLoansReceivableNetCurrent,us-gaap/2019,20181231,0,USD,,,616800000.0,,q1,2020
0000868671-20-000032,MiscellaneousLoanFeesandCharges,0000868671-20-000032,20181231,4,USD,,,6805000.0,,q1,2020
0001437749-20-005145,OperatingLeaseRightOfUseAsset,us-gaap/2019,20181231,0,USD,,,,,q1,2020
0001628280-20-003403,NetIncomeLossAvailableToCommonStockholdersBasic,us-gaap/2019,20190131,2,USD,,,-20191000.0,,q1,2020
0000898173-20-000007,NonoperatingIncomeExpense,us-gaap/2019,20191231,4,USD,,,-130397000.0,,q1,2020
0001564590-20-009196,NetIncomeLoss,us-gaap/2019,20190630,1,USD,,,7904000.0,,q1,2020
0000074046-20-000009,InvestmentIncomeInterest,us-gaap/2019,20190131,2,USD,,,96000.0,,q1,2020
0001561894-20-000016,IncomeTaxExpenseBenefit,us-gaap/2019,20190930,1,USD,,,132000.0,,q1,2020
0001103982-20-000003,IncomeLossFromEquityMethodInvestments,us-gaap/2019,20181231,1,USD,,,149000000.0,,q1,2020
0001564590-20-006806,IncreaseDecreaseInAccruedLiabilities,us-gaap/2019,20171231,4,USD,,,6301000.0,,q1,2020
0000315858-20-000029,RealEstateInvestmentsUnconsolidatedRealEstateAndOtherJointVentures,us-gaap/2018,20191231,0,USD,ScheduleOfEquityMethodInvestmentEquityMethodInvesteeName=AltisVinelandPointe;,,4712000.0,,q1,2020
0001493152-20-004884,GrossProfit,us-gaap/2019,20190630,4,USD,,,109352.0,,q1,2020
0001193125-20-071738,StockholdersEquityIncludingPortionAttributableToNoncontrollingInterest,us-gaap/2019,20191231,0,USD,EquityComponents=Parent;,,529745000.0,,q1,2020
0000055242-20-000007,StockholdersEquityIncludingPortionAttributableToNoncontrollingInterest,us-gaap/2019,20180630,0,USD,EquityComponents=NoncontrollingInterest;,,36002000.0,,q1,2020
0001609711-20-000022,StockholdersEquityIncludingPortionAttributableToNoncontrollingInterest,us-gaap/2019,20191231,0,USD,EquityComponents=NoncontrollingInterest;,,10100000.0,,q1,2020
0001564590-20-004072,OtherComprehensiveIncomeLossNetOfTax,us-gaap/2019,20191231,1,USD,EquityComponents=RetainedEarnings;,,0.0,,q1,2020
0001493152-20-003156,StockIssuedDuringPeriodSharesConversionOfConvertibleSecurities,us-gaap/2019,20190930,3,shares,EquityComponents=CommonStock;,,2505933.0,,q1,2020
0000037785-20-000035,StockholdersEquityIncludingPortionAttributableToNoncontrollingInterest,us-gaap/2019,20171231,0,USD,EquityComponents=AccumulatedOtherComprehensiveIncome;,,-240300000.0,,q1,2020
0001564590-20-006776,StockIssuedDuringPeriodValueShareBasedCompensationNetOfSharesWithheldForTaxes,0001564590-20-006776,20181231,4,USD,EquityComponents=AccumulatedOtherComprehensiveIncome;,,0.0,,q1,2020
0001213900-20-007611,NetIncomeLossAttributableToNoncontrollingInterest,us-gaap/2019,20171231,4,USD,EquityComponents=CommonStock;,,,,q1,2020
0000316709-20-000012,StockholdersEquity,us-gaap/2019,20171231,0,USD,EquityComponents=TreasuryStock;,,-2892000000.0,,q1,2020
0000093751-20-000684,StockholdersEquityOther,us-gaap/2019,20171231,4,USD,EquityComponents=TreasuryStock;,,1000000.0,,q1,2020
0001564590-20-010463,AccountsPayableCurrent,us-gaap/2019,20181231,0,USD,,,10207000.0,,q1,2020
0001193125-20-051019,AccumulatedOtherComprehensiveIncomeLossOtherThanTemporaryImpairmentNotCreditLossNetOfTaxAvailableforsaleDebtSecurities,us-gaap/2019,20181231,0,USD,,,-585000000.0,,q1,2020
0001193125-20-057067,CommonStockSharesIssued,us-gaap/2019,20181231,0,shares,ClassOfStock=CommonClassUndefined;,,40066710.0,,q1,2020
0001168054-20-000004,DerivativeFairValueOfDerivativeLiability,us-gaap/2019,20181231,0,USD,BalanceSheetLocation=OtherNoncurrentLiabilities;DerivativeInstrumentRisk=OilContracts;HedgingDesignation=Nondesignated;,,311000.0,,q1,2020
0000887343-20-000070,CumulativeEffectOfNewAccountingPrincipleInPeriodOfAdoption,us-gaap/2019,20161231,0,USD,AdjustmentsForNewAccountingPronouncements=AccountingStandardsUpdate201802;,,0.0,,q1,2020
0001283630-20-000029,CommitmentsAndContingencies,us-gaap/2019,20181231,0,USD,LegalEntity=AmericanCampusCommunitiesOperatingPartnershipLimitedPartnership;,AmericanCampusCommunitiesOperatingPartnershipLimitedPartnership,,,q1,2020
0001411579-20-000027,NonoperatingIncomeExpenseIncludingIncomeLossFromEquityMethodInvestments,0001411579-20-000027,20171231,4,USD,ConsolidatedEntities=GuarantorSubsidiaries;,,-357000000.0,,q1,2020
0001628280-20-002543,ComprehensiveIncomeNetOfTax,us-gaap/2019,20191231,4,USD,ConsolidatedEntities=SubsidiaryIssuer;,,640200000.0,,q1,2020
0001047340-20-000020,CommonStockParOrStatedValuePerShare,us-gaap/2019,20181231,0,USD,,,0.01,,q1,2020
0000927089-20-000176,CashPaidForSaleOfBusinessUnits,0000927089-20-000176,20171231,4,USD,,,0.0,,q1,2020
0001558370-20-002077,CashAndCashEquivalentsAtCarryingValue,us-gaap/2019,20181231,0,USD,,,17504000.0,,q1,2020
0000024090-20-000016,AllocatedShareBasedCompensationExpenseGross,0000024090-20-000016,20191231,4,USD,ConsolidatedEntities=ParentCompany;,,2099000.0,,q1,2020
0000875045-20-000005,AvailableForSaleSecuritiesNoncurrent,us-gaap/2019,20181231,0,USD,,,1375900000.0,,q1,2020
0000915779-20-000009,AccruedLiabilitiesCurrent,us-gaap/2018,20190430,0,USD,,,32061000.0,,q1,2020
0001564590-20-008171,ComprehensiveIncomeNetOfTax,us-gaap/2019,20191231,4,USD,,,-22944000.0,,q1,2020
0001213900-20-006499,CommitmentsAndContingencies,us-gaap/2019,20191231,0,USD,,,,,q1,2020
0001038509-20-000007,OtherInvestments,us-gaap/2019,20191231,0,USD,FairValueByFairValueHierarchyLevel=FairValueInputsLevel2;FairValueByMeasurementFrequency=FairValueMeasurementsRecurring;,,34413000.0,,q1,2020
0001193125-20-049021,StockholdersEquity,us-gaap/2019,20191231,0,USD,EquityComponents=AdditionalPaidInCapital;,,639567000.0,,q1,2020
0001493152-20-005264,StockholdersEquity,us-gaap/2019,20191231,0,USD,EquityComponents=AdditionalPaidInCapital;,,360330.0,,q1,2020
0000715072-20-000046,StockIssuedDuringPeriodValueShareBasedCompensation,us-gaap/2019,20171231,4,USD,,,-2190000.0,,q1,2020
0000887919-20-000006,TaxesOther,us-gaap/2019,20191231,4,USD,,,973000.0,,q1,2020
0001535527-20-000006,TemporaryEquityAccretionToRedemptionValueAdjustment,us-gaap/2019,20190131,4,USD,,,0.0,,q1,2020
0000910638-20-000010,TreasuryStockShares,us-gaap/2019,20191231,0,shares,,,3670000.0,,q1,2020
0000764180-20-000018,NetCashProvidedByUsedInOperatingActivities,us-gaap/2019,20171231,4,USD,ConsolidatedEntities=ParentCompany;ConsolidationItems=ReportableLegalEntities;,,6910000000.0,,q1,2020
0001104659-20-033991,NetIncomeLossPerOutstandingLimitedPartnershipUnitBasicNetOfTax,us-gaap/2019,20191231,4,USD,LegalEntity=UnitedStates3xOilFund;,UnitedStates3xOilFund,7.02,"Based on Net asset value and weighted average shares outstanding as of December 11, 2019.",q1,2020
0001558370-20-002034,CostOfGoodsAndServiceExcludingDepreciationDepletionAndAmortization,us-gaap/2019,20171231,4,USD,ProductOrService=TechnologyService;,,9155000.0,,q1,2020
0001185185-20-000304,Revenues,us-gaap/2019,20190131,1,USD,ProductOrService=SatelliteRevenue;,,5987000.0,,q1,2020
0001564590-20-011878,Goodwill,us-gaap/2019,20180930,0,USD,BusinessAcquisition=VinimayaIncDbaAquiire;,,41695000.0,,q1,2020
0001675820-20-000006,EarningsPerShareBasic,us-gaap/2019,20180930,1,USD,,,-0.19,,q1,2020
0001025835-20-000014,EarningsPerShareDiluted,us-gaap/2019,20180331,1,USD,,,0.9,,q1,2020
0001140361-20-006788,EarningsPerShareDiluted,us-gaap/2019,20200131,4,USD,,,2.14,,q1,2020
0000003570-20-000043,OperatingLeaseLiabilityNoncurrent,us-gaap/2019,20181231,0,USD,ConsolidatedEntities=ParentCompany;,,0.0,,q1,2020
0001319161-20-000008,MinorityInterest,us-gaap/2019,20191231,0,USD,ConsolidatedEntities=NonGuarantorSubsidiaries;ConsolidationItems=ReportableLegalEntities;,,17000000.0,,q1,2020
0001016178-20-000007,LoansAndLeasesReceivableNetOfDeferredIncome,us-gaap/2019,20191231,0,USD,FinancialInstrumentPerformanceStatus=NonperformingFinancingReceivable;FinancingReceivablePortfolioSegment=ResidentialPortfolioSegment;,,4053000.0,,q1,2020
0001590584-20-000029,RevenueFromContractWithCustomerExcludingAssessedTax,us-gaap/2018,20181231,4,USD,ProductOrService=ServiceAndOther;,,428829000.0,,q1,2020
0000918160-20-000029,RevenueFromContractWithCustomerExcludingAssessedTax,us-gaap/2019,20191231,4,USD,EquitySecuritiesByIndustry=AutomotiveMarket;,,4172200000.0,,q1,2020
0001047469-20-000074,PremiumsWrittenGross,us-gaap/2019,20180930,1,USD,Geographical=SC;,,690000.0,,q1,2020
0001096343-20-000039,ImpairmentOfInvestments,us-gaap/2019,20191231,4,USD,EquityComponents=AccumulatedNetUnrealizedInvestmentGainLoss;ReclassificationOutOfAccumulatedOtherComprehensiveIncome=ReclassificationOutOfAccumulatedOtherComprehensiveIncome;,,0.0,,q1,2020
0000313616-20-000041,Goodwill,us-gaap/2019,20171231,0,USD,BusinessSegments=Diagnostics;ConsolidationItems=OperatingSegments;,,7079500000.0,,q1,2020
0001213900-20-001457,CommonStockSharesOutstanding,us-gaap/2019,20181231,0,shares,,,45771422.0,,q1,2020
0001477932-20-000531,CompensationCostForCommonStockIssuedAmount,0001477932-20-000531,20191130,1,USD,,,3778500.0,,q1,2020
0001199835-20-000096,NotesPayableRelatedPartiesClassifiedCurrent,us-gaap/2019,20181231,0,USD,DebtInstrument=NotesPayable3;,,2000.0,,q1,2020
0001161154-20-000010,NetIncomeLossIncludingPortionAttributabletoNoncontrollingInterestExcludingPortionAttributabletoRedeemableNoncontrollingInterest,0001161154-20-000010,20181231,4,USD,PartnerCapitalComponents=PredecessorEquity;,,-5000000.0,,q1,2020
0001174850-20-000012,LoansAndLeasesReceivableGrossCarryingAmount,us-gaap/2018,20181231,0,USD,CreditRatingAMBest=Substandard;FinancingReceivablePortfolioSegment=ResidentialPortfolioSegment;LienCategory=FirstLien;,,2686000.0,,q1,2020
0001193125-20-088979,PropertyPlantAndEquipmentNet,us-gaap/2019,20191231,0,USD,ConsolidationItems=OperatingSegments;Geographical=NorthAmerica;Subsegments=CA;,,993000000.0,,q1,2020
0001193125-20-010195,CostsAndExpensesRelatedParty,us-gaap/2019,20180930,2,USD,IncomeStatementLocation=ResearchAndDevelopmentExpense;RelatedPartyTransaction=RoivantSciencesLtd;,,2734441.0,,q1,2020
0001564590-20-011408,RevenueFromContractWithCustomerExcludingAssessedTax,us-gaap/2019,20181231,4,USD,BusinessSegments=KodakSoftware;ProductOrService=OngoingServiceArrangements;,,48000000.0,,q1,2020
0001558370-20-000779,ConversionOfStockAmountConverted1,us-gaap/2019,20181231,4,USD,ClassOfStock=CommonClassB;EquityComponents=CommonStock;,,14000.0,,q1,2020
0001690820-20-000052,StockIssuedDuringPeriodSharesStockOptionsExercised,us-gaap/2019,20171231,3,shares,ClassOfStock=CommonClassA;EquityComponents=CommonStock;,,3000.0,,q1,2020
0001069202-20-000004,InventoryNet,us-gaap/2019,20181231,0,USD,ConsolidationItems=ConsolidationEliminations;,,-5500000.0,,q1,2020
0001584207-20-000011,LongTermDebt,us-gaap/2019,20191231,0,USD,VariableInterestEntitiesByClassificationOfEntity=VariableInterestEntityPrimaryBeneficiary;,,7600000000.0,,q1,2020
0000048287-20-000045,ShortTermInvestments,us-gaap/2019,20191231,0,USD,InvestmentType=EquitySecurities;,,0.0,,q1,2020
0001104659-20-034130,NetIncomeLoss,us-gaap/2019,20181231,4,USD,ClassOfStock=CommonClassA;,,0.0,,q1,2020
0000950103-20-006122,IncreaseDecreaseThroughChangeInEquityOfSubsidiaries,ifrs/2019,20181231,4,TWD,ComponentsOfEquity=UnrealizedGainsLossesOnFinancialAssetsMeasuredAtFairValueThroughOtherComprehensiveIncome;,,0.0,,q1,2020
0001193125-20-047353,RealEstateInvestmentPropertyAtCost,us-gaap/2019,20191231,0,USD,RealEstateAndAccumulatedDepreciationDescriptionOfProperty=WalgreensEnterpriseAL;,,2775000.0,,q1,2020
0001562762-20-000053,OperatingExpense,ifrs/2019,20191231,4,GBP,ConsolidatedEntities=BarclaysBankGroup;ContinuingAndDiscontinuedOperations=ContinuingOperations;SegmentConsolidationItems=EliminationOfIntersegmentAmounts;,,241000000.0,,q1,2020
0000912958-20-000002,RevenueFromContractsWithCustomers,ifrs/2019,20191231,4,USD,ProductsAndServices=TelephoneAndEquipment;Segments=AfricaSegment;TimingOfTransferOfGoodsOrServices=GoodsOrServicesTransferredAtPointInTime;,,0.0,,q1,2020
0001213900-20-007917,PartnersCapital,us-gaap/2019,20191231,0,USD,ConsolidatedEntities=SeriesOfFrontierFunds;EquityComponents=NoncontrollingInterest;LegalEntity=GlobalFund;,,,,q1,2020
0001456772-20-000009,ImpairmentOfRealEstate,us-gaap/2019,20171231,4,USD,DisposalGroupClassification=DisposalGroupDisposedOfBySaleNotDiscontinuedOperations;Geographical=AlbuquerqueNM;MortgageLoansOnRealEstateDescriptionTypeOfProperty=OfficeProperty;RealEstateAndAccumulatedDepreciationDescriptionOfProperty=OnePropertyDisposition;,,230000.0,,q1,2020
0000930413-20-000859,DerivativeFinancialLiabilities,ifrs/2019,20181231,0,GBP,CategoriesOfFinancialAssets=TradingAndOther;CategoriesOfRelatedParties=TheGroup;,,9804000000.0,,q1,2020
0001062993-20-001241,NoncurrentInvestmentsOtherThanInvestmentsAccountedForUsingEquityMethod,ifrs/2019,20181231,0,CAD,ClassesOfFinancialInstruments=OrdinaryShares;OtherInvestmentsNameOfEntity=PharmadrugInc;,,0.0,,q1,2020
0000805676-20-000040,LoansAndLeasesReceivableAllowance,us-gaap/2019,20161231,0,USD,FinancingReceivableRecordedInvestmentByClassOfFinancingReceivable=FinanceLeasesPortfolioSegment;,,0.0,,q1,2020
0001553023-20-000025,RepaymentsOfLongTermCapitalLeaseObligations,us-gaap/2019,20181231,4,USD,ConsolidationItems=ConsolidationEliminations;,,0.0,,q1,2020
0001026214-20-000016,SecuritiesPurchasedUnderAgreementsToResell,us-gaap/2019,20181231,0,USD,FairValueByFairValueHierarchyLevel=FairValueInputsLevel3;FairValueByMeasurementBasis=EstimateOfFairValueFairValueDisclosure;,,0.0,,q1,2020
0001486159-20-000018,DerivativeLiabilitiesCurrent,us-gaap/2019,20181231,0,USD,ConsolidationItems=ConsolidationEliminations;,,0.0,,q1,2020
0001564590-20-008683,StockholdersEquity,us-gaap/2019,20191231,0,USD,EquityComponents=RetainedEarnings;,,-265441000.0,,q1,2020
0001104659-20-023889,StockholdersEquityIncludingPortionAttributableToNoncontrollingInterest,us-gaap/2019,20171231,0,USD,EquityComponents=RetainedEarnings;,,21457000000.0,,q1,2020
0001140361-20-004374,NetIncomeLossAttributableToNoncontrollingInterestPermanentEquity,0001140361-20-004374,20181231,4,USD,EquityComponents=NoncontrollingInterest;,,5536000.0,,q1,2020
0000016160-20-000011,StockholdersEquityIncludingPortionAttributableToNoncontrollingInterest,us-gaap/2019,20191130,0,USD,EquityComponents=NoncontrollingInterest;,,562000.0,,q1,2020
0001046995-20-000022,NetIncomeLoss,us-gaap/2019,20191231,4,USD,EquityComponents=RetainedEarnings;,,-4298000.0,,q1,2020
0001493152-20-002830,StockholdersEquityIncludingPortionAttributableToNoncontrollingInterest,us-gaap/2019,20170331,0,USD,EquityComponents=CommonStock;,,125890.0,,q1,2020
0000791963-20-000006,StockholdersEquity,us-gaap/2019,20181231,0,USD,EquityComponents=AccumulatedOtherComprehensiveIncome;,,165000.0,,q1,2020
0001341141-20-000017,CommonStockSharesOutstanding,us-gaap/2019,20161231,0,shares,EquityComponents=CommonStock;,,38797000.0,,q1,2020
0001581068-20-000008,ConversionOfStockSharesConverted1,us-gaap/2019,20171231,4,shares,EquityComponents=CommonStock;,,403000.0,,q1,2020
0001017303-20-000016,NetIncomeLoss,us-gaap/2019,20181231,4,USD,EquityComponents=CommonStock;,,0.0,,q1,2020
0001688568-20-000008,StockholdersEquityIncludingPortionAttributableToNoncontrollingInterest,us-gaap/2019,20181231,0,USD,EquityComponents=AdditionalPaidInCapital;,,11343000000.0,,q1,2020
0001688852-20-000014,AdditionalPaidInCapital,us-gaap/2019,20191231,0,USD,,,1132603000.0,,q1,2020
0001564590-20-005037,AccountsPayableCurrent,us-gaap/2019,20191231,0,USD,,,157600000.0,,q1,2020
0001109357-20-000053,ProceedsFromSaleAndMaturityOfOtherInvestments,us-gaap/2019,20191231,4,USD,LegalEntity=ExelonGenerationCoLLC;,ExelonGenerationCoLLC,10051000000.0,,q1,2020
0000898174-20-000005,AvailableForSaleSecuritiesDebtSecurities,us-gaap/2019,20181231,0,USD,FairValueByFairValueHierarchyLevel=FairValueInputsLevel1;FinancialInstrument=USTreasuryAndGovernment;,,2068000000.0,,q1,2020
0001564590-20-005038,NonoperatingIncomeExpense,us-gaap/2019,20171231,4,USD,LegalEntity=AllerganFinanceLimitedLiabilityCompany;,AllerganFinanceLimitedLiabilityCompany,-197900000.0,,q1,2020
0001096343-20-000039,OtherComprehensiveIncomeLossNetOfTax,us-gaap/2019,20191231,4,USD,EquityComponents=TotalEquity;,,303422000.0,,q1,2020
0001564590-20-007403,PaymentsToAcquirePropertyPlantAndEquipment,us-gaap/2019,20171231,4,USD,BusinessSegments=AllOtherSegments;ConsolidationItems=OperatingSegments;,,2000000.0,,q1,2020
0001156039-20-000003,DividendsCommonStock,us-gaap/2019,20191231,4,USD,,,822000000.0,,q1,2020
0001564618-20-000025,EarningsPerShareDiluted,us-gaap/2019,20191231,4,USD,,,4.46,,q1,2020
0001564590-20-004379,EquityMethodInvestmentDividendsOrDistributions,us-gaap/2019,20171231,4,USD,,,5700000.0,,q1,2020
0001558370-20-002031,DepreciationAndAmortization,us-gaap/2019,20171231,4,USD,,,68615000.0,,q1,2020
0000842518-20-000010,NoninterestIncome,us-gaap/2018,20181231,4,USD,BusinessSegments=InsuranceAgency;ConsolidationItems=OperatingSegments;,,,,q1,2020
0000092122-20-000017,PaymentsForProceedsFromOtherInvestingActivities,us-gaap/2019,20171231,4,USD,LegalEntity=GeorgiaPower;,GeorgiaPower,39000000.0,,q1,2020
0000894671-20-000010,LoansAndLeasesReceivableNetOfDeferredIncome,us-gaap/2019,20191231,0,USD,FinancialInstrumentPerformanceStatus=PerformingFinancingReceivable;FinancingReceivablePortfolioSegment=ConsumerAndResidentialPortfolioSegment;,,443063000.0,,q1,2020
0001493152-20-004899,ProvisionForLoanAndLeaseLosses,us-gaap/2019,20191231,4,USD,FinancingReceivablePortfolioSegment=MortgageLoansPortfolioSegment;FinancingReceivableRecordedInvestmentByClassOfFinancingReceivable=CommercialAndMultiFamilyMortgageLoans;,,6000.0,,q1,2020
0001553023-20-000025,ProceedsFromIssuanceOfUnsecuredDebt,us-gaap/2019,20181231,4,USD,ConsolidatedEntities=FinanceCoIssuer;,,0.0,,q1,2020
0001140361-20-003752,RevenueFromContractWithCustomerExcludingAssessedTax,us-gaap/2019,20171231,4,USD,BusinessSegments=Color;ConsolidationItems=OperatingSegments;,,526363000.0,,q1,2020
0001213900-20-002116,CostOfRevenue,us-gaap/2019,20190930,3,USD,,,1682000.0,,q1,2020
0000842180-20-000006,Debtcertificatesheldfortrading,0000842180-20-000006,20171231,0,EUR,,,0.0,,q1,2020
0001319161-20-000008,OperatingLeaseLiabilityNoncurrent,us-gaap/2019,20191231,0,USD,ConsolidatedEntities=ParentCompany;ConsolidationItems=ReportableLegalEntities;,,0.0,,q1,2020
0001564590-20-006608,LiabilitiesCurrent,us-gaap/2019,20181231,0,USD,AdjustmentsForNewAccountingPronouncements=AccountingStandardsUpdate201409;InitialApplicationPeriodCumulativeEffectTransition=CalculatedUnderRevenueGuidanceInEffectBeforeTopic606;,,68784000.0,,q1,2020
0001628280-20-002550,StockholdersEquityIncludingPortionAttributableToNoncontrollingInterest,us-gaap/2019,20171231,0,USD,ClassOfStock=CommonClassA;EquityComponents=CommonStock;,,1604000.0,,q1,2020
0001007330-20-000003,RevenueFromContractWithCustomerExcludingAssessedTax,us-gaap/2019,20181231,4,USD,Geographical=ES;,,1094000.0,,q1,2020
0001213900-20-007917,InvestmentOwnedAtFairValue,us-gaap/2019,20191231,0,USD,ConsolidatedEntities=SeriesOfFrontierFunds;FinancialInstrument=VariousStockIndexFuturesContractsOceanic;InvestmentType=LongFuturesContracts;LegalEntity=BalancedFund;,,-21237.0,,q1,2020
0001047340-20-000020,StockRepurchasedDuringPeriodValue,us-gaap/2019,20191231,4,USD,EquityComponents=ParentIncludingNoncontrollingInterest;,,17900000.0,,q1,2020
0000096869-20-000007,EquityMethodInvestmentDeferredGainOnSale,us-gaap/2019,20190430,0,USD,ScheduleOfEquityMethodInvestmentEquityMethodInvesteeName=TRCMRC3LLC;,,1500000.0,,q1,2020
0001213900-20-007917,OtherLiabilities,us-gaap/2019,20191231,0,USD,ConsolidatedEntities=SeriesOfFrontierFunds;LegalEntity=LongShortCommodityFund;,,667.0,,q1,2020
0001089819-20-000004,RegulatedOperatingRevenueElectricNonNuclear,us-gaap/2019,20191231,4,USD,BusinessSegments=ClecoCajun;ConsolidationItems=OperatingSegments;,,375489000.0,,q1,2020
0001558370-20-002154,PaymentsToAcquireCommercialRealEstate,us-gaap/2019,20181231,4,USD,PropertyPlantAndEquipmentByType=RealEstateOperations;,,106600000.0,,q1,2020
0001445866-20-000276,StockholdersEquity,us-gaap/2019,20171231,0,USD,EquityComponents=PreferredStock;,,,,q1,2020
0001635984-20-000004,NetIncomeLoss,us-gaap/2019,20171231,4,USD,ClassOfStock=CommonClassA;,,107298000.0,,q1,2020
0001679688-20-000014,AdjustmentsRelatedToTaxWithholdingForShareBasedCompensation,us-gaap/2019,20181231,4,USD,EquityComponents=Parent;,,34203000.0,,q1,2020
0000769397-20-000013,RevenueFromContractWithCustomerExcludingAssessedTax,us-gaap/2019,20190131,4,USD,Geographical=Americas;,,1049900000.0,,q1,2020
0000717588-20-000026,NetIncomeLoss,us-gaap/2019,20170331,1,USD,EquityComponents=RetainedEarnings;,,,,q1,2020
0001582244-20-000009,CommonStockSharesOutstanding,us-gaap/2019,20181231,0,shares,EquityComponents=CommonStock;,,3029678.0,,q1,2020
0001136893-20-000032,TreasuryStockValueAcquiredCostMethod,us-gaap/2019,20191231,4,USD,EquityComponents=TreasuryStock;,,400000000.0,,q1,2020
0001564590-20-011174,NetCashProvidedByUsedInInvestingActivities,us-gaap/2019,20191231,4,USD,,,-236952.0,,q1,2020
0001367859-20-000058,NetCashProvidedByUsedInInvestingActivities,us-gaap/2019,20181231,1,USD,,,-16946000.0,,q1,2020
0000315213-20-000029,NetCashProvidedByUsedInOperatingActivities,us-gaap/2019,20191231,4,USD,,,519629000.0,,q1,2020
0000851310-20-000006,NetIncomeLoss,us-gaap/2019,20190331,1,USD,,,-11306000.0,,q1,2020
0001015780-20-000065,NetIncomeLoss,us-gaap/2019,20180331,1,USD,,,247000000.0,,q1,2020
0001477932-20-001496,LiabilitiesCurrent,us-gaap/2019,20191231,0,USD,,,521068.0,,q1,2020
0001562762-20-000027,LiabilitiesAndStockholdersEquity,us-gaap/2019,20191231,0,USD,,,1712213000.0,,q1,2020
0001694426-20-000011,LongTermDebtCurrent,us-gaap/2019,20181231,0,USD,,,32000000.0,,q1,2020
0001705696-20-000048,InterestPaidNet,us-gaap/2019,20171231,1,USD,,,36779000.0,,q1,2020
0001193125-20-019640,IncreaseDecreaseInAccruedLiabilities,us-gaap/2019,20191231,2,USD,,,-8964000.0,,q1,2020
0001185185-20-000348,GeneralAndAdministrativeExpense,us-gaap/2020,20181231,4,USD,,,735175.0,,q1,2020
0001654954-20-003529,GrossProfit,us-gaap/2019,20191231,4,USD,,,0.0,,q1,2020
0001558370-20-002430,IncomeLossFromContinuingOperationsBeforeIncomeTaxesMinorityInterestAndIncomeLossFromEquityMethodInvestments,us-gaap/2019,20190930,1,USD,,,15910000.0,,q1,2020
0000929545-20-000012,IncomeTaxExpenseBenefit,us-gaap/2018,20190331,1,USD,,,186000.0,,q1,2020
0001437749-20-003038,IncreaseDecreaseInAccruedLiabilitiesAndOtherOperatingLiabilities,us-gaap/2019,20181231,3,USD,,,-22354.0,,q1,2020
0001015328-20-000067,IncreaseDecreaseInBrokerDealerRelatedReceivablesPayablesNet,us-gaap/2019,20171231,4,USD,,,1250000.0,,q1,2020
0001437749-20-003765,ProceedsFromPaymentsForOtherFinancingActivities,us-gaap/2019,20181231,4,USD,ConsolidatedEntities=Subsidiaries;ConsolidationItems=ReportableLegalEntities;,,0.0,,q1,2020
0001558370-20-002390,InvestmentOwnedUnrealizedGainLossOnOpenContractsNet,0001558370-20-002390,20181231,0,USD,ClassOfStock=LegacyOneClass;InvestmentByTertiaryType=Metals;Investments=OpenContracts;InvestmentSecondaryCategorization=ForeignFuturesPositions;InvestmentType=FuturesContracts;,,2190.0,,q1,2020
0001509589-20-000011,DerivativeLiabilitiesCurrent,us-gaap/2019,20191231,0,USD,,,6390000.0,,q1,2020
0000024090-20-000016,DeferredPolicyAcquisitionCostAmortizationExpense,us-gaap/2019,20171231,4,USD,,,29690000.0,,q1,2020
0001564590-20-003682,ContractWithCustomerLiabilityCurrent,us-gaap/2019,20190331,0,USD,,,16393000.0,,q1,2020
0001172222-20-000008,NetCashProvidedByUsedInFinancingActivities,us-gaap/2019,20171231,4,USD,ConsolidatedEntities=ParentCompany;ConsolidationItems=ReportableLegalEntities;,,-2921000.0,,q1,2020
0001169445-20-000002,EarningsPerShareBasic,us-gaap/2019,20181231,1,USD,,,0.54,,q1,2020
0001564590-20-004072,EarningsPerShareBasic,us-gaap/2019,20181231,1,USD,,,0.08,,q1,2020
0001660734-20-000015,DerivativeLiabilities,us-gaap/2019,20191231,0,USD,,,36087000.0,,q1,2020
0001262463-20-000066,DueToRelatedPartiesCurrent,us-gaap/2019,20190630,0,USD,,,,,q1,2020
0001775474-20-000003,EarningsPerShareDiluted,us-gaap/2018,20180331,1,USD,,,1.56,,q1,2020
0001140361-20-006788,EarningsPerShareDiluted,us-gaap/2019,20180131,4,USD,,,1.96,,q1,2020
0001025996-20-000050,DividendsCommonStock,us-gaap/2019,20181231,4,USD,EquityComponents=AccumulatedDistributionsInExcessOfNetIncome;,,183783000.0,,q1,2020
0001178913-20-000672,StockIssuedDuringPeriodValueTreasuryStock,0001178913-20-000672,20191231,4,USD,EquityComponents=StockholdersEquity;,,-2000.0,,q1,2020
0001564590-20-005562,IncomeLossFromEquityMethodInvestmentsMerger,0001564590-20-005562,20171231,4,USD,LegalEntity=ERPOP;,ERPOP,1955000.0,,q1,2020
0000930413-20-000605,LoansAndLeasesReceivableNetReportedAmount,us-gaap/2019,20191231,0,USD,FairValueByFairValueHierarchyLevel=FairValueInputsLevel3;FairValueByMeasurementBasis=EstimateOfFairValueFairValueDisclosure;FinancingReceivableRecordedInvestmentByClassOfFinancingReceivable=CommercialRealEstatePortfolioSegment;,,4300489000.0,,q1,2020
0000070858-20-000011,LongTermDebt,us-gaap/2019,20181231,0,USD,ConsolidatedEntities=Subsidiaries;DebtInstrument=BankofAmericaN.A.SeniorNotesFloating;LegalEntity=SubsidiariesBankofAmericaN.A.;LongtermDebtType=SeniorNotes;,,1770000000.0,,q1,2020
0000891014-20-000010,OperatingIncomeLoss,us-gaap/2019,20181231,4,USD,BusinessSegments=PerformanceMaterials;ConsolidationItems=OperatingSegments;,,116800000.0,,q1,2020
0001019056-20-000200,CashAndDueFromBanks,us-gaap/2019,20181231,0,USD,FairValueByMeasurementBasis=CarryingAmount;,,20987000.0,,q1,2020
0001213900-20-002587,TreasuryStockShares,us-gaap/2019,20190331,0,shares,,,752913.0,,q1,2020
0001564590-20-010254,WeightedAverageNumberOfShareOutstandingBasicAndDiluted,us-gaap/2019,20181231,1,shares,,,17427533.0,,q1,2020
0000066756-20-000016,RegulatoryLiabilityNoncurrent,us-gaap/2019,20191231,0,USD,,,560300000.0,,q1,2020
0001654954-20-002597,ProvisionForLoanAndLeaseLosses,us-gaap/2019,20190630,1,USD,,,77000.0,,q1,2020
0000006845-20-000002,ProceedsFromSaleOfAvailableForSaleSecuritiesDebt,us-gaap/2019,20181130,3,USD,,,5813000.0,,q1,2020
0001639825-20-000011,PaymentsForRepurchaseOfEquity,us-gaap/2019,20181231,2,USD,,,130300000.0,,q1,2020
0001705873-20-000014,PaymentsForRepurchaseOfStockHeldInTreasury,0001705873-20-000014,20191231,4,USD,,,46909000.0,,q1,2020
0001099219-20-000064,OtherLimitedPartnershipInterests,0001099219-20-000064,20181231,0,USD,,,6613000000.0,,q1,2020
0001557142-20-000015,PreferredStockDividendsIncomeStatementImpact,us-gaap/2019,20181231,4,USD,,,2011000.0,,q1,2020
0001104659-20-037775,OtherComprehensiveIncome,ifrs/2019,20181231,2,CNY,,,3223000.0,,q1,2020
0001564590-20-005507,OtherComprehensiveIncomeUnrealizedHoldingGainLossOnSecuritiesArisingDuringPeriodBeforeTax,us-gaap/2019,20171231,4,USD,,,55000.0,,q1,2020
0001409775-20-000012,OtherComprehensiveIncomeUnrealizedHoldingGainLossOnSecuritiesArisingDuringPeriodNetOfTax,us-gaap/2019,20171231,4,USD,,,-14946000.0,,q1,2020
0001683168-20-000946,NotesConvertedToPreferredStock,0001683168-20-000946,20191231,4,USD,,,0.0,,q1,2020
0001558370-20-003169,OtherCostAndExpenseOperating,us-gaap/2018,20181231,4,USD,,,221000.0,,q1,2020
0001370946-20-000015,NetCashProvidedByUsedInFinancingActivities,us-gaap/2019,20171231,4,USD,,,3000000.0,,q1,2020
0001213900-20-002827,NonCashInterestExpense,0001213900-20-002827,20171231,4,USD,,,,,q1,2020
0001558370-20-003257,NetCashProvidedByUsedInFinancingActivities,us-gaap/2019,20171231,4,USD,,,23343863.0,,q1,2020
0001346302-20-000007,NetCashProvidedByUsedInInvestingActivities,us-gaap/2019,20191231,4,USD,,,-2383000.0,,q1,2020
0001753926-20-000021,NetIncomeLossAvailableToCommonStockholdersBasic,us-gaap/2019,20181231,2,USD,,,-972919.0,,q1,2020
0001193125-20-047353,NetIncomeLoss,us-gaap/2019,20171231,4,USD,,,77148000.0,,q1,2020
0000049826-20-000020,LiabilitiesCurrent,us-gaap/2019,20191231,0,USD,,,2154000000.0,,q1,2020
0000066570-20-000005,LiabilitiesAndStockholdersEquity,us-gaap/2019,20181231,0,USD,,,1608012000.0,,q1,2020
0000910406-20-000014,LongTermDebtCurrent,us-gaap/2019,20190630,0,USD,,,17232000.0,,q1,2020
0001082923-20-000030,IncomeTaxesPaidNet,us-gaap/2019,20181231,4,USD,,,-10100000.0,,q1,2020
0001493152-20-004094,InterestPaidNet,us-gaap/2019,20191130,4,USD,,,,,q1,2020
0000763563-20-000052,InterestBearingDepositLiabilities,us-gaap/2018,20181231,0,USD,,,1084804000.0,,q1,2020
0001493152-20-002627,IncomeTaxExpenseBenefit,us-gaap/2019,20190930,1,USD,,,,,q1,2020
0001527541-20-000025,IncomeLossFromContinuingOperationsPerBasicAndDilutedShare,us-gaap/2019,20191231,4,USD,,,-2.34,,q1,2020
0001659166-20-000071,Assets,us-gaap/2019,20171231,0,USD,BusinessSegments=IndustrialTechnologies;ConsolidationItems=OperatingSegments;,,2902700000.0,,q1,2020
0001564590-20-010072,CostOfGoodsAndServicesSold,us-gaap/2018,20191231,4,USD,BusinessSegments=IntersegmentElimination;ConsolidationItems=OperatingSegments;,,-5000.0,,q1,2020
0001193125-20-083397,LoansAndAdvancesToCustomers,ifrs/2019,20181231,0,GBP,ProductsAndServices=OtherUnsecuredLoans;Segments=ConsumerFinanceAndUnsecuredLending;,,5640000000.0,,q1,2020
0001161697-20-000026,DebtConversionConvertedInstrumentAmount1,us-gaap/2019,20181031,3,USD,CreationDate1=ReportDate37;DebtInstrument=ConvertibleNotesPayable;,,18904.0,,q1,2020
0001493152-20-002040,RevenueFromContractWithCustomerExcludingAssessedTax,us-gaap/2019,20191231,1,USD,ConcentrationRiskByBenchmark=NonCoreRevenue;,,1723226.0,,q1,2020
0001224608-20-000009,EarningsPerShareDiluted,us-gaap/2019,20190630,1,USD,,,0.24,,q1,2020
0000103379-20-000003,DiscontinuedOperationIncomeLossFromDiscontinuedOperationNetOfTaxPerDilutedShare,us-gaap/2019,20191231,1,USD,,,0.03,,q1,2020
0001564590-20-004992,AmortizationOfIntangibleAssets,us-gaap/2019,20181231,4,USD,FiniteLivedIntangibleAssetsByMajorClass=AcquiredIntangibleAssets;,,44000000.0,,q1,2020
0000051644-20-000013,Revenues,us-gaap/2019,20191231,4,USD,BusinessSegments=OperatingSegments;Geographical=US;,,4912500000.0,,q1,2020
0001562762-20-000024,OperatingIncomeLoss,us-gaap/2018,20190930,1,USD,BusinessSegments=DefenseProducts;,,19161000.0,,q1,2020
0000793952-20-000008,AssetsCurrent,us-gaap/2019,20181231,0,USD,ConsolidationItems=ConsolidationEliminations;,,-125127000.0,,q1,2020
0001564590-20-004740,StockholdersEquityIncludingPortionAttributableToNoncontrollingInterest,us-gaap/2019,20181231,0,USD,EquityComponents=RetainedEarnings;,,-188562000.0,,q1,2020
0001628280-20-002350,StockholdersEquityIncludingPortionAttributableToNoncontrollingInterest,us-gaap/2019,20171231,0,USD,EquityComponents=RetainedEarnings;,,-900986000.0,,q1,2020
0001016281-20-000035,StockRepurchasedAndRetiredDuringPeriodShares,us-gaap/2019,20181231,4,shares,EquityComponents=CommonStock;,,30000.0,,q1,2020
0001477932-20-001303,SharesIssued,us-gaap/2019,20191031,0,shares,EquityComponents=CommonStock;,,3150000.0,,q1,2020
0001646972-20-000006,StockholdersEquity,us-gaap/2019,20190228,0,USD,EquityComponents=AccumulatedOtherComprehensiveIncome;,,91300000.0,,q1,2020
0000904163-20-000004,StockholdersEquityIncludingPortionAttributableToNoncontrollingInterest,us-gaap/2019,20171231,0,USD,EquityComponents=AccumulatedOtherComprehensiveIncome;,,642216000.0,,q1,2020
0001193125-20-058848,HeldToMaturitySecurities,us-gaap/2019,20191231,0,USD,FairValueByMeasurementBasis=CarryingReportedAmountFairValueDisclosure;,,97662000.0,,q1,2020
0000768899-20-000063,CommonStockSharesOutstanding,us-gaap/2019,20181231,0,shares,EquityComponents=CommonStock;,,40054000.0,,q1,2020
0001748790-20-000010,StockholdersEquityIncludingPortionAttributableToNoncontrollingInterest,us-gaap/2019,20181231,0,USD,EquityComponents=TreasuryStock;,,-12200000.0,,q1,2020
0001387131-20-003378,AdvisoryFeeToRelatedParty,0001387131-20-003378,20191231,4,USD,ConsolidationItems=OperatingSegments;,,5806000.0,,q1,2020
0001545654-20-000007,AccruedLiabilitiesAndOtherLiabilities,us-gaap/2019,20191231,0,USD,,,95500000.0,,q1,2020
0001363829-20-000039,StockholdersEquityIncludingPortionAttributableToNoncontrollingInterest,us-gaap/2019,20171231,0,USD,ClassOfStock=SeriesEPreferredStock;EquityComponents=PreferredStock;,,0.0,,q1,2020
0001185185-20-000125,CostOfRevenue,us-gaap/2019,20180630,2,USD,ProductOrService=EquipmentSales;,,17551.0,,q1,2020
0001564590-20-009393,Land,us-gaap/2019,20170131,0,USD,RealEstateAndAccumulatedDepreciationDescriptionOfProperty=Macys;,,4635000.0,,q1,2020
0001047469-20-001629,InvestmentAccountedForUsingEquityMethod,ifrs/2019,20181231,0,USD,SegmentConsolidationItems=OperatingSegments;Segments=AsiaOperatingSegment;,,1262000000.0,,q1,2020
0001628280-20-002426,StockIssuedDuringPeriodValueStockWarrantsExercise,0001628280-20-002426,20191231,4,USD,FairValueByFairValueHierarchyLevel=FairValueInputsLevel3;FairValueByLiabilityClass=Warrant;,,0.0,,q1,2020
0001557142-20-000015,MarketableSecuritiesNoncurrent,us-gaap/2019,20181231,0,USD,ScheduleOfEquityMethodInvestmentEquityMethodInvesteeName=MeiragtxLtd.;,,34100000.0,,q1,2020
0000913778-20-000003,NetIncomeLoss,us-gaap/2019,20191231,1,USD,TaxCreditSeries=SeriesThirtyOne;,,-35539.0,,q1,2020
0001628280-20-001686,PreferredStockDividendsIncomeStatementImpact,us-gaap/2019,20181231,2,USD,Restatement=RestatementAdjustment;,,0.0,,q1,2020
0001558370-20-002284,CashCashEquivalentsRestrictedCashAndRestrictedCashEquivalents,us-gaap/2019,20181231,0,USD,,,16652000.0,,q1,2020
0001640334-20-000228,BankIndebtedness,0001640334-20-000228,20181231,3,USD,,,,,q1,2020
0001564590-20-007407,CashCashEquivalentsRestrictedCashAndRestrictedCashEquivalentsPeriodIncreaseDecreaseIncludingExchangeRateEffect,us-gaap/2019,20181231,4,USD,,,-15837000.0,,q1,2020
0001437749-20-004519,CashCashEquivalentsRestrictedCashAndRestrictedCashEquivalentsPeriodIncreaseDecreaseIncludingExchangeRateEffect,us-gaap/2019,20181231,4,USD,,,7380852.0,,q1,2020
0001447362-20-000029,AdjustmentsToAdditionalPaidInCapitalEquityComponentOfConvertibleDebtSubsequentAdjustments,us-gaap/2019,20191231,4,USD,,,15265000.0,,q1,2020
0001552781-20-000168,AmortizationOfDeferredLoanOriginationFeesNet,us-gaap/2019,20171231,4,USD,,,-1279000.0,,q1,2020
0001193125-20-041751,ComprehensiveIncomeNetOfTaxIncludingPortionAttributableToNoncontrollingInterest,us-gaap/2019,20171231,4,USD,,,822600000.0,,q1,2020
0001104659-20-027979,WeightedAverageNumberOfShareOutstandingBasicAndDiluted,us-gaap/2019,20171231,4,shares,,,216848866.0,,q1,2020
0001717307-20-000011,WeightedAverageNumberOfSharesOutstandingBasic,us-gaap/2018,20181231,4,shares,,,64139000.0,,q1,2020
0001314152-20-000018,WeightedAverageNumberOfOutstandingSharesBasicAndDiluted,0001314152-20-000018,20171231,4,shares,,,134507458.0,,q1,2020
0000072207-20-000010,StockholdersEquityIncludingPortionAttributableToNoncontrollingInterest,us-gaap/2019,20191231,0,USD,,,9055000000.0,,q1,2020
0001047862-20-000041,StockIssuedDuringPeriodValueNewIssues,us-gaap/2019,20191231,4,USD,,,825000000.0,,q1,2020
0001628280-20-001784,InterestRevenueExpense,ifrs/2018,20190930,4,USD,SignificantInvestmentsInAssociates=BankOfCommunicationsCo.Limited;,,20558000000.0,,q1,2020
0001326160-20-000034,InterestPaidNet,us-gaap/2019,20181231,4,USD,LegalEntity=DukeEnergyIndiana;,DukeEnergyIndiana,162000000.0,,q1,2020
0000933136-20-000005,FeesAndCommissionsMortgageBankingAndServicing,us-gaap/2019,20180731,2,USD,ConsolidatedEntities=SubsidiaryIssuer;ConsolidationItems=ReportableLegalEntities;,,732000000.0,,q1,2020
0001564590-20-004859,IssuanceOfExchangeableOperatingPartnershipValue,0001564590-20-004859,20191231,4,USD,ConsolidatedEntities=PartnershipInterest;PartnerTypeOfPartnersCapitalAccount=GeneralPartner;,,0.0,,q1,2020
0001178819-20-000011,RoyaltyExpense,ifrs/2019,20191231,4,USD,SegmentConsolidationItems=OperatingSegments;Segments=MulatosSegment;,,3100000.0,,q1,2020
0000063754-20-000065,CashCashEquivalentsRestrictedCashAndRestrictedCashEquivalentsPeriodIncreaseDecreaseIncludingExchangeRateEffect,us-gaap/2018,20190228,1,USD,,,5700000.0,,q1,2020
0001493152-20-004397,CashCashEquivalentsRestrictedCashAndRestrictedCashEquivalentsIncludingDisposalGroupAndDiscontinuedOperations,us-gaap/2019,20170731,0,USD,,,2565.0,,q1,2020
0001564590-20-006848,CashCashEquivalentsRestrictedCashAndRestrictedCashEquivalentsPeriodIncreaseDecreaseIncludingExchangeRateEffect,us-gaap/2019,20181231,4,USD,,,-51708000.0,,q1,2020
0000719135-20-000029,RetainedEarningsAccumulatedDeficit,us-gaap/2019,20181231,0,USD,Restatement=ScenarioPreviouslyReported;,,35513000.0,,q1,2020
0001072627-20-000035,DeferredRevenue,us-gaap/2018,20171231,0,USD,Restatement=RestatementAdjustment;,,41113000.0,,q1,2020
0001051470-20-000077,StockholdersEquityIncludingPortionAttributableToNoncontrollingInterest,us-gaap/2019,20190630,0,USD,Restatement=RestatementAdjustment;,,-487000000.0,,q1,2020
0001060955-20-000004,StockRepurchasedAndRetiredDuringPeriodValue,us-gaap/2019,20181231,4,USD,ShareRepurchaseProgram=BuybackProgram;,,372100000.0,,q1,2020
0000884887-20-000009,ComprehensiveIncomeNetOfTax,us-gaap/2019,20191231,4,USD,,,1708908000.0,,q1,2020
0000315213-20-000029,CommonStockDividendsPerShareDeclared,us-gaap/2019,20200131,0,USD,SubsequentEventType=SubsequentEvent;,,0.34,,q1,2020
0001052918-20-000027,ShareBasedCompensation,us-gaap/2019,20181231,2,USD,EquityComponents=AdditionalPaidInCapital;,,43893.0,,q1,2020
0001654954-20-000262,StockholdersEquity,us-gaap/2019,20180930,0,USD,,,1638366.0,,q1,2020
0001140361-20-004510,StockIssuedDuringPeriodValueEmployeeBenefitPlan,us-gaap/2019,20171231,4,USD,,,10060000.0,,q1,2020
0001437749-20-004119,StockIssuedDuringPeriodValueRestrictedStockAwardNetOfForfeitures,us-gaap/2019,20171231,4,USD,,,-18115000.0,,q1,2020
0001029199-20-000009,SellingGeneralAndAdministrativeExpense,us-gaap/2018,20171231,4,USD,,,190302000.0,,q1,2020
0001104659-20-041231,ShareOfOtherComprehensiveIncomeOfAssociatesAndJointVenturesAccountedForUsingEquityMethodThatWillBeReclassifiedToProfitOrLossNetOfTax,ifrs/2019,20191231,4,BRL,,,55038000.0,,q1,2020
0001640334-20-000146,Revenues,us-gaap/2019,20190930,1,USD,,,,,q1,2020
0001553350-20-000100,PreferredStockSharesAuthorized,us-gaap/2018,20190930,0,shares,,,1000000.0,,q1,2020
0001104659-20-032548,RepaymentOfNotePayableAndGeneralAndAdministrativeExpensesPaidByRelatedParties,0001104659-20-032548,20181231,3,USD,,,155000.0,,q1,2020
0001564590-20-012247,RevenueFromContractWithCustomerExcludingAssessedTax,us-gaap/2019,20171231,4,USD,,,216671000.0,,q1,2020
0001558370-20-002769,RetentionOfMortgageServicingRightsFromLoanSales,0001558370-20-002769,20181231,4,USD,,,5971000.0,,q1,2020
0001171843-20-001695,RepaymentsOfLinesOfCredit,us-gaap/2019,20191231,4,USD,,,8000000.0,,q1,2020
0001511337-20-000006,PaymentstoacquireFelCorLodgingTrust,0001511337-20-000006,20171231,4,USD,,,24883000.0,,q1,2020
0001193125-20-087676,OtherCashPaymentsToAcquireEquityOrDebtInstrumentsOfOtherEntitiesClassifiedAsInvestingActivities,ifrs/2019,20171231,4,JPY,,,4880000000.0,,q1,2020
0001140361-20-007224,OperatingExpenses,us-gaap/2019,20181231,4,USD,,,728637.0,,q1,2020
0001651094-20-000010,OperatingLeaseLiabilityObtainedinExchangeforRightofUseAsset,0001651094-20-000010,20171231,4,USD,,,0.0,,q1,2020
0000899749-20-000014,OtherComprehensiveIncomeLossNetOfTax,us-gaap/2019,20191231,4,USD,,,-5273000.0,,q1,2020
0001552000-20-000007,OtherOperatingActivitiesCashFlowStatement,us-gaap/2019,20191231,4,USD,,,9000000.0,,q1,2020
0001193125-20-033196,OperatingIncomeLoss,us-gaap/2019,20191231,4,USD,,,3925000.0,,q1,2020
0001370946-20-000015,NetIncomeLossAttributableToNoncontrollingInterest,us-gaap/2019,20191231,4,USD,,,0.0,,q1,2020
0001590714-20-000023,OtherComprehensiveIncomeLossForeignCurrencyTransactionAndTranslationReclassificationAdjustmentFromAOCIRealizedUponSaleOrLiquidationNetOfTax,us-gaap/2019,20181231,4,USD,,,0.0,,q1,2020
0001437749-20-002109,OtherComprehensiveIncomeLossNetOfTaxPortionAttributableToParent,us-gaap/2019,20181231,4,USD,EquityComponents=AccumulatedOtherComprehensiveIncome;,,-17807000.0,,q1,2020
0000797468-20-000004,StockholdersEquityIncludingPortionAttributableToNoncontrollingInterest,us-gaap/2019,20181231,0,USD,EquityComponents=AccumulatedOtherComprehensiveIncome;,,-172000000.0,,q1,2020
0001668428-20-000009,StockholdersEquityIncludingPortionAttributableToNoncontrollingInterest,us-gaap/2019,20171130,0,USD,EquityComponents=AccumulatedOtherComprehensiveIncome;,,555000000.0,,q1,2020
0001558370-20-000612,StockGrantedDuringPeriodValueSharebasedCompensationGross,us-gaap/2019,20180630,1,USD,EquityComponents=AdditionalPaidInCapital;,,320300.0,,q1,2020
0001579252-20-000011,StockholdersEquityIncludingPortionAttributableToNoncontrollingInterest,us-gaap/2019,20161231,0,USD,EquityComponents=AdditionalPaidInCapital;,,144666000.0,,q1,2020
0001564590-20-007450,AccountsPayableCurrent,us-gaap/2019,20181231,0,USD,,,3835000.0,,q1,2020
0001104659-20-006766,AdjustmentsToAdditionalPaidInCapitalWarrantIssued,us-gaap/2019,20180930,1,USD,,,7750000.0,,q1,2020
0001193125-20-049120,AdjustmentsForIncreaseDecreaseInDerivativeFinancialLiabilities,ifrs/2019,20200131,1,CAD,,,252000000.0,,q1,2020
0001047469-20-001329,AccruedIncomeTaxesCurrent,us-gaap/2019,20181231,0,USD,,,2265000.0,,q1,2020
0000936340-20-000127,IncomeLossFromContinuingOperationsBeforeIncomeTaxesExtraordinaryItemsNoncontrollingInterest,us-gaap/2019,20171231,4,USD,LegalEntity=DTEElectric;,DTEElectric,928000000.0,,q1,2020
0001628280-20-002106,UnrealizedGainLossOnDerivatives,us-gaap/2019,20181231,4,USD,FinancialInstrument=Future;,,-16928000.0,,q1,2020
0000899749-20-000014,PersonalProperty,0000899749-20-000014,20191231,0,USD,BusinessSegments=MedicalOffice;Geographical=IL;,,211000.0,,q1,2020
0001193125-20-056815,StockIssuedDuringPeriodValueNewIssues,us-gaap/2019,20181231,4,USD,BusinessSegments=ProsharesUltraBloombergNaturalGas;,,53884378.0,,q1,2020
0001628280-20-004053,Goodwill,us-gaap/2019,20171231,0,USD,BusinessSegments=ManufacturingorWholesaleSegment;,,88070000.0,,q1,2020
0001634997-20-000017,OtherComprehensiveIncomeLossPensionAndOtherPostretirementBenefitPlansTax,us-gaap/2019,20181231,4,USD,RetirementPlanTaxStatus=QualifiedPlan;,,-1100000.0,,q1,2020
0001340122-20-000034,Goodwill,us-gaap/2019,20191231,0,USD,BusinessSegments=SpecialtyProduct;,,171400000.0,,q1,2020
0001104659-20-033700,LoansAndLeasesReceivableGrossCarryingAmount,us-gaap/2019,20181231,0,USD,FinancingReceivableRecordedInvestmentByClassOfFinancingReceivable=CommercialLoan;InternalCreditAssessment=RiskRate6;,,466000.0,,q1,2020
0001517413-20-000043,AvailableForSaleSecuritiesDebtSecuritiesCurrent,us-gaap/2019,20191231,0,USD,FairValueByFairValueHierarchyLevel=FairValueInputsLevel2;FinancialInstrument=CommercialPaper;,,5481000.0,,q1,2020
0001466258-20-000064,ProfitLoss,us-gaap/2019,20171231,4,USD,LegalEntity=IrGlobalHolding;,IrGlobalHolding,190500000.0,,q1,2020
0001062993-20-001566,OperatingLeaseRightOfUseAsset,us-gaap/2019,20191231,0,USD,AdjustmentsForNewAccountingPronouncements=AccountingStandardsUpdate201602;,,85704.0,,q1,2020
0001545772-20-000007,Revenue,ifrs/2019,20191231,4,USD,JointVentures=D.C.Fund;,,125000000.0,,q1,2020
0001171486-20-000006,CashCashEquivalentsRestrictedCashAndRestrictedCashEquivalentsPeriodIncreaseDecreaseIncludingExchangeRateEffect,us-gaap/2019,20181231,4,USD,,,176203000.0,,q1,2020
0001628280-20-002536,CashFlowsFromLosingControlOfSubsidiariesOrOtherBusinessesClassifiedAsInvestingActivities,ifrs/2019,20181231,4,USD,,,7733000000.0,,q1,2020
0000934612-20-000004,CashDistributionsDividendsPaid,0000934612-20-000004,20171231,4,USD,,,4575000000.0,,q1,2020
0000797468-20-000004,PropertyPlantAndEquipmentNet,us-gaap/2019,20191231,0,USD,Geographical=HomeSegment;,,72808000000.0,,q1,2020
0000063754-20-000022,AccountsPayableTradeCurrent,us-gaap/2018,20181130,0,USD,,,710000000.0,,q1,2020
0001193125-20-022213,Assets,us-gaap/2019,20190930,0,USD,,,6082778.0,,q1,2020
0001564590-20-009838,Assets,us-gaap/2019,20191231,0,USD,,,18211000.0,,q1,2020
0001704715-20-000010,TreasuryStockValueAcquiredCostMethod,us-gaap/2019,20191231,4,USD,,,37622000.0,,q1,2020
0001199835-20-000098,StockholdersEquity,us-gaap/2019,20181231,0,USD,,,-7931857.0,,q1,2020
0000878526-20-000022,WeightedAverageNumberOfSharesOutstandingBasic,us-gaap/2019,20191231,4,shares,,,33696000.0,,q1,2020
0001558370-20-001467,StockIssuedDuringPeriodValueEmployeeStockPurchasePlan,us-gaap/2019,20191231,4,USD,,,3053000.0,,q1,2020
0000104889-20-000007,Revenues,us-gaap/2019,20190930,1,USD,,,738820000.0,,q1,2020
0000831641-20-000012,PreferredStockSharesAuthorized,us-gaap/2019,20190630,0,shares,,,2000000.0,,q1,2020
0000822416-20-000007,IncomeTaxExpenseBenefit,us-gaap/2019,20181231,4,USD,,,325517000.0,,q1,2020
0001558370-20-000779,IncomeLossFromDiscontinuedOperationsNetOfTax,us-gaap/2019,20181231,4,USD,DisposalGroupClassification=DiscontinuedOperationsDisposedOfByMeansOtherThanSaleSpinoff;IncomeStatementBalanceSheetAndAdditionalDisclosuresByDisposalGroupsIncludingDiscontinuedOperations=SgcBusiness;IncomeStatementLocation=RestructuringCharges;,,-1164000.0,,q1,2020
0000920112-20-000058,EarningsPerShareDiluted,us-gaap/2019,20190930,1,USD,,,0.94,,q1,2020
0001564590-20-012549,DefinedBenefitPensionPlanLiabilitiesNoncurrent,us-gaap/2019,20191231,0,USD,,,17671000.0,,q1,2020
0001104659-20-003043,CommonStockSharesOutstanding,us-gaap/2019,20180930,0,shares,,,5727090.0,,q1,2020
0001477932-20-001361,DebtInstrumentConvertibleBeneficialConversionFeature,us-gaap/2019,20191130,4,USD,,,,,q1,2020
0001640334-20-000146,OperatingExpenses,us-gaap/2019,20180930,3,USD,RelatedPartyTransaction=Director;,,0.0,,q1,2020
0000918608-20-000006,IncomeTaxExpenseContinuingOperations,ifrs/2018,20191231,4,USD,GeographicalAreas=ForeignCountries;,,147000.0,,q1,2020
0000833079-20-000026,CostOfRevenue,us-gaap/2019,20191231,4,USD,ProductOrService=FinancialService;,,6781000.0,,q1,2020
0000911421-20-000007,NetCashProvidedByUsedInFinancingActivities,us-gaap/2019,20181231,4,USD,ConsolidatedEntities=ParentCompany;,,0.0,,q1,2020
0000930413-20-000605,InterestIncomeExpenseNet,us-gaap/2019,20181231,4,USD,BusinessSegments=RegionalBanking;,,1197471000.0,,q1,2020
0001104659-20-020146,CostOfGoodsAndServicesSold,us-gaap/2019,20191231,1,USD,ProductOrService=Transactions;,,5094130.0,,q1,2020
0000860546-20-000007,GainsLossesOnExtinguishmentOfDebt,us-gaap/2019,20171231,4,USD,ConsolidatedEntities=Subsidiaries;,,-513000.0,,q1,2020
0001569994-20-000010,InformationTechnologyAndDataProcessing,us-gaap/2019,20171231,4,USD,BusinessSegments=CommunityBanking;ConsolidationItems=OperatingSegments;,,1619000.0,,q1,2020
0000006955-20-000003,NetCashProvidedByUsedInOperatingActivities,us-gaap/2019,20181130,1,USD,ConsolidatedEntities=GuarantorSubsidiaries;ConsolidationItems=ReportableLegalEntities;,,1779000.0,,q1,2020
0001437749-20-002109,OtherComprehensiveIncomeLossNetOfTaxPortionAttributableToParent,us-gaap/2019,20191231,4,USD,ConsolidatedEntities=GuarantorSubsidiaries;ConsolidationItems=ReportableLegalEntities;,,0.0,,q1,2020
0001601669-20-000018,Investments,us-gaap/2019,20191231,0,USD,CreditRatingStandardPoors=NoExternalCreditRating;FinancialInstrument=CorporateDebtSecurities;InvestmentType=FixedMaturities;,,10880000.0,,q1,2020
0000880266-20-000006,Goodwill,us-gaap/2019,20191231,0,USD,Geographical=SouthAmerica;,,112200000.0,,q1,2020
0000950103-20-006422,OtherCurrentLiabilities,ifrs/2019,20181231,0,USD,RetrospectiveApplicationAndRetrospectiveRestatement=IncreaseDecreaseDueToApplicationOfIFRS16;,,-573000.0,,q1,2020
0001755672-20-000006,PaymentsOfDistributionsToAffiliates,us-gaap/2019,20171231,1,USD,Company=DowDuPont;,,829000000.0,,q1,2020
0001213900-20-003640,CashAndCashEquivalentsAtCarryingValue,us-gaap/2019,20190630,0,CNY,TypeOfCurrency=RMB;,,53163966.0,,q1,2020
0001556593-20-000004,InterestIncomeExpenseNet,us-gaap/2019,20191231,4,USD,BusinessSegments=ResidentialSecuritiesAndLoans;ConsolidationItems=OperatingSegments;Subsegments=ResidentialMortgageLoans;,,91375000.0,,q1,2020
0001104659-20-023889,DeferredPolicyAcquisitionCostAmortizationExpense,us-gaap/2019,20171231,4,USD,BusinessSegments=LifeAndRetirement;Subsegments=InstitutionalMarkets;SubsegmentsConsolidationItems=OperatingSegments;,,5000000.0,,q1,2020
0001193125-20-047353,RealEstateInvestmentPropertyAccumulatedDepreciation,us-gaap/2019,20191231,0,USD,RealEstateAndAccumulatedDepreciationDescriptionOfProperty=LambsramonaTireAustinTxTwo;,,6000.0,,q1,2020
0001564590-20-011103,CommonStockSharesAuthorized,us-gaap/2019,20191231,0,shares,ClassOfStock=CommonClassB;,,40000000.0,,q1,2020
0001199835-20-000091,StockholdersEquity,us-gaap/2019,20171231,0,USD,ClassOfStock=SeriesBPreferredStock;EquityComponents=PreferredStock;,,16374.0,,q1,2020
0001079973-20-000216,CommonStockIssuedForServicesShares,0001079973-20-000216,20181231,4,shares,EquityComponents=PreferredStock;,,,,q1,2020
0001212545-20-000104,EquitySecuritiesFvNi,us-gaap/2019,20191231,0,USD,FairValueByAssetClass=PreferredStock;FairValueByFairValueHierarchyLevel=FairValueInputsLevel2;FairValueByMeasurementFrequency=FairValueMeasurementsRecurring;,,0.0,,q1,2020
0000040729-20-000005,Originationsandrepaymentsofloansheldforinvestmentandother,0000040729-20-000005,20191231,4,USD,ConsolidationItems=ConsolidationEliminations;,,-8000000.0,,q1,2020
0001193125-20-026877,OtherComprehensiveIncomeLossNetOfTax,us-gaap/2019,20181231,1,USD,ConsolidationItems=ConsolidationEliminations;,,44000000.0,,q1,2020
0000740260-20-000042,TreasuryStockCommonValue,us-gaap/2019,20181231,0,USD,,,0.0,,q1,2020
0001437749-20-001957,TreasuryStockValue,us-gaap/2019,20190331,0,USD,,,78303000.0,,q1,2020
0001493152-20-001062,TradingSecuritiesUnrealizedHoldingLoss,us-gaap/2019,20181231,2,USD,,,1028000.0,,q1,2020
0000950103-20-006422,SharePremium,ifrs/2019,20191231,0,TWD,,,138910363000.0,,q1,2020
0001689796-20-000003,RepaymentsOfLinesOfCredit,us-gaap/2018,20181231,4,USD,,,150751000.0,,q1,2020
0001708035-20-000009,RepaymentsOfLongTermDebt,us-gaap/2019,20171231,4,USD,,,739472000.0,,q1,2020
0000075679-20-000002,ProfitLoss,us-gaap/2019,20181231,1,USD,,,-767721000.0,,q1,2020
0001737287-20-000012,ProceedsFromIssuanceOfCommonStock,us-gaap/2018,20191231,4,USD,,,54219000.0,,q1,2020
0000750004-20-000007,ProceedsFromSaleOfFinanceReceivablesFinancingActivities,0000750004-20-000007,20191231,4,USD,,,11000000.0,,q1,2020
0001564590-20-010375,OtherNonoperatingIncomeExpense,us-gaap/2019,20181231,4,USD,,,-2115000.0,,q1,2020
0001564590-20-007843,PaymentsForRepurchaseOfCommonStock,us-gaap/2019,20181231,4,USD,,,10439000.0,,q1,2020
0001104659-20-039929,PaymentsToAcquirePropertyPlantAndEquipment,us-gaap/2019,20181231,4,USD,,,94000.0,,q1,2020
0001237831-20-000015,PaymentsToAcquirePropertyPlantAndEquipment,us-gaap/2019,20181231,4,USD,,,59697000.0,,q1,2020
0001628280-20-002802,ProceedsFromRepaymentsOfLinesOfCredit,us-gaap/2019,20191231,4,USD,,,-568406.0,,q1,2020
0001104659-20-037959,OtherComprehensiveIncome,ifrs/2019,20181231,4,USD,,,95000.0,,q1,2020
0001493152-20-004397,OperatingExpenses,us-gaap/2019,20180131,2,USD,,,718372.0,,q1,2020
0000928054-20-000024,OtherAssetsCurrent,us-gaap/2019,20181231,0,USD,,,5771000.0,,q1,2020
0001331463-20-000050,PaymentsOfDividendsCommonStock,us-gaap/2019,20181231,4,USD,,,130109000.0,,q1,2020
0001193125-20-043524,OperatingLeaseLiabilityNoncurrent,us-gaap/2019,20191231,0,USD,,,1499000000.0,,q1,2020
0001035267-20-000032,OtherComprehensiveIncomeDefinedBenefitPlansNetUnamortizedGainLossArisingDuringPeriodNetOfTax,us-gaap/2019,20171231,4,USD,,,-300000.0,,q1,2020
0000357173-20-000013,NoninterestExpense,us-gaap/2019,20181231,4,USD,,,77128000.0,,q1,2020
0001104659-20-036932,MinorityInterest,us-gaap/2019,20191231,0,USD,,,19512526.0,,q1,2020
0001564590-20-000555,MinorityInterestDecreaseFromDistributionsToNoncontrollingInterestHolders,us-gaap/2018,20191130,1,USD,,,272000.0,,q1,2020
0001364954-20-000041,OperatingLeaseCost,us-gaap/2019,20181231,4,USD,,,0.0,,q1,2020
0001529377-20-000021,NetCashProvidedByUsedInFinancingActivities,us-gaap/2019,20171231,4,USD,,,355569000.0,,q1,2020
0001493152-20-002494,LiabilitiesAndStockholdersEquity,us-gaap/2019,20190331,0,USD,,,6075310.0,,q1,2020
0000819050-20-000043,InvestmentIncomeInterest,us-gaap/2019,20181231,4,USD,,,61000.0,,q1,2020
0001564590-20-011272,InterestIncomeDepositsWithFinancialInstitutions,us-gaap/2019,20181231,4,USD,,,1002000.0,,q1,2020
0000933136-20-000005,IncreaseDecreaseInReceivablesUnderRepurchaseAgreements,us-gaap/2019,20181231,2,USD,,,527000000.0,,q1,2020
0001193125-20-048258,InterestExpense,ifrs/2019,20200131,1,CAD,,,3127000000.0,,q1,2020
0000887936-20-000017,InterestAndOtherIncomeExpenseNet,0000887936-20-000017,20190630,1,USD,,,2609000.0,,q1,2020
0001725579-20-000008,IncomeLossFromContinuingOperationsBeforeIncomeTaxesExtraordinaryItemsNoncontrollingInterest,us-gaap/2019,20180930,1,USD,,,-34069000.0,,q1,2020
0001630805-20-000026,GoodwillImpairmentLoss,us-gaap/2019,20170930,3,USD,,,3500000.0,,q1,2020
0000891166-20-000016,IncreaseDecreaseInAccountsPayable,us-gaap/2019,20181231,4,USD,,,193000.0,,q1,2020
0001493152-20-004079,IncreaseDecreaseInAccruedIncomeTaxesPayable,us-gaap/2019,20190131,1,USD,,,18409.0,,q1,2020
0001564590-20-006765,RevenueFromContractWithCustomerExcludingAssessedTax,us-gaap/2019,20181231,4,USD,ProductOrService=FormsProduct;,,267500000.0,,q1,2020
0000899051-20-000013,EarningsPerShareBasic,us-gaap/2019,20181231,4,USD,AdjustmentsForChangeInAccountingPrinciple=ChangeinRecognizingActuarialGainsandLossesandExpectedReturnonPlanAssets;Restatement=RestatementAdjustment;,,-0.27,,q1,2020
0001193125-20-090918,EscrowedDeposits,0001193125-20-090918,20181231,0,USD,,,1880231.0,,q1,2020
0001171843-20-001250,FederalFundsSold,us-gaap/2019,20181231,0,USD,,,223845000.0,,q1,2020
0001342423-20-000006,EquitySecuritiesFvNiRealizedGainLoss,us-gaap/2019,20181031,4,USD,,,4223000.0,,q1,2020
0000040545-20-000009,CashCashEquivalentsRestrictedCashAndRestrictedCashEquivalentsIncludingDisposalGroupAndDiscontinuedOperations,us-gaap/2019,20191231,0,USD,ConsolidatedEntities=GuarantorSubsidiaries;ConsolidationItems=ReportableLegalEntities;,,0.0,,q1,2020
0001002910-20-000077,AdditionalPaidInCapital,us-gaap/2018,20191231,0,USD,LegalEntity=AmerenIllinoisCompany;,AmerenIllinoisCompany,2188000000.0,,q1,2020
0001564590-20-006736,CommonStockParOrStatedValuePerShare,us-gaap/2019,20191231,0,EUR,ClassOfStock=OrdinaryShareTwo;,,1.0,,q1,2020
0001178913-20-000927,CurrentTradeReceivables,ifrs/2019,20191231,0,ILS,ClassesOfFinancialInstruments=InOrLinkedToOtherForeignCurrenciesMainlyEuro;,,12000000.0,,q1,2020
0001193125-20-047343,LoansBeforeAllowanceForLoanLosses,0001193125-20-047343,20200131,0,CAD,ClassesOfFinancialInstruments=BusinessAndGovernment;CreditRiskRating=StageTwoExposure;ProbabilityOfDefault=LoansNotGraded;,,89000000.0,,q1,2020
0001423869-20-000010,LoansAndLeasesReceivableGrossCarryingAmount,us-gaap/2019,20181231,0,USD,FinancingReceivablePortfolioSegment=RealEstateLoanPortfolioSegment;FinancingReceivableRecordedInvestmentByClassOfFinancingReceivable=ResidentialRealEstate;InternalCreditAssessment=Pass;,,233514000.0,,q1,2020
0001437749-20-001155,RevenueFromContractWithCustomerIncludingAssessedTax,us-gaap/2019,20171130,4,USD,BusinessSegments=EIMEA;ProductOrService=Engineering;,,0.0,,q1,2020
0001564590-20-014219,InterestReceivable,us-gaap/2019,20191231,0,USD,CounterpartyName=InternationalInvestmentGroupLLC;InvestmentSecondaryCategorization=AlgodoneraAvellanedaSA;TypeOfArrangement=SubAdvisoryAgreement;ValuationTechnique=IncomeApproachValuationTechnique;,,778500.0,,q1,2020
0001628280-20-001613,DerivativeAssetsCurrent,us-gaap/2019,20191231,0,USD,LegalEntity=CSCHoldings;,CSCHoldings,0.0,,q1,2020
0001675820-20-000006,PrepaidExpenseAndOtherAssets,us-gaap/2019,20171231,0,USD,AdjustmentsForNewAccountingPronouncements=AccountingStandardsUpdate201409ContractswithCustomers;,,-2705000.0,,q1,2020
0001562762-20-000105,Assets,ifrs/2019,20181231,0,EUR,Geographical=IT;GeographicalAreas=RestOfEurope;,,16991000000.0,,q1,2020
0001628280-20-001914,RevenueFromContractWithCustomerExcludingAssessedTax,us-gaap/2019,20191231,4,USD,BusinessSegments=SpecialtyProductsandTechnologies;Geographical=NorthAmerica;,,602700000.0,,q1,2020
0001628280-20-001083,LiabilitiesCurrent,us-gaap/2019,20181231,0,USD,ConsolidatedEntities=SubsidiaryIssuer;ConsolidationItems=ReportableLegalEntities;LegalEntity=SummitMaterialsLlc;,,729387000.0,,q1,2020
0001104659-20-040537,StockIssuedDuringPeriodValueNewIssues,us-gaap/2019,20191231,4,USD,ClassOfStock=CommonClassK;RelatedPartyTransactionsByRelatedParty=Investor;SubsidiarySaleOfStock=IPO;,,13157247.0,,q1,2020
0000944809-20-000007,ProceedsFromConvertibleDebt,us-gaap/2019,20191231,4,USD,LongtermDebtType=SeniorNotes;,,200000000.0,,q1,2020
0001483510-20-000018,IndefiniteLivedIntangibleAssetsExcludingGoodwill,us-gaap/2019,20190131,0,USD,IndefiniteLivedIntangibleAssetsByMajorClass=TrademarksAndTradeNames;,,197618000.0,,q1,2020
0001772695-20-000016,StockholdersEquity,us-gaap/2019,20171231,0,USD,ClassOfStock=SeriesBPreferredStock;EquityComponents=PreferredStock;,,46000.0,,q1,2020
0001171843-20-001304,SharesOutstanding,us-gaap/2019,20181231,0,shares,EquityComponents=PreferredStock;,,,,q1,2020
0001413447-20-000009,PropertyPlantAndEquipmentNet,us-gaap/2019,20171231,0,USD,Geographical=MY;,,369000000.0,,q1,2020
0001564590-20-005589,AccumulatedOtherComprehensiveIncomeLossNetOfTax,us-gaap/2019,20191231,0,USD,EquityComponents=AccumulatedNetUnrealizedInvestmentGainLoss;,,9600000.0,,q1,2020
0001558370-20-001665,OtherComprehensiveIncomeLossReclassificationAdjustmentFromAOCIForSaleOfSecuritiesTax,us-gaap/2019,20191231,4,USD,EquityComponents=AccumulatedNetUnrealizedInvestmentGainLoss;,,-210000.0,,q1,2020
0001585689-20-000013,Paymentsofdebtissuancecostsandredemptionpremium,0001585689-20-000013,20171231,4,USD,ConsolidationItems=ConsolidationEliminations;,,0.0,,q1,2020
0001199835-20-000060,NetIncomeLoss,us-gaap/2019,20170630,2,USD,EquityComponents=RetainedEarnings;,,-20801.0,,q1,2020
0000886346-20-000019,StockholdersEquityIncludingPortionAttributableToNoncontrollingInterest,us-gaap/2019,20161231,0,USD,EquityComponents=NoncontrollingInterest;,,1650000.0,,q1,2020
0001104657-20-000013,StockIssuedDuringPeriodValueShareBasedCompensation,us-gaap/2019,20171231,4,USD,EquityComponents=AccumulatedOtherComprehensiveIncome;,,0.0,,q1,2020
0001213900-20-006629,StockIssuedDuringPeriodValueStockOptionsExercised,us-gaap/2019,20181231,4,USD,EquityComponents=AccumulatedOtherComprehensiveIncome;,,,,q1,2020
0001437749-20-002047,AdjustmentsToAdditionalPaidInCapitalSharebasedCompensationRequisiteServicePeriodRecognitionValue,us-gaap/2019,20191231,1,USD,EquityComponents=CommonStock;,,,,q1,2020
0001564590-20-011796,StockIssuedDuringPeriodValueRestrictedStockAwardGross,us-gaap/2019,20180131,4,USD,EquityComponents=AdditionalPaidInCapital;,,916000.0,,q1,2020
0001558370-20-003346,AccountsPayableCurrent,us-gaap/2019,20191231,0,USD,,,3171000.0,,q1,2020
0001564590-20-005064,AccumulatedOtherComprehensiveIncomeLossNetOfTax,us-gaap/2019,20181231,0,USD,,,-160575000.0,,q1,2020
0001492298-20-000007,ProceedsPaymentsFromIssuanceOfStockNetOfTaxesPaidOnBehalfOfEmployees,0001492298-20-000007,20191231,4,USD,ConsolidationItems=ConsolidationEliminations;,,0.0,,q1,2020
0001213900-20-006565,StockIssuedDuringPeriodValueIssuedForServices,us-gaap/2019,20191231,4,USD,EquityComponents=RetainedEarnings;,,,,q1,2020
0001654954-20-003502,PreferredStockSharesOutstanding,us-gaap/2019,20191231,0,shares,ClassOfStock=SeriesBPreferredStock;,,240861.0,,q1,2020
0000205402-20-000005,StockIssuedDuringPeriodValueNewIssues,us-gaap/2019,20171231,4,USD,EquityComponents=NoncontrollingInterest;,,600000.0,,q1,2020
0001564590-20-009164,StockIssuedDuringPeriodSharesRestrictedStockAwardForfeited,us-gaap/2019,20181231,4,shares,EquityComponents=CommonStock;,,56637.0,,q1,2020
0001104659-20-027945,StockIssuedDuringPeriodSharesRestrictedStockAwardNetOfForfeitures,us-gaap/2019,20191231,4,shares,EquityComponents=CommonStock;,,15127.0,,q1,2020
0001072613-20-000149,NetIncomeLoss,us-gaap/2019,20181231,4,USD,EquityComponents=CommonStock;,,,,q1,2020
0000826154-20-000087,StockholdersEquity,us-gaap/2019,20181231,0,USD,EquityComponents=AccumulatedOtherComprehensiveIncome;,,-2972000.0,,q1,2020
0001002638-20-000004,StockholdersEquityIncludingPortionAttributableToNoncontrollingInterest,us-gaap/2019,20190930,0,USD,EquityComponents=AccumulatedOtherComprehensiveIncome;,,15096000.0,,q1,2020
0001140361-20-002505,AdditionalPaidInCapitalCommonStock,us-gaap/2019,20190630,0,USD,,,24488147.0,,q1,2020
0001592000-20-000004,AssetImpairmentCharges,us-gaap/2019,20180331,1,USD,,,0.0,,q1,2020
0001558370-20-001763,AssetsCurrent,us-gaap/2019,20191231,0,USD,,,176867000.0,,q1,2020
0001493152-20-000477,AssetsCurrent,us-gaap/2019,20180630,0,USD,,,8077000.0,,q1,2020
0001564590-20-010516,LoansAndLeasesReceivableGrossCarryingAmount,us-gaap/2019,20191231,0,USD,FinancingReceivablePortfolioSegment=FinanceLeasesPortfolioSegment;FinancingReceivableRecordedInvestmentByClassOfFinancingReceivable=AcquiredNonImpairedAndOriginatedLoans;InternalCreditAssessment=Doubtful;,,279000.0,,q1,2020
0001104659-20-025681,ProfitLossFromOperatingActivities,ifrs/2019,20191231,4,EUR,IfrsScenario=ConstantCurrency;SegmentConsolidationItems=AdjustmentOfRevenueUnderFairValueAccounting;,,-81000000.0,,q1,2020
0001104659-20-041231,IntangibleAssetsOtherThanGoodwill,ifrs/2019,20171231,0,BRL,Segments=NorthAmericaSegment;,,466008000.0,,q1,2020
0001260221-20-000008,IntangibleAssetsNetExcludingGoodwill,us-gaap/2019,20190930,0,USD,ConsolidatedEntities=GuarantorSubsidiaries;,,2064000000.0,,q1,2020
0001411579-20-000027,PropertyPlantAndEquipmentNet,us-gaap/2019,20191231,0,USD,ConsolidatedEntities=NonGuarantorSubsidiaries;,,679900000.0,,q1,2020
0001704715-20-000010,GainLossonExtinguishmentandModificationofDebt,0001704715-20-000010,20171231,4,USD,ConsolidationItems=CorporateReconcilingItemsAndEliminations;,,-38701000.0,,q1,2020
0001558370-20-002101,CashCashEquivalentsRestrictedCashAndRestrictedCashEquivalentsPeriodIncreaseDecreaseIncludingExchangeRateEffect,us-gaap/2019,20191231,4,USD,,,46769000.0,,q1,2020
0000821127-20-000044,LoansAndLeasesReceivableNetOfDeferredIncome,us-gaap/2019,20191231,0,USD,FinancialInstrumentPerformanceStatus=NonperformingFinancingReceivable;FinancingReceivableRecordedInvestmentByClassOfFinancingReceivable=CommercialRealEstatePortfolioSegment;InternalCreditAssessment=Substandard;,,0.0,,q1,2020
0000876437-20-000007,AdditionalPaidInCapitalCommonStock,us-gaap/2019,20181231,0,USD,ConsolidatedEntities=ParentCompany;,,1862536000.0,,q1,2020
0001013462-20-000004,AmortizationOfIntangibleAssets,us-gaap/2019,20191231,4,USD,,,15169000.0,,q1,2020
0001654954-20-001423,Assets,us-gaap/2019,20191231,0,USD,,,38455000.0,,q1,2020
0001335258-20-000028,ComprehensiveIncomeNetOfTax,us-gaap/2019,20181231,4,USD,,,23560000.0,,q1,2020
0001493152-20-000580,StockholdersEquity,us-gaap/2019,20190831,0,USD,EquityComponents=AdditionalPaidInCapital;,,1888909.0,,q1,2020
0001654954-20-003527,StockholdersEquity,us-gaap/2019,20171231,0,USD,EquityComponents=AdditionalPaidInCapital;,,5102443.0,,q1,2020
0001038133-20-000013,CommonStockSharesIssued,us-gaap/2018,20181231,0,shares,ClassOfStock=CommonStock;,,0.0,,q1,2020
0001645590-20-000009,Revenues,us-gaap/2019,20190131,1,USD,ConsolidationItems=OperatingSegments;,,7693000000.0,,q1,2020
0001437749-20-001403,LineOfCredit,us-gaap/2019,20191231,0,USD,CreditFacility=RevolvingCreditFacility;,,15000000.0,,q1,2020
0001286225-20-000011,RevenueFromContractWithCustomerExcludingAssessedTax,us-gaap/2019,20171231,4,USD,,,670963000.0,,q1,2020
0001437749-20-006287,PropertyPlantAndEquipmentNet,us-gaap/2019,20181231,0,USD,,,4698550.0,,q1,2020
0001558370-20-002472,RepaymentsOfLongTermCapitalLeaseObligations,us-gaap/2019,20181231,4,USD,,,11000.0,,q1,2020
0001628280-20-003141,RestrictedCashAndCashEquivalentsAtCarryingValue,us-gaap/2019,20191231,0,USD,,,3000000.0,,q1,2020
0001564590-20-010835,PreferredStockSharesAuthorized,us-gaap/2019,20190131,0,shares,,,50000000.0,,q1,2020
0001532176-20-000008,PrepaidExpenseAndOtherAssetsCurrent,us-gaap/2019,20191231,0,USD,,,387100000.0,,q1,2020
0001690769-20-000032,ProceedsWithdrawnFromTrustAccount,0001690769-20-000032,20191231,4,USD,,,0.0,,q1,2020
0001434754-20-000010,PublicCompanyExpenses,0001434754-20-000010,20171231,4,USD,,,2607000.0,,q1,2020
0001095073-20-000006,RealizedInvestmentGainsLosses,us-gaap/2019,20190331,1,USD,,,92232000.0,,q1,2020
0001096056-20-000019,ReceivablesNetCurrent,us-gaap/2018,20191231,0,USD,,,66300000.0,,q1,2020
0001564590-20-000624,PaymentsOfDividends,us-gaap/2019,20181130,1,USD,,,2070000.0,,q1,2020
0001046025-20-000037,PreferredStockSharesIssued,us-gaap/2018,20181231,0,shares,,,0.0,,q1,2020
0001213900-20-006627,PaymentsToAcquireHeldToMaturitySecurities,us-gaap/2019,20171231,4,USD,,,5004000.0,,q1,2020
0000352736-20-000002,PolicyholderContractDeposits,us-gaap/2019,20181231,0,USD,,,17470000000.0,,q1,2020
0001564590-20-010516,ProceedsFromIssuanceOfPreferredStockAndPreferenceStock,us-gaap/2019,20171231,4,USD,,,1050000.0,,q1,2020
0001665918-20-000012,PaymentsForRepurchaseOfCommonStock,us-gaap/2018,20181231,4,USD,,,0.0,,q1,2020
0000937966-20-000011,PaymentsForRepurchaseOfCommonStock,us-gaap/2019,20171231,4,EUR,,,500000000.0,,q1,2020
0001564590-20-010804,OtherComprehensiveIncomeLossReclassificationAdjustmentFromAOCIForSaleOfSecuritiesNetOfTax,us-gaap/2019,20191231,4,USD,,,1484000.0,Amounts are included in net gain on sales of investment securities on the Consolidated Statements of Income as a separate component within total noninterest income.,q1,2020
0001579684-20-000006,PaymentForRepurchaseOfCommonStockSubsequentlyRetired,0001579684-20-000006,20171231,4,USD,,,664000.0,,q1,2020
0000886206-20-000004,OtherLongTermDebtNoncurrent,us-gaap/2018,20191130,0,USD,,,16020000.0,,q1,2020
0001564590-20-009360,OtherLiabilitiesCurrent,us-gaap/2019,20191231,0,USD,,,11933000.0,,q1,2020
0001564590-20-008153,NetCashProvidedByUsedInInvestingActivities,us-gaap/2019,20170531,2,USD,,,-8786000.0,,q1,2020
0001108205-20-000003,OperatingIncomeLoss,us-gaap/2019,20190930,1,USD,,,-5323000.0,,q1,2020
0001610682-20-000047,OperatingLeaseLeaseIncome,us-gaap/2019,20191231,4,USD,,,9509000.0,,q1,2020
0001591763-20-000009,NetCashProvidedByUsedInFinancingActivities,us-gaap/2019,20181231,4,USD,,,233000000.0,,q1,2020
0000717588-20-000004,NetCashProvidedByUsedInInvestingActivities,us-gaap/2019,20141231,4,USD,,,,,q1,2020
0001564590-20-011183,Liabilities,us-gaap/2019,20191231,0,USD,,,321527080.0,,q1,2020
0001172222-20-000008,LiabilitiesOtherThanLongtermDebtNoncurrent,us-gaap/2019,20191231,0,USD,,,1422358000.0,,q1,2020
0001330399-20-000008,LaborAndRelatedExpense,us-gaap/2019,20171231,4,USD,,,49649000.0,,q1,2020
0001486159-20-000018,IntangibleAssetsCurrent,us-gaap/2019,20181231,0,USD,,,125000.0,,q1,2020
0001174947-20-000354,IncreaseDecreaseInDeferredIncomeTaxes,us-gaap/2019,20181231,4,USD,,,692000.0,,q1,2020
0001564590-20-007640,IncreaseDecreaseInAccountsPayableExcludingAffiliatedRelated,0001564590-20-007640,20191231,4,USD,,,54000000.0,,q1,2020
0001628280-20-003186,IncreaseDecreaseInAccountsReceivable,us-gaap/2019,20191231,4,USD,,,13600000.0,,q1,2020
0001564590-20-010520,IncreaseDecreaseInAccountsReceivable,us-gaap/2019,20191231,4,USD,,,-25592000.0,,q1,2020
0000029644-20-000007,RevenueFromContractWithCustomerIncludingAssessedTax,us-gaap/2019,20190131,1,USD,ProductOrService=Royalty;ScheduleOfEquityMethodInvestmentEquityMethodInvesteeName=AdvancedFiltrationSystemsInc;,,1600000.0,,q1,2020
0001493152-20-004435,NetIncomeLossAvailableToCommonStockholdersBasic,us-gaap/2019,20191231,4,USD,Scenario=Successors;,,-5196000.0,,q1,2020
0000904163-20-000004,ImpairmentOfInvestments,us-gaap/2019,20171231,4,USD,,,13386000.0,,q1,2020
0001437749-20-001903,GeneralAndAdministrativeExpense,us-gaap/2019,20181231,2,USD,,,2097183.0,,q1,2020
0001654954-20-002329,Equity,ifrs/2019,20171231,0,CAD,,,229761000.0,,q1,2020
0001193125-20-080625,GainLossOnDispositionOfAssets,us-gaap/2019,20191231,4,USD,,,-228.0,,q1,2020
0001564590-20-000643,GainLossOnDispositionOfAssets1,us-gaap/2019,20191130,1,USD,,,17000.0,,q1,2020
0001026214-20-000016,GainLossOnInvestments,us-gaap/2019,20171231,4,USD,,,1160000000.0,,q1,2020
0001048268-20-000005,Revenues,us-gaap/2019,20181231,1,USD,ContractWithCustomerBasisOfPricing=TimeAndMaterialsContract;,,29217000.0,,q1,2020
0001604778-20-000008,OtherComprehensiveIncomeLossForeignCurrencyTransactionAndTranslationReclassificationAdjustmentFromAOCIRealizedUponSaleOrLiquidationNetOfTax,us-gaap/2019,20191231,1,USD,,,0.0,,q1,2020
0000893691-20-000008,MinorityInterest,us-gaap/2019,20181231,0,USD,,,11865000.0,,q1,2020
0000097517-20-000017,NetCashProvidedByUsedInOperatingActivities,us-gaap/2019,20171231,4,USD,,,93830000.0,,q1,2020
0001564590-20-009886,LiabilitiesCurrent,us-gaap/2019,20191231,0,USD,,,19500000.0,,q1,2020
0000811830-20-000002,InformationTechnologyAndDataProcessing,us-gaap/2019,20171231,4,USD,,,581164000.0,,q1,2020
0001723596-20-000009,InterestIncomeExpenseNet,us-gaap/2019,20161231,1,USD,,,33405000.0,,q1,2020
0000051644-20-000013,IncreaseDecreaseInAccruedLiabilities,us-gaap/2019,20181231,4,USD,,,-24200000.0,,q1,2020
0001104659-20-027221,IncomeTaxesRefundClassifiedAsOperatingActivities,ifrs/2019,20171231,4,USD,,,436000.0,,q1,2020
0001193125-20-069151,IncomeTaxRelatingToRemeasurementsOfDefinedBenefitPlansOfOtherComprehensiveIncome,ifrs/2019,20191231,4,USD,,,-12000000.0,,q1,2020
0001564590-20-009044,OtherComprehensiveIncomeLossNetOfTaxPortionAttributableToParent,us-gaap/2019,20181231,4,USD,EquityComponents=AccumulatedGainLossNetCashFlowHedgeParent;,,1043000.0,,q1,2020
0000913144-20-000024,LongTermDebt,us-gaap/2019,20181231,0,USD,DebtInstrument=A5.75SeniorNotesDueMarch152020;LegalEntity=RenaissanceReFinanceInc.;LongtermDebtType=SeniorNotes;,,249602000.0,,q1,2020
0001711269-20-000012,SharesOutstanding,us-gaap/2019,20181231,0,shares,EquityComponents=CommonStock;LegalEntity=EvergyKansasCentralInc;,,1.0,,q1,2020
0001585364-20-000013,RevenueFromContractWithCustomerExcludingAssessedTax,us-gaap/2019,20171231,4,USD,BusinessSegments=ConsumerSelfCareInternational;ConsolidationItems=OperatingSegments;,,1406200000.0,,q1,2020
0001199835-20-000018,IncomeLossFromContinuingOperations,us-gaap/2019,20181231,4,USD,,,2858580.0,,q1,2020
0001558370-20-000490,GainLossOnDerivativeInstrumentsNetPretax,us-gaap/2019,20191231,1,USD,,,-28006000.0,,q1,2020
0001104659-20-027979,IncomeLossFromContinuingOperationsBeforeIncomeTaxesExtraordinaryItemsNoncontrollingInterest,us-gaap/2019,20171231,4,USD,,,-285223000.0,,q1,2020
0000066382-20-000002,RevenueFromContractWithCustomerExcludingAssessedTax,us-gaap/2018,20191130,2,USD,BusinessSegments=InternationalContract;,,232000000.0,,q1,2020
0001628280-20-002853,DividendsRecognisedAsDistributionsToNoncontrollingInterests,ifrs/2018,20181231,4,CAD,,,180000000.0,,q1,2020
0001171759-20-000008,EarningsPerShareDiluted,us-gaap/2019,20190630,1,USD,,,0.08,,q1,2020
0000320187-20-000004,RevenueFromContractWithCustomerExcludingAssessedTax,us-gaap/2018,20181130,1,USD,BusinessSegments=NIKEBrand;ConsolidationItems=OperatingSegments;ProductOrService=Apparel;Subsegments=AsiaPacificAndLatinAmericaSegment;,,360000000.0,,q1,2020
0001004980-20-000009,NetCashProvidedByUsedInOperatingActivities,us-gaap/2019,20191231,4,USD,ConsolidatedEntities=ParentCompany;,,6000000.0,,q1,2020
0000874761-20-000012,OtherComprehensiveIncomeLossReclassificationAdjustmentFromAOCIPensionAndOtherPostretirementBenefitPlansForNetGainLossTax,us-gaap/2019,20181231,4,USD,ConsolidatedEntities=ParentCompany;,,2000000.0,,q1,2020
0001628280-20-001900,CostOfGoodsAndServicesSold,us-gaap/2019,20171231,4,USD,ConsolidatedEntities=ParentCompany;ConsolidationItems=ReportableLegalEntities;,,0.0,,q1,2020
0001558370-20-002364,PartnersCapitalAccountDistributions,us-gaap/2019,20191031,1,USD,LegalEntity=FerrellgasLP;PartnerTypeOfPartnersCapitalAccount=GeneralPartner;,,1000.0,,q1,2020
0001212545-20-000104,OtherComprehensiveIncomeLossNetOfTax,us-gaap/2019,20191231,4,USD,RetirementPlanType=SupplementalEmployeeRetirementPlanDefinedBenefit;,,-412000.0,,q1,2020
0001140625-20-000007,Revenue,ifrs/2019,20191231,4,USD,RetrospectiveApplicationAndRetrospectiveRestatement=PreviouslyStated;,,64127000000.0,,q1,2020
0001193125-20-047353,BuildingsAndImprovementsGross,us-gaap/2019,20191231,0,USD,RealEstateAndAccumulatedDepreciationDescriptionOfProperty=CarMaxPinevilleNC;,,1902000.0,,q1,2020
0001628280-20-001236,CommonStockSharesAuthorized,us-gaap/2019,20190331,0,shares,,,200000000.0,,q1,2020
0000878526-20-000022,CommonStockValue,us-gaap/2019,20191231,0,USD,,,344476000.0,,q1,2020
0001564590-20-000555,Revenues,us-gaap/2018,20191130,1,USD,BusinessSegments=Radio;,,9215000.0,,q1,2020
0001379041-20-000030,NetIncomeLoss,us-gaap/2019,20191231,4,USD,ChangeInAccountingEstimateByType=ChangeDueToEstimatedReservesCededUnderLptAgreement;,,1800000.0,,q1,2020
0001298675-20-000008,RealEstateInvestmentPropertyNet,us-gaap/2019,20181231,0,USD,ConsolidatedEntities=VariableInterestEntityPrimaryBeneficiary;,,330986000.0,,q1,2020
0001562762-20-000105,FinancialAssetsAtFairValueThroughProfitOrLossClassifiedAsHeldForTrading,ifrs/2019,20181231,0,EUR,Maturity=LaterThanOneMonthAndNotLaterThanThreeMonths;,,6032000000.0,,q1,2020
0001683168-20-000831,CommonStockSharesIssued,us-gaap/2019,20191231,0,shares,,,22530918.0,,q1,2020
0001437749-20-005178,CommonStockSharesOutstanding,us-gaap/2019,20181231,0,shares,,,8194805.0,,q1,2020
0001504461-20-000013,DiscontinuedOperationIncomeLossFromDiscontinuedOperationNetOfTaxPerBasicShare,us-gaap/2019,20191231,3,USD,LimitedPartnersCapitalAccountByClass=LimitedPartnersCapitalAccountCommonUnits;,,-1.52,,q1,2020
0001566011-20-000003,StockholdersEquity,us-gaap/2018,20181231,0,USD,ConsolidatedEntities=GuarantorSubsidiaries;,,-1932300000.0,,q1,2020
0001654954-20-002485,Revenues,us-gaap/2019,20180630,1,USD,LegalEntity=TeucriumSoybeanFund;,TeucriumSoybeanFund,-2378109.0,,q1,2020
0001592057-20-000003,OtherComprehensiveIncomeForeignCurrencyTransactionAndTranslationGainLossArisingDuringPeriodNetOfTax,us-gaap/2019,20181231,4,USD,PartnerTypeOfPartnersCapitalAccount=AociIncludingPortionAttributableToNoncontrollingInterest;,,2000.0,,q1,2020
0001437749-20-001481,ConvertibleNotesPayableCurrent,us-gaap/2019,20190930,0,USD,,,410000.0,,q1,2020
0001008886-20-000028,CashAndCashEquivalentsAtCarryingValue,us-gaap/2019,20161231,0,USD,,,7750000.0,,q1,2020
0000832101-20-000007,OperatingIncomeLoss,us-gaap/2019,20181231,4,USD,BusinessSegments=FireAndSafetyDiversifiedProducts;,,168601000.0,,q1,2020
0000887343-20-000070,CashAcquiredFromAcquisition,us-gaap/2019,20181231,4,USD,ConsolidatedEntities=ParentCompany;,,0.0,,q1,2020
0001018963-20-000004,ComprehensiveIncomeNetOfTax,us-gaap/2019,20171231,4,USD,,,-26000000.0,,q1,2020
0001564590-20-006652,AdjustmentsToAdditionalPaidInCapitalSharebasedCompensationRequisiteServicePeriodRecognitionValue,us-gaap/2019,20171231,4,USD,EquityComponents=AdditionalPaidInCapital;,,6703000.0,,q1,2020
0001562762-20-000027,StockholdersEquityIncludingPortionAttributableToNoncontrollingInterest,us-gaap/2019,20190930,0,USD,EquityComponents=AdditionalPaidInCapital;,,226948000.0,,q1,2020
0000792977-20-000027,StockRepurchasedAndRetiredDuringPeriodValue,us-gaap/2019,20171231,4,USD,,,19467000.0,,q1,2020
0000937098-20-000067,ShortTermInvestments,us-gaap/2019,20191231,0,USD,,,68000000.0,,q1,2020
0001654954-20-001622,PrepaidExpenseAndOtherAssetsCurrent,us-gaap/2019,20190630,0,USD,,,957781.0,,q1,2020
0000892482-20-000007,RepaymentsOfLongTermCapitalLeaseObligations,us-gaap/2018,20171231,4,USD,,,505000.0,,q1,2020
0001104659-20-037670,RevenueFromRenderingOfInternetServices,ifrs/2019,20181231,4,CAD,,,1079300000.0,,q1,2020
0001493152-20-005305,RetainedEarningsAccumulatedDeficit,us-gaap/2019,20181231,0,USD,,,-18694167.0,,q1,2020
0001628280-20-001590,Revenues,us-gaap/2019,20191231,4,USD,,,1113278000.0,,q1,2020
0000913142-20-000008,ProfitLoss,us-gaap/2018,20181231,4,USD,,,160711000.0,,q1,2020
0000827054-20-000029,PaymentsToAcquireBusinessesNetOfCashAcquired,us-gaap/2019,20181231,3,USD,,,7850600000.0,,q1,2020
0001564590-20-007640,ProceedsFromContributionsFromParent,us-gaap/2019,20181231,4,USD,,,24000000.0,,q1,2020
0001558370-20-001781,PensionAndOtherPostretirementBenefitExpense,us-gaap/2019,20181231,4,USD,,,-2900000.0,,q1,2020
0001558370-20-001806,OperatingExpenses,us-gaap/2019,20191231,4,USD,,,445264000.0,,q1,2020
0001558370-20-002053,OtherExpenseByFunction,ifrs/2019,20181231,4,EUR,,,712000000.0,,q1,2020
0001597672-20-000005,OperatingIncomeLoss,us-gaap/2019,20191231,4,USD,,,-83118000.0,,q1,2020
0000808362-20-000003,NetIncomeLossAttributableToNoncontrollingInterest,us-gaap/2019,20171231,4,USD,,,7000000.0,,q1,2020
0001058290-20-000008,OtherComprehensiveIncomeLossNetOfTaxPortionAttributableToParent,us-gaap/2019,20191231,4,USD,,,76000000.0,,q1,2020
0001564590-20-013602,OperatingLeasesIncomeStatementMinimumLeaseRevenue,us-gaap/2019,20181231,4,USD,,,20902000.0,,q1,2020
0001688568-20-000008,NetIncomeLoss,us-gaap/2019,20181231,3,USD,,,983000000.0,,q1,2020
0001558370-20-002334,NetCashProvidedByUsedInInvestingActivities,us-gaap/2019,20181231,4,USD,,,2213000.0,,q1,2020
0000867773-20-000010,NetIncomeLoss,us-gaap/2019,20171231,4,USD,,,-929121000.0,,q1,2020
0001561660-20-000027,NetIncomeLoss,us-gaap/2019,20191231,4,USD,,,-31000000.0,,q1,2020
0001566912-20-000015,NetIncomeLoss,us-gaap/2019,20180630,1,USD,,,-58000.0,,q1,2020
0000098246-20-000042,LiabilitiesAndStockholdersEquity,us-gaap/2019,20190131,0,USD,,,5333000000.0,,q1,2020
0001264931-20-000059,IssuanceOfStockAndWarrantsForServicesOrClaims,us-gaap/2018,20191231,4,USD,,,,,q1,2020
0001078207-20-000015,NetIncomeLoss,us-gaap/2018,20191231,1,USD,,,3487000.0,,q1,2020
0001070154-20-000008,InterestExpenseDeposits,us-gaap/2019,20191231,4,USD,,,192361000.0,,q1,2020
0001594062-20-000026,CommonStockValue,us-gaap/2019,20191231,0,USD,,,1309.0,,q1,2020
0001564590-20-010490,ConvertibleNotesPayable,us-gaap/2019,20191231,0,USD,,,153413000.0,,q1,2020
0001668428-20-000009,Liabilities,us-gaap/2019,20181231,0,USD,ConsolidatedEntities=ParentCompany;,,71000000.0,,q1,2020
0000842517-20-000040,UndistributedEarningsOfEquityMethodAndOtherInvestments,0000842517-20-000040,20181231,4,USD,ConsolidatedEntities=ParentCompany;,,144000.0,,q1,2020
0000007789-20-000011,OtherComprehensiveIncomeLossAmortizationAdjustmentFromAOCIPensionAndOtherPostretirementBenefitPlansForNetPriorServiceCostCreditBeforeTax,us-gaap/2019,20181231,4,USD,RetirementPlanType=PensionPlansDefinedBenefit;,,-73000.0,,q1,2020
0001047122-20-000009,Revenues,us-gaap/2019,20181231,4,USD,BusinessSegments=IntelligenceInformationAndServices;Geographical=AsiaPacific;,,486000000.0,,q1,2020
0001193125-20-065064,Revenue,ifrs/2019,20171231,4,GBP,SignificantInvestmentsInAssociates=InnovivaInc;,,165000000.0,,q1,2020
0000827052-20-000026,StockIssuedDuringPeriodValueShareBasedCompensation,us-gaap/2019,20181231,4,USD,EquityComponents=RetainedEarnings;LegalEntity=SouthernCaliforniaEdisonCompany;,,-11000000.0,,q1,2020
0000794323-20-000003,ExtinguishmentOfDebtGainLossNetOfTax,us-gaap/2019,20171031,3,USD,ConsolidatedEntities=ParentCompany;ConsolidationItems=ReportableLegalEntities;,,0.0,,q1,2020
0001637757-20-000003,OtherAccruedLiabilitiesCurrent,us-gaap/2019,20181231,0,USD,ConsolidatedEntities=ParentCompany;ConsolidationItems=ReportableLegalEntities;,,0.0,,q1,2020
0001001085-20-000009,SubsidiaryBorrowings,0001001085-20-000009,20191231,0,USD,Maturity=NotLaterThanOneYear;,,17000000.0,,q1,2020
0001104659-20-040533,ProfitLoss,ifrs/2018,20191231,4,USD,ComponentsOfEquity=RetainedEarnings;,,23796000.0,,q1,2020
0001558370-20-003399,NumberOfSharesIssued,ifrs/2019,20191231,0,shares,ComponentsOfEquity=IssuedCapital;,,12967706.0,,q1,2020
0001477932-20-000546,ConvertibleNotesPayableCurrent,us-gaap/2019,20190630,0,USD,RelatedPartyTransactionsByRelatedParty=ArmadaInvestmentFundLLCTwo;ShortTermDebtType=ConvertibleNotesPayable;,,21753.0,,q1,2020
0000102212-20-000017,ProceedsFromSaleOfAvailableForSaleSecurities,us-gaap/2019,20191231,4,USD,FinancialInstrument=EquitySecurities;,,0.0,,q1,2020
0001193125-20-056695,Investments,us-gaap/2019,20191130,0,USD,BusinessAcquisition=TianheStemCellBiotechnologiesInc;,,308000.0,,q1,2020
0000315858-20-000029,CumulativeEffectOfNewAccountingPrincipleInPeriodOfAdoption,us-gaap/2018,20191231,0,USD,AdjustmentsForNewAccountingPronouncements=AccountingStandardsUpdate201602;EquityComponents=Parent;,,-2202000.0,,q1,2020
0001564590-20-014536,GeneralAndAdministrativeExpense,ifrs/2019,20171231,4,EUR,Segments=BusinessServiceBusinessUnit;,,20309000.0,,q1,2020
0001129260-20-000007,RevenueFromContractWithCustomerIncludingAssessedTax,us-gaap/2018,20191231,4,USD,BusinessSegments=ProductSegment;ProductOrService=Device;,,61224000.0,,q1,2020
0001564590-20-004859,StockIssuedDuringPeriodValueRestrictedStockAwardNetOfForfeitures,us-gaap/2019,20171231,4,USD,BusinessAcquisition=EquityOneInc;ConsolidatedEntities=PartnershipInterest;EquityComponents=Parent;,,7951000.0,,q1,2020
0001467858-20-000028,PaymentsToAcquirePropertyPlantAndEquipment,us-gaap/2019,20171231,4,USD,BusinessGroup=Automotive;BusinessSegments=Gmna;ConsolidationItems=OperatingSegments;,,7704000000.0,,q1,2020
0001562762-20-000064,DepreciationDepletionAndAmortization,us-gaap/2019,20191231,4,USD,BusinessSegments=WarnerMedia;ConsolidationItems=OperatingSegments;Subsegments=HomeBoxOffice;,,102000000.0,,q1,2020
0001273813-20-000006,InterestExpense,us-gaap/2019,20181231,4,USD,ReclassificationOutOfAccumulatedOtherComprehensiveIncome=ReclassificationOutOfAccumulatedOtherComprehensiveIncome;,,0.0,,q1,2020
0000746838-20-000059,Revenues,us-gaap/2019,20181231,4,USD,ConsolidationItems=IntersegmentElimination;,,-24700000.0,,q1,2020
0001437107-20-000006,ProceedsFromRepaymentsOfProgramFinancingLinesOfCredit,0001437107-20-000006,20191231,4,USD,ConsolidationItems=ConsolidationEliminations;,,0.0,,q1,2020
0001493152-20-004674,NetIncomeLoss,us-gaap/2019,20191231,4,USD,ClassOfStock=SeriesAPreferredStock;,,,,q1,2020
0001193125-20-026751,StockholdersEquity,us-gaap/2019,20190930,0,USD,EquityComponents=RetainedEarnings;,,-234212000.0,,q1,2020
0001387131-20-003173,StockholdersEquity,us-gaap/2019,20161231,0,USD,EquityComponents=RetainedEarnings;,,24421000.0,,q1,2020
0001564590-20-010435,IncomeLossFromContinuingOperationsBeforeIncomeTaxesMinorityInterestAndIncomeLossFromEquityMethodInvestments,us-gaap/2019,20191231,4,USD,ConsolidationItems=CorporateNonSegment;,,854000.0,,q1,2020
0001047469-20-001859,CashAndDueFromBanks,us-gaap/2019,20181231,0,USD,FairValueByMeasurementBasis=CarryingReportedAmountFairValueDisclosure;,,9435000.0,,q1,2020
0001319161-20-000008,IncreaseDecreaseInOtherOperatingCapitalNet,us-gaap/2019,20181231,1,USD,ConsolidatedEntities=GuarantorSubsidiaries;ConsolidationItems=ReportableLegalEntities;,,-24000000.0,,q1,2020
0001564590-20-007552,InvestmentOwnedAtFairValue,us-gaap/2019,20191231,0,USD,InvestmentSecondaryCategorization=NYHarborULSDNYMS;InvestmentType=Future;Position=Long;,,-92939.0,,q1,2020
0000016732-20-000018,CostOfGoodsAndServicesSold,us-gaap/2019,20190131,1,USD,DerivativeInstrumentRisk=ForeignExchangeContract;EquityComponents=AccumulatedNetGainLossFromDesignatedOrQualifyingCashFlowHedges;ReclassificationOutOfAccumulatedOtherComprehensiveIncome=ReclassificationOutOfAccumulatedOtherComprehensiveIncome;,,0.0,,q1,2020
0001628280-20-002658,DiscontinuedOperationGainLossOnDisposalOfDiscontinuedOperationNetOfTax,us-gaap/2019,20170831,0,USD,,,640700000.0,,q1,2020
0001564590-20-007769,EarningsPerShareDiluted,us-gaap/2019,20190930,1,USD,,,0.48,,q1,2020
0001558370-20-001477,EarningsPerShareDiluted,us-gaap/2019,20171231,4,USD,,,6.47,,q1,2020
0001562463-20-000040,StockholdersEquity,us-gaap/2019,20191231,0,USD,ConsolidatedEntities=ParentCompany;,,304913000.0,,q1,2020
0001193125-20-056815,CashCashEquivalentsRestrictedCashAndRestrictedCashEquivalents,us-gaap/2019,20171231,0,USD,BusinessSegments=ProsharesUltraProThreexCrudeOilEtf;,,10968900.0,,q1,2020
0001654954-20-002656,AvailableForSaleSecurities,us-gaap/2019,20191231,0,USD,InformationByCategoryOfDebtSecurity=OtherInvestments;,,8846846.0,,q1,2020
0001437071-20-000006,CashAndCashEquivalentsAtCarryingValue,us-gaap/2019,20191231,0,USD,CounterpartyName=InvescoAdvisersInc.;RelatedPartyTransactionsByRelatedParty=AffiliatedEntity;,,154000000.0,,q1,2020
0001159508-20-000012,IssueOfEquity,ifrs/2019,20171231,4,EUR,ComponentsOfEquity=ForeignCurrencyTranslationNetOfTax;,,0.0,,q1,2020
0001074902-20-000033,IncomeTaxExpenseBenefit,us-gaap/2019,20191231,4,USD,EquityComponents=AccumulatedNetUnrealizedInvestmentGainLoss;ReclassificationOutOfAccumulatedOtherComprehensiveIncome=ReclassificationOutOfAccumulatedOtherComprehensiveIncome;,,-9000.0,,q1,2020
0001104659-20-025009,StockIssuedDuringPeriodValueWarrantExpired,0001104659-20-025009,20171231,4,USD,EquityComponents=TreasuryStockCommon;,,53200000.0,,q1,2020
0001104659-20-036702,CommonStockSharesIssued,us-gaap/2019,20191231,0,shares,,,17500000.0,,q1,2020
0000106040-20-000011,AssetsCurrent,us-gaap/2019,20190630,0,USD,ConsolidatedEntities=GuarantorSubsidiaries;,,8813000000.0,,q1,2020
0001564590-20-009360,CostsAndExpenses,us-gaap/2019,20171231,4,USD,ConsolidatedEntities=GuarantorSubsidiaries;,,509403000.0,,q1,2020
0001558370-20-001281,Revenues,us-gaap/2019,20191231,4,USD,BusinessSegments=LNRBusinessSegments;ConsolidationItems=OperatingSegments;,,253931000.0,,q1,2020
0001158172-20-000021,AdjustmentstoAdditionalPaininCapitalSubscriptionReceivable,0001158172-20-000021,20160131,0,USD,CounterpartyName=Rentrak;RelatedPartyTransaction=SubscriptionReceivable;,,14500000.0,,q1,2020
0000939057-20-000050,RevenueFromContractWithCustomerIncludingAssessedTax,us-gaap/2019,20181231,2,USD,ProductOrService=LoanRelatedFees;,,13000.0,,q1,2020
0001213900-20-002171,SharesOutstanding,us-gaap/2019,20181031,0,shares,EquityComponents=PreferredStock;,,,,q1,2020
0001564590-20-005762,RevenueFromContractWithCustomerExcludingAssessedTax,us-gaap/2019,20181231,4,USD,Geographical=NonUs;,,19382300000.0,,q1,2020
0001564590-20-007763,ShortTermBorrowings,us-gaap/2019,20181231,0,USD,ShortTermDebtType=FederalFundsPurchased;,,1675000.0,,q1,2020
0001564590-20-007393,DeferredTaxLiabilitiesNoncurrent,us-gaap/2019,20191231,0,USD,ConsolidationItems=ConsolidationEliminations;,,-29909000.0,,q1,2020
0001213900-20-001457,PreferredStockSharesIssued,us-gaap/2019,20181231,0,shares,ClassOfStock=SeriesAPreferredStock;,,,,q1,2020
0000874238-20-000033,AdjustmentsRelatedToTaxWithholdingForShareBasedCompensation,us-gaap/2019,20191231,4,USD,EquityComponents=Parent;,,1109000.0,,q1,2020
0000811596-20-000010,StockholdersEquity,us-gaap/2019,20191231,0,USD,EquityComponents=RetainedEarnings;,,172800000.0,,q1,2020
0001493152-20-004083,StockIssuedDuringPeriodValueSettlementOfRestrictedStockUnits,0001493152-20-004083,20181231,4,USD,EquityComponents=RetainedEarnings;,,,,q1,2020
0001534504-20-000030,StockholdersEquityIncludingPortionAttributableToNoncontrollingInterest,us-gaap/2018,20181231,0,USD,EquityComponents=NoncontrollingInterest;,,572000000.0,,q1,2020
0001564590-20-004218,StockIssuedDuringPeriodSharesConversionOfConvertibleSecurities,us-gaap/2019,20181231,4,shares,EquityComponents=CommonStock;,,670236.0,,q1,2020
0001213900-20-006416,OtherComprehensiveIncomeLossNetOfTax,us-gaap/2019,20181231,4,USD,EquityComponents=AccumulatedOtherComprehensiveIncome;,,-454000.0,,q1,2020
0001654954-20-001622,StockholdersEquity,us-gaap/2019,20181231,0,USD,EquityComponents=AdditionalPaidInCapital;,,107258097.0,,q1,2020
0001564590-20-008179,RestructuringCharges,us-gaap/2019,20171231,4,USD,,,0.0,,q1,2020
0001140361-20-005641,PreferredStockSharesAuthorized,us-gaap/2019,20181231,0,shares,,,40000000.0,,q1,2020
0001580695-20-000034,ProceedsFromIssuanceOfCommonStockAndWarrants,0001580695-20-000034,20181130,3,USD,,,1712366.0,,q1,2020
0001104659-20-031928,PreferredStockSharesOutstanding,us-gaap/2018,20191231,0,shares,,,0.0,,q1,2020
0000874766-20-000020,PremiumsEarnedNet,us-gaap/2019,20171231,4,USD,,,14141000000.0,,q1,2020
0001558370-20-001651,ProceedsFromSaleOfProductiveAssets,us-gaap/2019,20181231,4,USD,,,25847000.0,,q1,2020
0001493152-20-001056,ProceedsFromSaleAndMaturityOfOtherInvestments,us-gaap/2019,20191231,2,USD,,,12000.0,,q1,2020
0001651308-20-000020,ProceedsFromShortTermDebt,us-gaap/2018,20171231,4,USD,,,2470000.0,,q1,2020
0001564590-20-004956,PensionExpenseReversalOfExpenseNoncash,us-gaap/2019,20171231,4,USD,,,31700000.0,,q1,2020
0001637459-20-000027,PensionAndOtherPostretirementBenefitContributions,us-gaap/2019,20171231,4,USD,,,1659000000.0,,q1,2020
0001262463-20-000017,PreferredStockValue,us-gaap/2019,20190930,0,USD,,,,,q1,2020
0000927089-20-000131,PaymentsForOriginationAndPurchasesOfLoansHeldForSale,us-gaap/2019,20181231,2,USD,,,28395000.0,,q1,2020
0000936340-20-000127,PaymentsForProceedsFromOtherInvestingActivities,us-gaap/2019,20171231,4,USD,,,38000000.0,,q1,2020
0001171843-20-001250,OtherRealEstateOwnedExpense,0001171843-20-001250,20181231,4,USD,,,790000.0,,q1,2020
0001558370-20-002472,OtherComprehensiveIncomeLossAvailableForSaleSecuritiesAdjustmentNetOfTax,us-gaap/2019,20171231,4,USD,,,-44000.0,,q1,2020
0000726865-20-000118,PaymentsToAcquireInvestments,us-gaap/2019,20191231,4,USD,,,14927000000.0,,q1,2020
0001564590-20-010818,OperatingIncomeLoss,us-gaap/2019,20181231,1,USD,,,5468000.0,,q1,2020
0001498301-20-000030,OtherComprehensiveIncomeLossNetOfTax,us-gaap/2018,20200131,2,USD,,,300000.0,,q1,2020
0001493152-20-001346,MinorityInterest,us-gaap/2019,20190930,0,USD,,,919773.0,,q1,2020
0000717588-20-000037,NetCashProvidedByUsedInInvestingActivities,us-gaap/2019,20191231,4,USD,,,,,q1,2020
0000732417-20-000008,NoninterestIncomeOther,us-gaap/2018,20171231,4,USD,,,2378000.0,,q1,2020
0001328581-20-000024,InvestmentIncomeInterest,us-gaap/2019,20191231,4,USD,,,2811000.0,,q1,2020
0001558370-20-002771,InterestExpense,us-gaap/2018,20190630,1,USD,,,20839000.0,,q1,2020
0001619954-20-000026,InterestIncomeOther,us-gaap/2019,20191231,4,USD,,,2242000.0,,q1,2020
0001564590-20-004233,IncreaseInRestrictedCashAndCashEquivalentsAndOtherReceivablesIncludedInFundsHeldForCustomers,0001564590-20-004233,20181231,2,USD,,,298650000.0,,q1,2020
0001214659-20-001809,LiabilitiesCurrent,us-gaap/2019,20180531,0,USD,,,716545.0,,q1,2020
0001551182-20-000050,IncreaseDecreaseInOtherCurrentAssets,us-gaap/2019,20181231,4,USD,,,-71000000.0,,q1,2020
0001064728-20-000007,IncreaseDecreaseInPostretirementObligations,us-gaap/2019,20171231,3,USD,,,-19800000.0,,q1,2020
0001711269-20-000012,Revenues,us-gaap/2019,20191231,4,USD,LegalEntity=EvergyMetroInc;,EvergyMetroInc,1806500000.0,,q1,2020
0000354707-20-000045,AssetsNoncurrentExcludingPropertyPlantAndEquipmentNet,0000354707-20-000045,20191231,0,USD,ConsolidationItems=ConsolidationEliminations;LegalEntity=HawaiianElectricCompanyAndSubsidiaries;,,0.0,,q1,2020
0001193125-20-088657,IncreaseDecreaseInContractWithCustomerLiability,us-gaap/2019,20191231,4,CNY,,,353997000.0,,q1,2020
0001640334-20-000268,DebtRelatedCommitmentFeesAndDebtIssuanceCosts,us-gaap/2018,20180930,3,USD,,,137192.0,,q1,2020
0001493152-20-004360,DueFromRelatedPartiesNoncurrent,us-gaap/2019,20190930,0,USD,,,492000.0,,q1,2020
0001628280-20-002426,GainLossOnSaleAndAcquisitionOfProperties,0001628280-20-002426,20181231,4,USD,,,0.0,,q1,2020
0001558370-20-000784,AccruedLiabilitiesCurrent,us-gaap/2019,20181231,0,USD,AdjustmentsForNewAccountingPronouncements=AccountingStandardsUpdate201602;Restatement=RestatementAdjustment;,,-125000.0,,q1,2020
0001558370-20-001956,RevenueFromContractWithCustomerExcludingAssessedTax,us-gaap/2019,20171231,4,USD,MajorCustomers=STENDRAOrSPEDRA;,,12890000.0,,q1,2020
0001135428-20-000029,InvestmentOwnedBalancePrincipalAmount,us-gaap/2019,20191231,0,USD,EquitySecuritiesByIndustry=TextilesApparelAndLuxuryGoods;InvestmentSecondaryCategorization=FirstLienSeniorSecuredRevolvingLoan;InvestmentType=NonAffiliatedEntity;LegalEntity=LakeshirtsLLC;,,398000.0,,q1,2020
0001640334-20-000136,AdjustmentsToAdditionalPaidInCapitalConvertibleDebtWithConversionFeature,us-gaap/2018,20170131,0,USD,ClassOfStock=SeriesDPreferredStock;,,536000.0,,q1,2020
0001128361-20-000007,InterestIncomeExpenseNet,us-gaap/2019,20181231,1,USD,,,121893000.0,,q1,2020
0000799292-20-000033,IncreaseDecreaseInAccruedSalaries,us-gaap/2019,20171231,4,USD,,,2338000.0,,q1,2020
0001104659-20-024065,FeesAndCommissionsDepositorsAccounts,0001104659-20-024065,20191231,4,USD,,,15717000.0,,q1,2020
0000711404-20-000011,GrossProfit,us-gaap/2019,20190131,1,USD,,,418500000.0,,q1,2020
0000058492-20-000002,GrossProfit,us-gaap/2019,20171231,4,USD,,,882400000.0,,q1,2020
0001558370-20-002686,GrossProfit,us-gaap/2019,20181231,4,USD,,,19415000.0,,q1,2020
0000230557-20-000005,IncomeLossFromContinuingOperationsBeforeIncomeTaxesExtraordinaryItemsNoncontrollingInterest,us-gaap/2019,20181231,1,USD,,,52135000.0,,q1,2020
0001726978-20-000088,IncreaseDecreaseInAccountsReceivableFranchiseReceivable,0001726978-20-000088,20181231,4,USD,,,1637000.0,,q1,2020
0001370368-20-000045,OtherComprehensiveIncomeUnrealizedHoldingGainLossOnSecuritiesArisingDuringPeriodNetOfTax,us-gaap/2019,20171231,4,CHF,ConsolidatedEntities=BankParentCompanyAndOtherSubsidiaries;ConsolidationItems=ConsolidationEliminations;LegalEntity=ConsolidatedBank;,,-13000000.0,,q1,2020
0001069258-20-000006,ProvisionForDoubtfulAccounts,us-gaap/2019,20181231,4,USD,ValuationAllowancesAndReservesType=AllowanceForCreditLoss;,,1800000.0,,q1,2020
0001196501-20-000014,RevenueFromContractWithCustomerExcludingAssessedTax,us-gaap/2019,20191231,4,USD,EquitySecuritiesByIndustry=SalesChannelState;,,257685000.0,,q1,2020
0000930413-20-000859,Equity,ifrs/2019,20181231,0,GBP,CategoriesOfRelatedParties=TheBank;ComponentsOfEquity=EquityAttributableToOwnersOfParent;,,48768000000.0,,q1,2020
0001585101-20-000021,DueToAffiliateCurrentAndNoncurrent,us-gaap/2019,20181231,0,USD,,,26022000.0,,q1,2020
0001213900-20-003177,StockholdersEquity,us-gaap/2019,20181231,0,USD,EquityComponents=StockSubscribedNotIssued;,,,,q1,2020
0000802681-20-000092,EarningsPerShareBasic,us-gaap/2019,20180331,1,USD,,,0.76,,q1,2020
0001515156-20-000018,DividendsCommonStockCash,us-gaap/2019,20181231,4,USD,,,20290000.0,,q1,2020
0001185185-20-000178,EarningsPerShareDiluted,us-gaap/2019,20181231,3,USD,,,-0.29,,q1,2020
0001564590-20-010642,PreferredStockSharesDesignated,0001564590-20-010642,20181231,0,shares,ClassOfStock=SeriesAConvertiblePreferredStock;,,9158.0,,q1,2020
0000719739-20-000016,GainLossOnInvestments,us-gaap/2019,20181231,4,USD,EquityComponents=AccumulatedNetUnrealizedInvestmentGainLoss;ReclassificationOutOfAccumulatedOtherComprehensiveIncome=ReclassificationOutOfAccumulatedOtherComprehensiveIncome;,,740000.0,,q1,2020
0001477932-20-001510,TradeAndOtherCurrentPayablesToRelatedParties,ifrs/2018,20181231,0,USD,TypesOfRisks=MexicanPesos;,,,,q1,2020
0001193125-20-078970,CurrentLiabilities,ifrs/2019,20181231,0,RUB,SignificantInvestmentsInSubsidiaries=Izhstal;,,12765000000.0,,q1,2020
0000930413-20-000605,OtherLongTermDebt,us-gaap/2019,20191231,0,USD,DebtInstrument=DebtInstrumentMaturityDateMarchThirtyFirstTwoThousandThrityOneInterestRateNinePointFiveZeroPercent;LegalEntity=FTRealEstateSecuritiesCompanyInc.;LongtermDebtType=CumulativePreferredStock;,,46236000.0,,q1,2020
0001326160-20-000034,RegulatedAndUnregulatedOperatingRevenue,us-gaap/2019,20191231,4,USD,BusinessSegments=GasUtilitiesandInfrastructure;ConsolidationItems=IntersegmentElimination;,,96000000.0,,q1,2020
0001159508-20-000012,GainsLossesUponEarlyExtinguishmentAttributableToChangeInOwnCreditRiskOfFinancialLiabilitiesDesignatedAsAtFairValueThroughProfitAndLossNetOfTax,0001159508-20-000012,20181231,4,EUR,ComponentsOfEquity=UnrealizedNetGainsLossesOnDerivativesHedgingVariabilityOfCashFlowsNetOfTax;,,0.0,,q1,2020
0001171843-20-002175,Equity,ifrs/2019,20191231,0,USD,ComponentsOfEquity=NoncontrollingInterests;,,16302000.0,,q1,2020
0001578735-20-000006,IncreaseDecreaseInAccruedInvestmentIncomeReceivable,us-gaap/2019,20191231,4,USD,ConsolidatedEntities=ParentCompany;,,108000.0,,q1,2020
0000950103-20-004862,DividendsPaid,ifrs/2019,20181231,4,CLP,ComponentsOfEquity=ProvisionForMandatoryDividends;,,-178600000000.0,,q1,2020
0001653242-20-000010,LoansAndLeasesReceivableNetReportedAmount,us-gaap/2019,20181231,0,USD,FinancingReceivablePortfolioSegment=ConsumerPortfolioSegment;,,180416000.0,,q1,2020
0001589526-20-000032,RevenueFromContractWithCustomerExcludingAssessedTax,us-gaap/2018,20181231,1,USD,Geographical=RestofWorld;,,365000.0,,q1,2020
0000900075-20-000006,RevenueFromContractWithCustomerIncludingAssessedTax,us-gaap/2019,20200131,2,USD,BusinessSegments=US;ConsolidationItems=OperatingSegments;Geographical=US;,,946901000.0,,q1,2020
0001628280-20-002552,PartnersCapital,us-gaap/2019,20161231,0,USD,ClassOfStock=SeriesPRCommonUnits;PartnerTypeOfPartnersCapitalAccount=LimitedPartner;,,793360000.0,,q1,2020
0000078814-20-000009,RevenueFromContractWithCustomerExcludingAssessedTax,us-gaap/2019,20171231,4,USD,ProductOrService=Financing;Subsegments=GlobalEcommerce;,,0.0,,q1,2020
0001564590-20-005589,CommonStockSharesIssued,us-gaap/2019,20191231,0,shares,EquityComponents=CommonStock;,,162188287.0,,q1,2020
0001628280-20-001083,StockIssuedDuringPeriodValueStockOptionsExercised,us-gaap/2019,20191231,4,USD,EquityComponents=AdditionalPaidInCapital;,,19065000.0,,q1,2020
0001071739-20-000060,StockholdersEquityIncludingPortionAttributableToNoncontrollingInterest,us-gaap/2019,20171231,0,USD,EquityComponents=TreasuryStock;,,-244000000.0,,q1,2020
0001178913-20-000672,ForeignCurrencyTransactionGainLossRealized,us-gaap/2019,20181231,4,USD,EquityComponents=AccumulatedOtherComprehensiveIncome;,,87000.0,,q1,2020
0001654954-20-003597,AdjustmentsForUnrealisedForeignExchangeLossesGains,ifrs/2019,20191231,4,CAD,,,-169218.0,,q1,2020
0000933036-20-000010,FranchiseMerchandiseSales,0000933036-20-000010,20191231,4,USD,BusinessSegments=Franchising;,,49135000.0,,q1,2020
0001477932-20-001496,StockholdersEquity,us-gaap/2019,20191231,0,USD,EquityComponents=CommonStockPayable;,,24480.0,,q1,2020
0001260221-20-000008,ShortTermBankLoansAndNotesPayable,us-gaap/2019,20191231,0,USD,ShortTermDebtType=AssetBackedSecurities;,,350000000.0,,q1,2020
0001193125-20-068594,IncreaseDecreaseInCashAndCashEquivalentsBeforeEffectOfExchangeRateChanges,ifrs/2019,20191231,4,GBP,CategoriesOfRelatedParties=Parent;,,43000000.0,,q1,2020
0001679268-20-000005,CostOfGoodsAndServicesExcludingDepreciationDepletionAndAmortization,0001679268-20-000005,20181231,4,USD,ProductOrService=Product;,,126714000.0,,q1,2020
0001493152-20-000573,StockIssuedDuringPeriodSharesIssuedForServices,us-gaap/2019,20190930,1,shares,EquityComponents=ClassZCommonStock;,,,,q1,2020
0001744489-20-000046,OtherAssetsCurrent,us-gaap/2019,20191231,0,USD,VariableInterestEntitiesByClassificationOfEntity=AsiaInternationalThemeParks;,,110000000.0,,q1,2020
0001193125-20-043702,CashCashEquivalentsRestrictedCashAndRestrictedCashEquivalents,us-gaap/2019,20181231,0,USD,ConsolidatedEntities=GuarantorSubsidiaries;,,132000000.0,,q1,2020
0000813762-20-000008,NetCashProvidedByUsedInOperatingActivities,us-gaap/2019,20191231,4,USD,LegalEntity=IcahnEnterprisesHoldings;,IcahnEnterprisesHoldings,-1460000000.0,,q1,2020
0001359841-20-000027,GrossProfit,us-gaap/2019,20190930,1,USD,Restatement=RestatementAdjustment;,,4695000.0,,q1,2020
0001580673-20-000021,CommonStockSharesAuthorized,us-gaap/2019,20191231,0,shares,ClassOfStock=CommonClassT;,,500000000.0,,q1,2020
0001213900-20-005026,Cash,us-gaap/2019,20191231,0,USD,,,53473.0,,q1,2020
0001493152-20-003325,ShareBasedCompensation,us-gaap/2019,20190630,2,USD,IncomeStatementLocation=ResearchAndDevelopmentExpense;,,54660.0,,q1,2020
0001514991-20-000010,ShareBasedCompensation,us-gaap/2019,20191231,4,USD,,,64133000.0,,q1,2020
0001570585-20-000023,StockholdersEquity,us-gaap/2019,20191231,0,USD,,,13606200000.0,,q1,2020
0001213900-20-003402,RevenueFromeConsulting,0001213900-20-003402,20191231,2,USD,,,1556363.0,,q1,2020
0001558370-20-002576,PreferredStockSharesAuthorized,us-gaap/2019,20181231,0,shares,,,5000000.0,,q1,2020
0001747009-20-000005,ProfitLoss,us-gaap/2018,20171231,4,USD,,,322457000.0,,q1,2020
0001564590-20-005038,ProfitLoss,us-gaap/2019,20181231,4,USD,,,-5086200000.0,,q1,2020
0001728949-20-000011,RetainedEarningsAccumulatedDeficit,us-gaap/2019,20190930,0,USD,,,4466000000.0,,q1,2020
0001066605-20-000005,PreferredStockSharesIssued,us-gaap/2018,20181231,0,shares,,,0.0,,q1,2020
0001564590-20-005557,ProceedsFromSaleOfAvailableForSaleSecurities,us-gaap/2019,20191231,4,USD,,,0.0,,q1,2020
0000039263-20-000010,ProceedsFromSaleOfForeclosedAssets,us-gaap/2019,20181231,4,USD,,,3366000.0,,q1,2020
0001193125-20-014674,OtherComprehensiveIncomeLossForeignCurrencyTransactionAndTranslationAdjustmentNetOfTax,us-gaap/2019,20190930,2,JPY,,,-200618000000.0,,q1,2020
0001213900-20-008245,OtherShortTermInvestments,us-gaap/2019,20181231,0,USD,,,345000.0,,q1,2020
0001560327-20-000046,PaymentsToAcquirePropertyPlantAndEquipment,us-gaap/2019,20191231,4,USD,,,29428000.0,,q1,2020
0001551986-20-000050,PaymentsToAcquirePropertyPlantAndEquipment,us-gaap/2019,20181231,4,USD,,,13943.0,,q1,2020
0001558370-20-002800,OtherLiabilitiesNoncurrent,us-gaap/2019,20181231,0,USD,,,5765000.0,,q1,2020
0000849399-20-000002,OtherComprehensiveIncomeAvailableforsaleSecuritiesAdjustmentNetOfTaxPortionAttributableToParent,us-gaap/2019,20181231,1,USD,,,1000000.0,,q1,2020
0001558370-20-002537,NetIncomeLoss,us-gaap/2019,20171231,4,USD,,,-63386000.0,,q1,2020
0000049728-20-000019,LiabilitiesCurrent,us-gaap/2018,20190930,0,USD,,,42470000.0,,q1,2020
0001437749-20-006578,IncreaseDecreaseInPrepaidDeferredExpenseAndOtherAssets,us-gaap/2019,20181231,4,USD,,,392000.0,,q1,2020
0001309402-20-000006,CostOfGoodsAndServiceExcludingDepreciationDepletionAndAmortization,us-gaap/2019,20181231,4,USD,IncomeStatementBalanceSheetAndAdditionalDisclosuresByDisposalGroupsIncludingDiscontinuedOperations=GreenPlainsCattleCompanyLlc;ProductOrService=Cattle;,,24500000.0,,q1,2020
0001393726-20-000041,TreasuryStockRetiredCostMethodAmount,us-gaap/2018,20181231,4,USD,ClassOfStock=CommonStock;ConsolidatedEntities=Subsidiaries;EquityComponents=TreasuryStock;,,-33535000.0,,q1,2020
0001193125-20-077290,FinancialAssetsAtFairValueThroughProfitOrLoss,ifrs/2019,20191231,0,EUR,ClassesOfFinancialLiabilities=FinancialLiabilitiesAtAmortisedCost;LevelsOfFairValueHierarchy=Level1OfFairValueHierarchy;,,0.0,,q1,2020
0001193125-20-071738,RevenueFromContractWithCustomerExcludingAssessedTax,us-gaap/2019,20181231,4,USD,BusinessSegments=RetailSegment;Subsegments=GlobalEcommerce;,,154481000.0,,q1,2020
0001628280-20-002560,Revenues,us-gaap/2019,20191231,4,USD,BusinessSegments=Fso;ConsolidationItems=OperatingSegments;ProductOrService=Voyagecharters;,,0.0,,q1,2020
0000808461-20-000006,StockRepurchasedDuringPeriodValue,us-gaap/2019,20191231,4,USD,ClassOfStock=CommonClassA;EquityComponents=CommonStock;,,10000.0,,q1,2020
0001628280-20-002453,OilAndGasJointInterestBillingReceivablesCurrent,us-gaap/2019,20181231,0,USD,ConsolidationItems=ConsolidationEliminations;,,0.0,,q1,2020
0001657853-20-000007,CostAndExpensesIncludingInterestExpense,0001657853-20-000007,20171231,4,USD,ConsolidationItems=ConsolidationEliminations;,,-3381000000.0,,q1,2020
0001193125-20-056986,TransferToAccumulatedDeficitNet,0001193125-20-056986,20190331,3,USD,EquityComponents=RetainedEarnings;,,-606833.0,,q1,2020
0000102212-20-000017,StockIssuedUnderDividendReinvestmentAndEmployeeStockPurchasePlansAndOtherEmployeeBenefitProgramsShares,0000102212-20-000017,20191231,4,shares,EquityComponents=CommonStock;,,90669.0,,q1,2020
0001496048-20-000004,NoncontrollingInterestIncreaseFromSubsidiaryEquityIssuance,us-gaap/2019,20191231,4,USD,EquityComponents=NoncontrollingInterest;,,31688000.0,,q1,2020
0001264931-20-000015,StockIssuedDuringPeriodValueNewIssues,us-gaap/2018,20171231,4,USD,EquityComponents=NoncontrollingInterest;,,,,q1,2020
0000717538-20-000054,DividendsCommonStockCash,us-gaap/2019,20191231,4,USD,EquityComponents=RetainedEarnings;,,15206000.0,,q1,2020
0001104659-20-034169,NetIncomeLossAvailableToCommonStockholdersBasic,us-gaap/2019,20181231,4,USD,EquityComponents=RetainedEarnings;,,-27426356.0,,q1,2020
0001136261-20-000092,IssuanceOfCommonStockInAtthemarketOfferingNetOfIssuanceCosts,0001136261-20-000092,20191231,4,USD,EquityComponents=CommonStock;,,1000.0,,q1,2020
0000018172-20-000014,StockIssuedDuringPeriodValueShareBasedCompensationAndOthers,0000018172-20-000014,20181231,4,USD,EquityComponents=AdditionalPaidInCapital;,,231000.0,,q1,2020
0001558370-20-001217,TreasuryStockValueAcquiredCostMethod,us-gaap/2019,20191231,4,USD,EquityComponents=TreasuryStock;,,86497000.0,,q1,2020
0000715812-20-000002,AccountsPayableAndAccruedLiabilitiesCurrentAndNoncurrent,us-gaap/2019,20190430,0,USD,,,39766.0,,q1,2020
0001628280-20-002567,AssetsOfDisposalGroupIncludingDiscontinuedOperation,us-gaap/2019,20181231,0,USD,,,0.0,,q1,2020
0001558370-20-001610,PropertyPlantAndEquipment,ifrs/2019,20181231,0,USD,CarryingAmountAccumulatedDepreciationAmortisationAndImpairmentAndGrossCarryingAmount=AccumulatedDepreciationAmortisationAndImpairment;,,-2048000000.0,,q1,2020
0001730168-20-000045,RestructuringChargesCostOfProductsSold,0001730168-20-000045,20200131,1,USD,ConsolidatedEntities=NonGuarantorSubsidiaries;,,8000000.0,,q1,2020
0000091928-20-000013,CostsAndExpenses,us-gaap/2019,20181231,4,USD,LegalEntity=SouthJerseyGasCompany;,SouthJerseyGasCompany,415312000.0,,q1,2020
0000092122-20-000017,OtherNoncashIncomeExpense,us-gaap/2019,20191231,4,USD,LegalEntity=MississippiPower;,MississippiPower,-21000000.0,,q1,2020
0001558370-20-001788,Goodwill,us-gaap/2019,20191231,0,USD,BusinessSegments=GlobalIndustrial;,,2799200000.0,,q1,2020
0001193125-20-054469,InterestAndDebtExpense,us-gaap/2019,20191231,4,USD,LegalEntity=DominionEnergyGasHoldingsLLC;,DominionEnergyGasHoldingsLLC,311000000.0,,q1,2020
0001628280-20-003626,CashCashEquivalentsRestrictedCashAndRestrictedCashEquivalents,us-gaap/2018,20191231,0,USD,,,104010432.0,,q1,2020
0001477932-20-001236,CommonStockParOrStatedValuePerShare,us-gaap/2019,20180731,0,USD,,,,,q1,2020
0001163370-20-000008,CompensationExpenseAcquisitionPayments,0001163370-20-000008,20180630,1,USD,,,0.0,,q1,2020
0001193125-20-047314,CashFlowsFromUsedInInvestingActivities,ifrs/2019,20191130,4,USD,,,-130000.0,,q1,2020
0000875357-20-000017,DerivativeAssets,us-gaap/2019,20191231,0,USD,DerivativeInstrumentRisk=TbaResidentialMortgageBackedSecurities;HedgingDesignation=Nondesignated;,,0.0,,q1,2020
0001704720-20-000017,StockIssuedDuringPeriodValueNewIssues,us-gaap/2019,20181231,4,USD,EquityComponents=AdditionalPaidInCapital;,,19800000.0,,q1,2020
0001316944-20-000043,CashAndDueFromBanks,us-gaap/2019,20181231,0,USD,FairValueByFairValueHierarchyLevel=FairValueInputsLevel1;,,13000000.0,,q1,2020
0001438533-20-000004,AvailableForSaleSecuritiesDebtSecurities,us-gaap/2019,20181231,0,USD,FairValueByFairValueHierarchyLevel=FairValueInputsLevel1;,,0.0,,q1,2020
0001213900-20-001315,CashAndCashEquivalentsAtCarryingValue,us-gaap/2019,20180331,0,USD,Scenario=PredecessorCompany;,,19209.0,,q1,2020
0001558370-20-002081,CommonStockValue,us-gaap/2019,20191231,0,USD,ClassOfStock=CommonClassA1;,,4000.0,,q1,2020
0000874766-20-000020,AvailableForSaleSecuritiesDebtSecurities,us-gaap/2019,20181231,0,USD,FairValueByFairValueHierarchyLevel=FairValueInputsLevel2;FinancialInstrument=CorporateDebtSecurities;,,12878000000.0,,q1,2020
0000899715-20-000057,OtherComprehensiveIncomeLossNetOfTax,us-gaap/2019,20181231,4,USD,LegalEntity=TangerPropertiesLimitedPartnership;,TangerPropertiesLimitedPartnership,-8286000.0,,q1,2020
0001104659-20-036842,PropertyPlantAndEquipment,ifrs/2019,20171231,0,USD,ClassesOfPropertyPlantAndEquipment=MiningAssets;,,158483000.0,,q1,2020
0000356309-20-000033,SaleLeasebackTransactionNetProceedsFinancingActivities,us-gaap/2019,20181231,1,USD,LegalEntity=Njng;,Njng,9900000.0,,q1,2020
0001654954-20-003499,CapitalLeasesIncomeStatementLeaseRevenue,us-gaap/2019,20191231,4,USD,Geographical=EuropeAndUnitedKingdom;,,365600.0,,q1,2020
0001213900-20-004021,OperatingIncomeLoss,us-gaap/2019,20191231,2,USD,BusinessSegments=Yuxing;,,295949.0,,q1,2020
0001628280-20-003960,TemporaryEquitySharesAuthorized,us-gaap/2019,20181231,0,shares,ClassOfStock=SeriesARedeemableConvertiblePreferredStock;,,10394000.0,,q1,2020
0000037808-20-000004,AvailableForSaleSecuritiesDebtSecurities,us-gaap/2019,20191231,0,USD,FinancialInstrument=USGovernmentSponsoredEnterprisesDebtSecurities;,,226000000.0,,q1,2020
0001104659-20-027221,CashFlowsfromusedinFinance,0001104659-20-027221,20181231,4,USD,,,4253000.0,,q1,2020
0001193125-20-072607,CashCashEquivalentsAndFederalFundsSold,us-gaap/2019,20191231,0,USD,,,258693000.0,,q1,2020
0001574085-20-000010,BusinessCombinationAcquisitionRelatedCosts,us-gaap/2019,20171231,4,USD,,,6678000.0,,q1,2020
0001493152-20-000016,AssetRetirementObligationsNoncurrent,us-gaap/2019,20181231,0,USD,,,1509622.0,,q1,2020
0001628280-20-001236,ComprehensiveIncomeNetOfTax,us-gaap/2019,20181231,1,USD,,,-1353000.0,,q1,2020
0001069183-20-000016,CommitmentsAndContingencies,us-gaap/2019,20191231,0,USD,,,,,q1,2020
0001598428-20-000017,StockholdersEquityIncludingPortionAttributableToNoncontrollingInterest,us-gaap/2018,20191231,0,USD,,,563100000.0,,q1,2020
0001140361-20-003820,SellingGeneralAndAdministrativeExpense,us-gaap/2019,20181231,4,USD,,,304397000.0,,q1,2020
0000864749-20-000029,ShareBasedCompensation,us-gaap/2019,20171231,4,USD,,,64800000.0,,q1,2020
0000922224-20-000005,UtilitiesOperatingExpenseTaxes,us-gaap/2019,20181231,4,USD,,,312000000.0,,q1,2020
0001062993-20-001476,ShortTermBorrowings,us-gaap/2019,20181231,0,USD,,,582128.0,,q1,2020
0001493152-20-002708,StockholdersEquity,us-gaap/2019,20191231,0,USD,,,-3720036.0,,q1,2020
0001213900-20-000536,PropertyPlantAndEquipmentNet,us-gaap/2019,20190930,0,USD,,,4678133.0,,q1,2020
0000921082-20-000004,RealEstateInvestmentPropertyAtCost,us-gaap/2019,20191231,0,USD,,,5915114000.0,,q1,2020
0001628280-20-001017,ProfitLossBeforeTax,ifrs/2019,20171231,4,DKK,,,48680000000.0,,q1,2020
0000717588-20-000008,Revenues,us-gaap/2019,20150630,1,USD,,,,,q1,2020
0001213900-20-004363,ProceedsFromIssuanceOfRegistrationCost,0001213900-20-004363,20181231,4,USD,,,,,q1,2020
0001437749-20-001481,PreferredStockValue,us-gaap/2019,20181231,0,USD,,,3.0,,q1,2020
0001654954-20-003088,PreferredStockSharesIssued,us-gaap/2019,20191231,0,shares,,,0.0,,q1,2020
0001136893-20-000032,PreferredStockSharesOutstanding,us-gaap/2019,20181231,0,shares,,,0.0,,q1,2020
0000104894-20-000028,ProceedsFromSaleOfPropertyHeldForSale,us-gaap/2019,20171231,4,USD,,,30798000.0,,q1,2020
0000875357-20-000017,NetChangeInDerivativeMarginAccounts,0000875357-20-000017,20181231,4,USD,,,85466000.0,,q1,2020
0001262823-20-000007,NetIncomeLoss,us-gaap/2019,20191231,1,USD,,,72000000.0,,q1,2020
0001564590-20-014310,NetChangeInUnrealizedDepreciationOnInvestments,0001564590-20-014310,20181231,4,USD,,,4403000.0,,q1,2020
0001600626-20-000069,NoncashOrPartNoncashAcquisitionAccountsReceivableAcquired1,us-gaap/2019,20191231,4,USD,,,0.0,,q1,2020
0001005011-20-000005,PaymentsToAcquireBusinessesNetOfCashAcquired,us-gaap/2019,20181231,4,USD,ConsolidatedEntities=Subsidiaries;ConsolidationItems=ReportableLegalEntities;,,88300000.0,,q1,2020
0001114483-20-000003,DiscontinuedOperationTaxEffectOfDiscontinuedOperation,us-gaap/2019,20181231,4,USD,DisposalGroupClassification=DiscontinuedOperationsHeldforsale;IncomeStatementBalanceSheetAndAdditionalDisclosuresByDisposalGroupsIncludingDiscontinuedOperations=ASOBusiness;,,67382000.0,,q1,2020
0001692819-20-000005,Goodwill,us-gaap/2019,20171231,0,USD,ReportingUnit=ERCOTRetailReportingUnit;,,1907000000.0,,q1,2020
0001493152-20-001745,IntangibleAssetsNetExcludingGoodwill,us-gaap/2019,20181231,0,USD,IndefiniteLivedIntangibleAssetsByMajorClass=FranchiseRights;,,578621.0,,q1,2020
0001493152-20-004918,SharesOutstanding,us-gaap/2019,20171231,0,shares,EquityComponents=SeriesAPreferredStocks;,,2.0,,q1,2020
0001352010-20-000012,EarningsPerShareBasic,us-gaap/2019,20191231,4,USD,,,4.77,,q1,2020
0001564590-20-006046,EarningsPerShareBasic,us-gaap/2019,20190930,1,USD,,,2.32,,q1,2020
0001104659-20-032921,DueToOtherRelatedPartiesCurrentAndNoncurrent,us-gaap/2019,20191231,0,USD,,,11634.0,,q1,2020
0001558370-20-001651,EarningsPerShareDiluted,us-gaap/2019,20181231,1,USD,,,0.3,,q1,2020
0000802681-20-000092,IncomeTaxExpenseBenefit,us-gaap/2019,20181231,4,USD,ConsolidatedEntities=ParentCompany;,,-1025000.0,,q1,2020
0001564590-20-005133,NetIncomeLoss,us-gaap/2019,20171231,4,USD,AdjustmentsForNewAccountingPronouncements=AccountingStandardsUpdate201409;InitialApplicationPeriodCumulativeEffectTransition=DifferenceBetweenRevenueGuidanceInEffectBeforeAndAfterTopic606;,,14052000.0,,q1,2020
0000949157-20-000023,GrossProfit,us-gaap/2019,20171231,4,USD,ConsolidatedEntities=ParentCompany;ConsolidationItems=ReportableLegalEntities;,,0.0,,q1,2020
0001010086-20-000006,StockIssuedDuringPeriodValueStockOptionsExercised,us-gaap/2019,20191231,4,USD,ClassOfStock=EmployeeStockOption;EquityComponents=CommonStock;,,1.0,,q1,2020
0001264089-20-000016,Assets,ifrs/2019,20181231,0,USD,SegmentConsolidationItems=OperatingSegments;Segments=JacobinaMineraoeComrcioLtda.;,,951700000.0,,q1,2020
0001193125-20-087676,Goodwill,ifrs/2019,20171130,0,JPY,BusinessCombinations=FiveInc;Measurement=AtFairValue;,,4996000000.0,,q1,2020
0001728949-20-000011,CashAndCashEquivalentsHeldForSalePeriodIncreaseDecrease,0001728949-20-000011,20191231,1,USD,,,0.0,,q1,2020
0001135428-20-000029,InvestmentOwnedPercentOfNetAssets,us-gaap/2019,20191231,0,pure,EquitySecuritiesByIndustry=TechnologySector;InvestmentSecondaryCategorization=FirstLienSeniorSecuredTermLoan;InvestmentType=NonAffiliatedEntity;LegalEntity=AffinitivInc;,,0.0548,,q1,2020
0001564590-20-008059,StockIssuedDuringPeriodSharesAcquisitions,us-gaap/2019,20171231,4,shares,ClassOfStock=CommonClassA;EquityComponents=CommonStock;,,988000.0,,q1,2020
0001437749-20-005167,RevenueFromContractWithCustomerIncludingAssessedTax,us-gaap/2019,20181231,4,USD,ConsolidationItems=ReportableGeographicalComponents;,,227512000.0,,q1,2020
0001193125-20-086441,Revenue,ifrs/2019,20181231,4,GBP,ExchangeRates=CurrentRates;Segments=NewCategories;,,917000000.0,,q1,2020
0001104659-20-040795,Revenue,ifrs/2019,20191231,4,USD,SignificantInvestmentsInSubsidiaries=TucanoGoldMine;,,99572000.0,,q1,2020
0001562762-20-000053,FinancialLiabilitiesAtFairValueThroughProfitOrLossClassifiedAsHeldForTrading,ifrs/2019,20191231,0,GBP,ConsolidatedEntities=BarclaysBankGroup;LevelsOfFairValueHierarchy=Level3OfFairValueHierarchy;Measurement=AtFairValue;,,0.0,,q1,2020
0001628280-20-002350,Assets,us-gaap/2019,20181231,0,USD,BusinessSegments=OnlineAndPartnershipsSegment;ConsolidationItems=OperatingSegments;,,1308854000.0,,q1,2020
0001558235-20-000004,RepaymentsOfSecuredDebt,us-gaap/2019,20191031,0,USD,DebtInstrument=StudentHousingLocatedintheUnitedKingdomConstructionLoanTwo;LongtermDebtType=ConstructionLoans;RealEstateAndAccumulatedDepreciationDescriptionOfProperty=StudentHousingLocatedintheUnitedKingdom;,,30200000.0,,q1,2020
0001558370-20-002390,InvestmentOwnedUnrealizedGainLossOnOpenContractsNet,0001558370-20-002390,20191231,0,USD,ClassOfStock=CapitalUnitClassA;Investments=OpenShortContracts;InvestmentSecondaryCategorization=ForeignFuturesPositions;InvestmentType=FuturesContracts;,,2199.0,,q1,2020
0001213900-20-002171,Goodwill,us-gaap/2019,20190731,0,USD,RelatedPartyTransactionsByRelatedParty=WineCoAndHerbalWineCo;,,1998387.0,,q1,2020
0001362468-20-000011,RevenueFromContractWithCustomerExcludingAssessedTax,us-gaap/2019,20191231,4,USD,BusinessSegments=AllegiantAir;,,1682955000.0,,q1,2020
0001628280-20-002804,IncomeLossFromEquityMethodInvestments,us-gaap/2019,20171231,4,USD,ScheduleOfEquityMethodInvestmentEquityMethodInvesteeName=LegacyEntities;,,0.0,,q1,2020
0001683168-20-000802,StockIssuedDuringPeriodValueIssuedForServices,us-gaap/2019,20191031,1,USD,EquityComponents=PreferredStock;,,,,q1,2020
0001445260-20-000011,CommonStockSharesIssued,us-gaap/2019,20190930,0,shares,,,10861950.0,,q1,2020
0001564590-20-006193,CommonStockValue,us-gaap/2019,20181231,0,USD,,,600000.0,,q1,2020
0001593195-20-000024,ConstructionInProgressGross,us-gaap/2019,20181231,0,USD,,,12334000.0,,q1,2020
0001437749-20-003965,ConvertibleLongTermNotesPayable,us-gaap/2019,20181231,0,USD,,,78105000.0,,q1,2020
0001606366-20-000004,EarningsPerShareBasic,us-gaap/2018,20180331,1,USD,,,0.07,,q1,2020
0001318568-20-000017,EarningsPerShareBasic,us-gaap/2019,20190930,1,USD,,,0.13,,q1,2020
0001437749-20-005285,EarningsPerShareBasic,us-gaap/2019,20191231,1,USD,,,-0.04,,q1,2020
0000030697-20-000002,InterestExpense,us-gaap/2018,20171231,4,USD,LongtermDebtType=CorporateDebtSecurities;,,108472000.0,,q1,2020
0001539894-20-000009,ProceedsFromIssuanceOfSharesUnderIncentiveAndShareBasedCompensationPlansIncludingStockOptions,us-gaap/2018,20181231,4,USD,ConsolidatedEntities=ParentCompany;,,0.0,,q1,2020
0000790816-20-000008,InterestPaidNet,us-gaap/2019,20181231,4,USD,ConsolidatedEntities=Subsidiaries;,,76858000.0,,q1,2020
0001193125-20-082866,ComprehensiveIncome,ifrs/2019,20191231,4,USD,ComponentsOfEquity=TranslationReserve;,,1143000000.0,,q1,2020
0001062993-20-001433,Assets,ifrs/2019,20181231,0,USD,SegmentConsolidationItems=OperatingSegments;Segments=OtjikotoMine;,,434110000.0,,q1,2020
0001213900-20-005813,IncreaseDecreaseThroughSharebasedPaymentTransactions,ifrs/2019,20191231,4,USD,ComponentsOfEquity=RetainedEarnings;,,,,q1,2020
0001547903-20-000018,LiabilityForClaimsAndClaimsAdjustmentExpense,us-gaap/2019,20191231,0,USD,ReinsurancePolicyType=TwoThousandSixteenQSRTransaction;,,1000000.0,,q1,2020
0000874766-20-000020,AmortizationOfIntangibleAssets,us-gaap/2019,20171231,4,USD,BusinessSegments=PropertyAndCasualtyPersonalInsuranceProductLine;,,4000000.0,,q1,2020
0001664703-20-000013,CashCashEquivalentsRestrictedCashAndRestrictedCashEquivalentsPeriodIncreaseDecreaseIncludingExchangeRateEffect,us-gaap/2019,20191231,4,USD,ScheduleOfEquityMethodInvestmentEquityMethodInvesteeName=PowerPurchaseAgreementCompany2;VariableInterestEntitiesByClassificationOfEntity=VariableInterestEntityPrimaryBeneficiary;,,113900000.0,,q1,2020
0001564590-20-007421,CumulativeEffectOfNewAccountingPrincipleInPeriodOfAdoption,us-gaap/2019,20191231,0,USD,AdjustmentsForNewAccountingPronouncements=AccountingStandardsUpdate201602;EquityComponents=RetainedEarnings;,,-66000.0,,q1,2020
0001747009-20-000005,PartnersCapitalAccountLimitedPartnerChangesinOwnership,0001747009-20-000005,20181231,4,USD,BusinessAcquisition=EQMRMPMerger;EquityComponents=ParentPartnerCapital;,,-140000000.0,,q1,2020
0001104659-20-037345,ProfitLossBeforeTax,ifrs/2019,20181231,4,CAD,Segments=Silvertip;,,230000.0,,q1,2020
0000061398-20-000002,StockholdersEquity,us-gaap/2019,20181231,0,USD,EquityComponents=PreferredStock;,,61000.0,,q1,2020
0001564590-20-011103,CommonStockSharesIssued,us-gaap/2019,20191231,0,shares,ClassOfStock=CommonClassA;,,60074698.0,,q1,2020
0001477932-20-000888,PreferredStockParOrStatedValuePerShare,us-gaap/2019,20151130,0,USD,ClassOfStock=SeriesAPreferredStock;,,0.0,,q1,2020
0001193805-20-000256,StockIssuedDuringPeriodValueConversionOfUnits,us-gaap/2019,20181231,4,USD,EquityComponents=RetainedEarnings;,,-20826000.0,,q1,2020
0001140361-20-007211,NetIncomeLoss,us-gaap/2019,20181231,2,USD,EquityComponents=RetainedEarnings;,,307638.0,,q1,2020
0001040971-20-000006,ProfitLossLessMinorityInterestInNetIncomeLossOperatingPartnerships,0001040971-20-000006,20171231,4,USD,EquityComponents=RetainedEarnings;,,101374000.0,,q1,2020
0001007330-20-000003,AmortizationOfFinancingCosts,us-gaap/2019,20171231,4,USD,,,85000.0,,q1,2020
0000352541-20-000021,AccumulatedOtherComprehensiveIncomeLossNetOfTax,us-gaap/2019,20191231,0,USD,,,1300000.0,,q1,2020
0001564590-20-002467,AssetsCurrent,us-gaap/2019,20191130,0,USD,,,7452992000.0,,q1,2020
0001193125-20-088675,InvestmentOwnedPercentOfNetAssets,us-gaap/2019,20181231,0,pure,ConsolidatedEntities=ManAhlDiversifiedTradingCompanyLP;DerivativeInstrumentRisk=InterestRateContract;InvestmentType=FuturesContractsShort;,,0.0,,q1,2020
0001628280-20-002853,TaxExpenseOtherThanIncomeTaxExpense,ifrs/2018,20171231,4,CAD,SegmentConsolidationItems=EnergyMarketing;Segments=ReportableSegments;,,0.0,,q1,2020
0001628280-20-001607,PaymentsToAcquireOtherInvestments,us-gaap/2019,20171231,4,USD,ConsolidatedEntities=GuarantorSubsidiaries;,,29000000.0,,q1,2020
0001387131-20-003438,IntangibleAssetsNetExcludingGoodwill,us-gaap/2019,20181231,0,USD,IndefiniteLivedIntangibleAssetsByMajorClass=SymjepiDomainName;,,9674.0,,q1,2020
0001564590-20-008260,CommonStockParOrStatedValuePerShare,us-gaap/2019,20181231,0,USD,,,0.001,,q1,2020
0001564590-20-013542,InterestAndDividendIncomeOperating,us-gaap/2019,20191231,2,USD,,,6262000.0,,q1,2020
0001739445-20-000026,IncreaseDecreaseInAccountsReceivable,us-gaap/2019,20171231,4,USD,,,26400000.0,,q1,2020
0001564590-20-007443,IncreaseDecreaseInOtherOperatingAssets,us-gaap/2019,20171231,4,USD,,,48145000.0,,q1,2020
0001280600-20-000012,IncreaseDecreaseInOtherOperatingCapitalNet,us-gaap/2019,20191231,4,USD,,,17000.0,,q1,2020
0001563411-20-000006,RevenueFromContractsWithCustomers,ifrs/2019,20181231,4,EUR,ProductsAndServices=AutomotiveRolledProducts;,,636000000.0,,q1,2020
0001213900-20-005734,ProfitLoss,us-gaap/2019,20181231,4,USD,EquityComponents=MemberDeficit;,,4324000.0,,q1,2020
0001594062-20-000026,GeneralAndAdministrativeExpense,us-gaap/2019,20181231,4,USD,,,2941092.0,,q1,2020
0001258602-20-000019,RevenueFromContractWithCustomerExcludingAssessedTax,us-gaap/2019,20181231,4,USD,BusinessSegments=CommunicationsSegment;ConsolidationItems=OperatingSegments;ProductOrService=CommunicationsServices;,,44653000.0,,q1,2020
0000059478-20-000057,Revenues,us-gaap/2019,20181231,4,USD,Geographical=NonUs;ProductOrService=Cialis;,,722700000.0,,q1,2020
0001079974-20-000044,DerivativeLiabilitiesExtinguishedOnConversion,0001079974-20-000044,20180331,1,USD,,,132573.0,,q1,2020
0001213900-20-007957,FinanceLeaseLiabilityCurrent,us-gaap/2019,20191231,0,USD,,,34816.0,,q1,2020
0000726601-20-000006,ForeclosedRealEstateIncomeExpenseNet,0000726601-20-000006,20181231,4,USD,,,-442000.0,,q1,2020
0001650132-20-000031,DeferredRentReceivablesNet,us-gaap/2019,20181231,0,USD,,,30141000.0,,q1,2020
0001026214-20-000016,DeferredIncomeTaxesAndTaxCredits,us-gaap/2019,20171231,4,USD,,,7773000000.0,,q1,2020
0000895456-20-000010,EarningsPerShareDiluted,us-gaap/2018,20190331,1,USD,,,0.48,,q1,2020
0000313616-20-000041,EarningsPerShareDiluted,us-gaap/2019,20191231,4,USD,,,4.05,,q1,2020
0001437071-20-000006,EarningsPerShareDiluted,us-gaap/2019,20191231,4,USD,,,2.42,,q1,2020
0001516912-20-000020,EarningsPerShareDiluted,us-gaap/2019,20190331,1,USD,,,0.6,,q1,2020
0001193125-20-086418,NetAssetValuePerShare,us-gaap/2019,20191231,0,USD,CapitalUnitsByClass=CapitalUnitClassZ;,,10.13,,q1,2020
0000776867-20-000009,Revenues,us-gaap/2019,20191231,4,USD,InvestmentsInAndAdvancesToAffiliatesCategorization=WhiteMountains;,,344600000.0,,q1,2020
0001564590-20-006372,NetIncomeLoss,us-gaap/2019,20171231,4,USD,EquityComponents=AccumulatedNetUnrealizedInvestmentGainLoss;ReclassificationOutOfAccumulatedOtherComprehensiveIncome=ReclassificationOutOfAccumulatedOtherComprehensiveIncome;,,719000.0,,q1,2020
0000897101-20-000128,LoansAndLeasesReceivableAllowance,us-gaap/2019,20191231,0,USD,FinancingReceivablePortfolioSegment=CommercialPortfolioSegment;FinancingReceivableRecordedInvestmentByClassOfFinancingReceivable=CommercialRealEstatePortfolioSegment;,,2565000.0,,q1,2020
0001564590-20-004355,ResearchAndDevelopmentExpense,us-gaap/2019,20171231,4,USD,ScheduleOfEquityMethodInvestmentEquityMethodInvesteeName=CasebiaTherapeuticsLlp;,,4500000.0,,q1,2020
0001483510-20-000018,RevenueFromContractWithCustomerExcludingAssessedTax,us-gaap/2019,20180131,4,USD,ProductOrService=Ecommerce;,,365177000.0,,q1,2020
0001494319-20-000009,RevenueFromContractWithCustomerExcludingAssessedTax,us-gaap/2019,20191231,4,USD,BusinessSegments=UnivarRestOfWorld;ProductOrService=Services;,,11400000.0,,q1,2020
0001603978-20-000052,CommonStockSharesAuthorized,us-gaap/2018,20181231,0,shares,,,200000000.0,,q1,2020
0001213900-20-006218,CommonStockSharesIssued,us-gaap/2019,20191231,0,shares,,,59268085.0,,q1,2020
0001693317-20-000003,OperatingIncomeLoss,us-gaap/2019,20191231,4,USD,ConsolidatedEntities=ParentCompany;,,-26379000.0,,q1,2020
0000102212-20-000017,PaymentsOfDividendsCommonStock,us-gaap/2019,20171231,4,USD,ConsolidatedEntities=ParentCompany;,,21299000.0,,q1,2020
0000912593-20-000041,NetIncomeLoss,us-gaap/2019,20180930,3,USD,BusinessSegments=RealPropertyOperationsSegment;,,128118000.0,,q1,2020
0001573516-20-000007,StockholdersEquity,us-gaap/2019,20181231,0,USD,ConsolidationItems=ConsolidationEliminations;EquityComponents=CommonStock;,,-100000.0,,q1,2020
0000809248-20-000005,PaymentsToAcquireBusinessesNetOfCashAcquired,us-gaap/2019,20170228,0,USD,BusinessAcquisition=A2017Acquisitions;,,20366000.0,,q1,2020
0001193125-20-069151,ProfitLoss,ifrs/2019,20190630,2,USD,RetrospectiveApplicationAndRetrospectiveRestatement=PreviouslyStated;,,305000000.0,,q1,2020
0001558370-20-002528,IncomeLossFromContinuingOperationsBeforeIncomeTaxesExtraordinaryItemsNoncontrollingInterest,us-gaap/2019,20191231,4,USD,BusinessSegments=RetailFinancialServices;,,15595000.0,,q1,2020
0000874761-20-000012,ProfitLoss,us-gaap/2019,20181231,4,USD,InvestmentsInAndAdvancesToAffiliatesCategorization=MinorityOwnedAffiliates;,,14000000.0,,q1,2020
0001572758-20-000018,CommonStockDividendsPerShareDeclared,us-gaap/2019,20191231,0,USD,ClassOfStock=CommonClassT;,,1.03,,q1,2020
0001428875-20-000023,ComprehensiveIncomeNetOfTax,us-gaap/2019,20181231,4,USD,,,-44000000.0,,q1,2020
0001214659-20-002127,CommitmentsAndContingencies,us-gaap/2019,20191231,0,USD,,,,,q1,2020
0001079973-20-000022,AdjustmentsToAdditionalPaidInCapitalSharebasedCompensationRequisiteServicePeriodRecognitionValue,us-gaap/2019,20181231,4,USD,EquityComponents=AdditionalPaidInCapital;,,862281.0,,q1,2020
0001015820-20-000015,ClassOfWarrantOrRightValueWarrantsConverted,0001015820-20-000015,20191231,4,USD,EquityComponents=AdditionalPaidInCapital;,,31067000.0,,q1,2020
0001564590-20-010496,StockholdersEquity,us-gaap/2019,20191231,0,USD,,,5835000.0,,q1,2020
0001564590-20-010806,RepaymentsOfShortTermSecuredPromissoryNotes,0001564590-20-010806,20181231,4,USD,,,1000000.0,,q1,2020
0001558370-20-001804,ResearchAndDevelopmentExpense,us-gaap/2019,20181231,1,USD,,,25553000.0,,q1,2020
0001104659-20-032463,ShareBasedCompensation,us-gaap/2019,20181231,4,USD,,,16350592.0,,q1,2020
0001079973-20-000022,SellingAndMarketingExpense,us-gaap/2019,20180930,1,USD,,,361310.0,,q1,2020
0001116132-20-000007,PreferredStockSharesAuthorized,us-gaap/2019,20190630,0,shares,,,25000000.0,,q1,2020
0001493152-20-003069,PreferredStockSharesAuthorized,us-gaap/2019,20181231,0,shares,,,5000000.0,,q1,2020
0001598428-20-000017,RevenueFromContractWithCustomerExcludingAssessedTax,us-gaap/2018,20191231,4,USD,,,1208800000.0,,q1,2020
0001652362-20-000025,PrepaidExpenseAndOtherAssetsCurrent,us-gaap/2019,20191231,0,USD,,,16855000.0,,q1,2020
0001121781-20-000011,ProvisionForDoubtfulAccounts,us-gaap/2019,20180630,2,USD,,,1000.0,,q1,2020
0001073349-20-000015,ProceedsFromIssuanceOfSharesUnderIncentiveAndShareBasedCompensationPlansIncludingStockOptions,us-gaap/2019,20191231,2,USD,,,2175000.0,,q1,2020
0001628280-20-003626,PaymentOfInvestmentPrivatelyHeldEntityDoesNotReportToNAVPerShare,0001628280-20-003626,20171231,4,USD,,,0.0,,q1,2020
0000883902-20-000019,PaymentsToAcquireBusinessesNetOfCashAcquired,us-gaap/2019,20181231,1,USD,,,-87078000.0,,q1,2020
0001140361-20-007337,OperatingExpenses,us-gaap/2019,20191231,4,USD,,,895502.0,,q1,2020
0001564590-20-005266,OtherComprehensiveIncomeLossTransfersFromHeldToMaturityToAvailableForSaleSecuritiesNetOfTax,us-gaap/2019,20191231,4,USD,,,17900000.0,,q1,2020
0001171843-20-000396,OtherComprehensiveIncomeLossNetOfTaxPortionAttributableToParent,us-gaap/2019,20191130,4,USD,,,48000.0,,q1,2020
0001575051-20-000026,MinorityInterest,us-gaap/2019,20181231,0,USD,,,106200000.0,,q1,2020
0001493152-20-004397,NetCashProvidedByUsedInFinancingActivities,us-gaap/2019,20170430,3,USD,,,45807.0,,q1,2020
0001558370-20-001720,NetCashProvidedByUsedInFinancingActivities,us-gaap/2019,20181231,4,USD,,,15226000.0,,q1,2020
0001731122-20-000112,NetCashProvidedByUsedInFinancingActivities,us-gaap/2019,20181231,2,USD,,,1700000.0,,q1,2020
0001002910-20-000077,NetCashProvidedByUsedInInvestingActivities,us-gaap/2018,20181231,4,USD,,,-2336000000.0,,q1,2020
0001564590-20-010212,NetCashProvidedByUsedInInvestingActivities,us-gaap/2019,20181231,4,USD,,,-20354246.0,,q1,2020
0001193125-20-048303,InvestmentIncomeInterest,us-gaap/2019,20180331,1,USD,,,9666000.0,,q1,2020
0001058623-20-000010,LongTermDebtNoncurrent,us-gaap/2019,20181231,0,USD,,,1230299000.0,,q1,2020
0001627014-20-000005,LongTermDebtCurrent,us-gaap/2019,20191231,0,USD,,,79100000.0,,q1,2020
0001047469-20-001338,NetIncomeLoss,us-gaap/2019,20190630,1,USD,,,-7131000.0,,q1,2020
0001564590-20-014282,IncreaseDecreaseInPrepaidDeferredExpenseAndOtherAssets,us-gaap/2019,20191231,4,USD,,,-105000.0,,q1,2020
0001324424-20-000009,InterestPaidNet,us-gaap/2019,20191231,4,USD,,,157000000.0,,q1,2020
0001564590-20-012816,InvestmentIncomeNet,us-gaap/2019,20191231,4,USD,,,1642000.0,,q1,2020
0001775474-20-000003,IncreaseDecreaseInInventories,us-gaap/2018,20181231,4,USD,,,618875000.0,,q1,2020
0000717423-20-000008,IncomeLossFromContinuingOperationsPerBasicShare,us-gaap/2018,20191231,1,USD,,,-0.71,,q1,2020
0001558370-20-001487,IncreaseDecreaseInOEICAndUnitTrustReceivablesAndPayables,0001558370-20-001487,20191231,4,USD,,,-400000.0,,q1,2020
0001628280-20-002312,GainsLossesOnSalesOfAssets,us-gaap/2019,20181231,4,USD,BusinessSegments=CorporateAndOther;ConsolidationItems=OperatingSegments;,,0.0,,q1,2020
0001564590-20-007791,Goodwill,us-gaap/2019,20190131,0,USD,BusinessAcquisition=CompliInc;,,12807000.0,,q1,2020
0001705682-20-000006,OtherComprehensiveIncomeLossNetOfTax,us-gaap/2019,20191231,4,USD,EquityComponents=AccumulatedOtherComprehensiveIncomeLossUnconsolidatedAffiliatesIncludingPortionAttributableToParent;,,0.0,,q1,2020
0001564590-20-005272,StockIssuedDuringPeriodSharesConversionOfCommonStock,0001564590-20-005272,20191231,4,shares,ClassOfStock=CommonClassA;,,1117867.0,,q1,2020
0000040533-20-000015,Assets,us-gaap/2019,20181231,0,USD,ConsolidationItems=ConsolidationEliminations;,,-27887000000.0,,q1,2020
0001564590-20-006736,OtherCostAndExpenseOperating,us-gaap/2019,20191231,4,USD,ConsolidationItems=ConsolidationEliminations;,,0.0,,q1,2020
0000887733-20-000004,StockholdersEquityIncludingPortionAttributableToNoncontrollingInterest,us-gaap/2019,20180930,0,USD,EquityComponents=Parent;,,952449000.0,,q1,2020
0001193125-20-041944,IntangibleAssetsNetExcludingGoodwill,us-gaap/2019,20191231,0,USD,FiniteLivedIntangibleAssetsByMajorClass=CustomerRelationships;,,3673000.0,,q1,2020
0001558370-20-003280,CashCashEquivalentsRestrictedCashAndRestrictedCashEquivalents,us-gaap/2019,20191231,0,USD,Geographical=US;,,4400000.0,,q1,2020
0000049754-20-000007,StockRepurchasedDuringPeriodShares,us-gaap/2019,20181231,4,shares,EquityComponents=TreasuryStock;,,479000.0,,q1,2020
0001171843-20-002129,TreasuryStockSharesAcquired,us-gaap/2019,20181231,4,shares,EquityComponents=TreasuryStock;,,174000.0,,q1,2020
0001562401-20-000037,OtherComprehensiveIncomeLossNetOfTax,us-gaap/2019,20171231,4,USD,EquityComponents=AccumulatedOtherComprehensiveIncome;,,-20000.0,,q1,2020
0001663577-20-000033,AdditionalPaidInCapital,us-gaap/2019,20191231,0,USD,,,112571454.0,,q1,2020
0001193125-20-059703,AccountsPayableCurrent,us-gaap/2019,20191231,0,USD,,,1019000.0,,q1,2020
0001493152-20-004738,AccountsPayableCurrent,us-gaap/2019,20181231,0,USD,,,166000.0,,q1,2020
0001558370-20-002617,AmortizationAccretionOnLoansDepositsAndCoreDepositIntangibleNetAndOperatingLeaseComponents,0001558370-20-002617,20171231,4,USD,,,-6373000.0,,q1,2020
0000073124-20-000101,AccretionAmortizationOfDiscountsAndPremiumsInvestments,us-gaap/2019,20181231,4,USD,,,-95900000.0,,q1,2020
0001548123-20-000008,AccountsPayableRelatedPartiesCurrent,us-gaap/2019,20190331,0,USD,,,324990.0,,q1,2020
0001104659-20-022802,AssetsCurrent,us-gaap/2019,20181231,0,USD,,,14540000.0,,q1,2020
0001493152-20-003156,AssetsCurrent,us-gaap/2019,20181231,0,USD,,,137315.0,,q1,2020
0001558370-20-001266,DepreciationDepletionAndAmortization,us-gaap/2018,20181231,4,USD,,,18425000.0,,q1,2020
0001564590-20-009076,ComprehensiveIncomeNetOfTax,us-gaap/2019,20171231,4,USD,ConsolidatedEntities=NonGuarantorSubsidiaries;,,15681000.0,,q1,2020
0000102729-20-000004,EffectOfExchangeRateOnCashCashEquivalentsRestrictedCashAndRestrictedCashEquivalents,us-gaap/2019,20171231,4,USD,ConsolidatedEntities=NonGuarantorSubsidiaries;,,27477000.0,,q1,2020
0000740260-20-000042,DirectCostsOfLeasedAndRentedPropertyOrEquipment,us-gaap/2019,20171231,4,USD,ConsolidatedEntities=SubsidiaryIssuer;,,330000.0,,q1,2020
0001598014-20-000008,Revenues,us-gaap/2019,20181130,4,USD,ProductOrService=NonrecurringRevenue;,,641400000.0,,q1,2020
0000879526-20-000021,CommonStockParOrStatedValuePerShare,us-gaap/2019,20181231,0,USD,,,0.01,,q1,2020
0001558370-20-001906,Land,us-gaap/2019,20181231,0,USD,Restatement=RestatementAdjustment;,,-650651000.0,,q1,2020
0001628280-20-002133,OperatingIncomeLoss,us-gaap/2019,20191231,4,USD,BusinessSegments=PaymentandMerchandisingTechnologies;,,177300000.0,,q1,2020
0000899749-20-000014,Assets,us-gaap/2019,20191231,0,USD,,,3563855000.0,,q1,2020
0001751788-20-000007,ComprehensiveIncomeNetOfTax,us-gaap/2019,20181231,4,USD,,,4421000000.0,,q1,2020
0001564590-20-003682,ComprehensiveIncomeNetOfTax,us-gaap/2019,20191231,3,USD,,,168905000.0,,q1,2020
0001564590-20-006404,ComprehensiveIncomeNetOfTaxAttributableToNoncontrollingInterest,us-gaap/2019,20181231,4,USD,,,65000000.0,,q1,2020
0001558370-20-003175,AvailableForSaleSecuritiesDebtSecurities,us-gaap/2018,20181231,0,USD,FairValueByMeasurementFrequency=FairValueMeasurementsRecurring;,,43751000.0,,q1,2020
0001564590-20-009196,ShareBasedCompensation,us-gaap/2019,20191231,4,USD,,,4396000.0,,q1,2020
0001178913-20-000826,WeightedAverageNumberOfSharesOutstandingBasic,us-gaap/2019,20171231,4,shares,,,25849724.0,,q1,2020
0000799292-20-000033,RepaymentsOfBankDebt,us-gaap/2019,20181231,4,USD,,,549200000.0,,q1,2020
0000897429-20-000052,PropertyPlantAndEquipmentNet,us-gaap/2019,20200131,0,USD,,,315382000.0,,q1,2020
0000874761-20-000012,IncomeTaxExpenseBenefit,us-gaap/2019,20171231,4,USD,Geographical=VN;,,13000000.0,,q1,2020
0000013239-20-000006,Goodwill,us-gaap/2019,20181231,0,USD,BusinessSegments=Fpd;,,68000000.0,,q1,2020
0000315213-20-000029,RevenueFromContractWithCustomerExcludingAssessedTax,us-gaap/2019,20171231,4,USD,Geographical=NonUs;,,1145088000.0,,q1,2020
0001628280-20-002635,CommonStockSharesOutstanding,us-gaap/2019,20161231,0,shares,ClassOfStock=CommonClassB;EquityComponents=CommonStock;,,7197532.0,,q1,2020
0000065011-20-000014,InterestIncomeExpenseNet,us-gaap/2019,20181231,2,USD,ConsolidationItems=ConsolidationEliminations;,,0.0,,q1,2020
0001104659-20-033996,ProvisionForLoanAndLeaseLosses,us-gaap/2019,20191231,4,USD,BusinessSegments=Corporate;,,0.0,,q1,2020
0001558370-20-001281,Assets,us-gaap/2019,20191231,0,USD,ConsolidationItems=CorporateNonSegment;,,393225000.0,,q1,2020
0001733998-20-000006,ComprehensiveIncomeNetOfTax,us-gaap/2019,20181231,4,USD,EquityComponents=RetainedEarnings;,,64569000.0,,q1,2020
0001174947-20-000167,StockholdersEquity,us-gaap/2019,20181231,0,USD,EquityComponents=RetainedEarnings;,,19145095.0,,q1,2020
0001564590-20-011796,StockIssuedDuringPeriodSharesToBoardDirectors,0001564590-20-011796,20190131,4,shares,EquityComponents=CommonStock;,,173000.0,,q1,2020
0001558370-20-001641,TreasuryStockSharesAcquired,us-gaap/2019,20171231,4,shares,EquityComponents=CommonStock;,,-7439000.0,,q1,2020
0001013237-20-000015,AdjustmentsToAdditionalPaidInCapitalSharebasedCompensationRequisiteServicePeriodRecognitionValue,us-gaap/2019,20181130,1,USD,EquityComponents=RetainedEarnings;,,,,q1,2020
0001628280-20-003659,CommonStockSharesOutstanding,us-gaap/2019,20191231,0,shares,EquityComponents=CommonStock;,,30801255.0,,q1,2020
0001166691-20-000008,MinorityInterestDecreaseFromRedemptions,us-gaap/2019,20171231,4,USD,EquityComponents=AccumulatedOtherComprehensiveIncome;,,-194000000.0,,q1,2020
0001562762-20-000024,StockholdersEquity,us-gaap/2018,20180930,0,USD,EquityComponents=AdditionalPaidInCapital;,,10118000.0,,q1,2020
0001101302-20-000013,StockholdersEquityIncludingPortionAttributableToNoncontrollingInterest,us-gaap/2019,20171231,0,USD,EquityComponents=AdditionalPaidInCapital;,,867699000.0,,q1,2020
0001166388-20-000014,StockIssuedDuringPeriodValueShareBasedCompensation,us-gaap/2019,20200131,4,USD,EquityComponents=AdditionalPaidInCapital;,,9543000.0,,q1,2020
0001140361-20-003721,AmortizationOfESOPAwardTreasuryStock,0001140361-20-003721,20181231,4,USD,EquityComponents=TreasuryStock;,,1792000.0,,q1,2020
0001472375-20-000023,AssetsCurrent,us-gaap/2019,20191231,0,USD,,,37.0,,q1,2020
0001564590-20-005562,NetCashProvidedByUsedInFinancingActivities,us-gaap/2019,20171231,4,USD,LegalEntity=ERPOP;,ERPOP,-789818000.0,,q1,2020
0001465740-20-000037,StockIssuedDuringPeriodValueNewIssues,us-gaap/2019,20191231,4,USD,SubsidiarySaleOfStock=AttheMarketOffering;,,51000000.0,,q1,2020
0001437749-20-001698,OperatingIncomeLoss,us-gaap/2019,20181231,1,USD,BusinessSegments=WholesaleSegment;ConsolidationItems=OperatingSegments;,,8821000.0,,q1,2020
0001683168-20-000704,GrossProfit,us-gaap/2018,20180430,2,USD,BusinessSegments=MMTCActivities;,,0.0,,q1,2020
0001558370-20-002528,IncomeLossFromContinuingOperationsBeforeIncomeTaxesExtraordinaryItemsNoncontrollingInterest,us-gaap/2019,20181130,4,USD,BusinessSegments=RetailFinancialServices;,,26574000.0,,q1,2020
0001069996-20-000011,CashCashEquivalentsRestrictedCashAndRestrictedCashEquivalents,us-gaap/2019,20161231,0,USD,,,74593000.0,,q1,2020
0000821483-20-000009,CommonStockValue,us-gaap/2019,20181231,0,USD,ConsolidatedEntities=ParentCompany;,,470000.0,,q1,2020
0000874977-20-000019,ExcessTaxBenefitFromShareBasedCompensationOperatingActivities,us-gaap/2019,20181231,4,USD,ConsolidatedEntities=ParentCompany;,,-900000.0,,q1,2020
0001047469-20-001608,AmortizationOfContractLiability,0001047469-20-001608,20171231,4,USD,,,1089000.0,,q1,2020
0001546417-20-000032,StockRepurchasedAndRetiredDuringPeriodShares,us-gaap/2019,20180930,1,shares,,,968000.0,,q1,2020
0001654954-20-002065,StockholdersEquity,us-gaap/2019,20171231,0,USD,,,57302526.0,,q1,2020
0001193125-20-057067,WeightedAverageNumberOfDilutedSharesOutstanding,us-gaap/2019,20171231,4,shares,,,39933000.0,,q1,2020
0001366868-20-000030,WeightedAverageNumberOfSharesOutstandingBasic,us-gaap/2019,20171231,4,shares,,,1166581000.0,,q1,2020
0001562528-20-000014,StockIssuedDuringPeriodValueDividendReinvestmentPlan,us-gaap/2019,20181231,4,USD,,,14023000.0,,q1,2020
0001448788-20-000002,ShortTermBorrowings,us-gaap/2019,20190430,0,USD,,,6079983.0,,q1,2020
0001309108-20-000024,Revenues,us-gaap/2019,20190331,1,USD,,,381876000.0,,q1,2020
0001654954-20-002485,NetAssetsPerCommonShare,0001654954-20-002485,20171231,0,USD,LegalEntity=TeucriumSoybeanFund;,TeucriumSoybeanFund,17.85,,q1,2020
0001140361-20-004311,OtherComprehensiveIncome,ifrs/2019,20171231,4,USD,ComponentsOfEquity=IssuedCapital;,,0.0,,q1,2020
0000081362-20-000002,PaymentsToAcquirePropertyPlantAndEquipment,us-gaap/2019,20191231,4,USD,Geographical=GlobalSpecialtyBusinesses;,,2021000.0,,q1,2020
0001387131-20-002889,StockIssuedDuringPeriodSharesRestrictedStockAwardGross,us-gaap/2019,20191231,4,shares,EquityComponents=CommonStockIncludingAdditionalPaidInCapital;,,14930.0,,q1,2020
0001564590-20-014358,AdjustmentForChangeInFairValueOfBiologicalAssetsRealizedThroughInventorySold,0001564590-20-014358,20191231,4,CAD,ProductsAndServices=Cannabis;,,10685000.0,,q1,2020
0000313216-20-000011,InterestPaidClassifiedAsOperatingActivities,ifrs/2019,20191231,4,EUR,ClassesOfFinancialLiabilities=LeaseLiabilities;,,26000000.0,,q1,2020
0000101778-20-000023,RevenueFromContractWithCustomerExcludingAssessedTax,us-gaap/2019,20171231,4,USD,BusinessSegments=InternationalExplorationAndProduction;ConsolidationItems=OperatingSegments;,,1154000000.0,,q1,2020
0001718512-20-000013,Goodwill,us-gaap/2019,20171231,0,USD,BusinessSegments=PowerTransmissionSegment;,,1430200000.0,,q1,2020
0001213900-20-004183,StockIssuedDuringPeriodValueNewIssues,us-gaap/2019,20180930,1,USD,EquityComponents=PreferredStockSubscriptionReceipts;,,,,q1,2020
0001640334-20-000379,StockIssuedDuringPeriodSharesNewIssues,us-gaap/2019,20190228,0,shares,RelatedPartyTransactionsByRelatedParty=CameronDouglasMcDonald;,,249000.0,,q1,2020
0000930413-20-000859,LoansAndAdvancesToCustomers,ifrs/2019,20181231,0,GBP,LoanStage=Stage1;RatingSystem=RMS16;RelatedPartyTransactionsByRelatedParty=TheGroup;RiskExposures=ExpectedCreditLossesInRespectOfDrawnExposures;Segments=RetailMortgages;,,37000000.0,,q1,2020
0000864270-20-000003,OtherIncome,us-gaap/2019,20181231,1,USD,ConsolidationItems=MaterialReconcilingItems;,,0.0,,q1,2020
0001628280-20-002326,NetIncomeLoss,us-gaap/2019,20181231,4,USD,ConsolidationItems=MaterialReconcilingItems;,,357000000.0,,q1,2020
0001193125-20-028191,RevenueFromContractWithCustomerExcludingAssessedTax,us-gaap/2019,20171231,4,USD,Geographical=AU;,,269300000.0,,q1,2020
0000785161-20-000011,RepaymentsOfLongTermDebt,us-gaap/2019,20171231,4,USD,ConsolidationItems=ConsolidationEliminations;,,0.0,,q1,2020
0001140361-20-002724,StockholdersEquityIncludingPortionAttributableToNoncontrollingInterest,us-gaap/2019,20180331,0,USD,EquityComponents=RetainedEarnings;,,78510000.0,,q1,2020
0001564590-20-013513,StockIssuedDuringPeriodSharesEmployeeStockPurchasePlans,us-gaap/2019,20200131,4,shares,EquityComponents=CommonStock;,,177864.0,,q1,2020
0000700565-20-000003,StockIssuedDuringPeriodValueNewIssues,us-gaap/2018,20181231,4,USD,EquityComponents=CommonStock;,,3789000.0,,q1,2020
0001262463-20-000009,AdjustmentsToAdditionalPaidInCapitalWarrantIssued,us-gaap/2019,20180930,3,USD,EquityComponents=CommonStock;,,,,q1,2020
0001493152-20-003419,SharesOutstanding,us-gaap/2019,20180930,0,shares,EquityComponents=CommonStock;,,10177496.0,,q1,2020
0001564590-20-006736,SharesOutstanding,us-gaap/2019,20191231,0,shares,EquityComponents=CommonStock;,,128690000.0,,q1,2020
0001594466-20-000041,AdjustmentsRelatedToTaxWithholdingForShareBasedCompensation,us-gaap/2018,20181231,4,USD,EquityComponents=TreasuryStock;,,11014000.0,,q1,2020
0001171843-20-001755,NetIncomeLoss,us-gaap/2019,20191231,4,USD,EquityComponents=AccumulatedOtherComprehensiveIncome;,,,,q1,2020
0001104659-20-033700,LoansAndLeasesReceivableGrossCarryingAmount,us-gaap/2019,20181231,0,USD,FinancialInstrument=CommercialLoan;FinancingReceivableRecordedInvestmentByClassOfFinancingReceivable=ConstructionAndLandDevelopment;,,33904000.0,,q1,2020
0001104659-20-032921,NoninterestExpenseDirectorsFees,us-gaap/2019,20171231,4,USD,LegalEntity=UnitedStatesCommodityIndexFund;,UnitedStatesCommodityIndexFund,69558.0,,q1,2020
0001193125-20-083242,IfrsCumulativeEffectOfNewAccountingPrincipleInPeriodOfAdoption,0001193125-20-083242,20171231,0,RUB,ComponentsOfEquity=EquityAttributableToOwnersOfParent;,,-208000000.0,,q1,2020
0001628280-20-003093,OtherNoncontrollingInterests1,0001628280-20-003093,20191231,0,USD,Currency=AUD;,,641000000.0,,q1,2020
0001628280-20-002489,LaborAndRelatedExpense,us-gaap/2019,20171231,4,USD,ConsolidationItems=OperatingSegmentsAndCorporateNonSegment;,,413735000.0,,q1,2020
0001656936-20-000007,NetIncomeLossNetOfTaxPerOutstandingLimitedPartnershipUnitDiluted,us-gaap/2018,20190331,1,USD,LegalEntity=MGPOperatingPartnership;,MGPOperatingPartnership,0.23,,q1,2020
0001104659-20-033996,InterestAndDividendIncomeOperating,us-gaap/2019,20171231,4,USD,BusinessSegments=CommercialRetailBank;,,65118000.0,,q1,2020
0001437749-20-006403,InvestmentsFairValueDisclosure,us-gaap/2019,20191231,0,USD,FairValueByMeasurementFrequency=FairValueMeasurementsRecurring;FinancialInstrument=InvestmentsInPrivateEquityFundsManagedByHCSJMPAM;,,,,q1,2020
0000737758-20-000007,NetCashProvidedByUsedInInvestingActivities,us-gaap/2018,20200131,1,USD,,,-11796000.0,,q1,2020
0001558370-20-000945,NetCashProvidedByUsedInInvestingActivities,us-gaap/2019,20171231,4,USD,,,-6521553000.0,,q1,2020
0001437749-20-004422,JuniorSubordinatedDebentureOwedToUnconsolidatedSubsidiaryTrust,us-gaap/2019,20181231,0,USD,,,10310000.0,,q1,2020
0001019056-20-000013,IssuanceOfStockAndWarrantsForServicesOrClaims,us-gaap/2019,20190930,4,USD,,,150000.0,,q1,2020
0001753926-20-000036,IncreaseDecreaseInOtherAccountsPayableAndAccruedLiabilities,us-gaap/2019,20191231,4,USD,,,2394000.0,,q1,2020
0001174947-20-000426,IncreaseDecreaseInOtherCurrentLiabilities,us-gaap/2019,20190331,4,USD,,,209051.0,,q1,2020
0000920427-20-000017,InterestAndFeeIncomeLoansAndLeases,us-gaap/2018,20191231,4,USD,,,72327000.0,,q1,2020
0001558370-20-000574,InventoryWriteDown,us-gaap/2019,20181231,3,USD,,,617000.0,,q1,2020
0001593034-20-000019,IncomeLossFromContinuingOperationsPerDilutedShare,us-gaap/2019,20180331,1,USD,,,-2.23,,q1,2020
0001721868-20-000112,IncomeTaxExpenseBenefit,us-gaap/2019,20180630,2,USD,,,,,q1,2020
0001213900-20-002569,IncreaseDecreaseInAccruedLiabilities,us-gaap/2019,20191231,1,USD,,,55675.0,,q1,2020
0000920148-20-000011,IncreaseDecreaseInAccruedLiabilitiesAndOtherOperatingLiabilities,us-gaap/2019,20181231,4,USD,,,27800000.0,,q1,2020
0001466538-20-000026,NetIncomeLoss,us-gaap/2019,20171231,4,USD,BusinessSegments=OperatingCompany;ConsolidationItems=OperatingSegments;,,6191000.0,,q1,2020
0001558370-20-002390,InvestmentOwnedUnrealizedGainLossOnOpenContractsNet,0001558370-20-002390,20191231,0,USD,ClassOfStock=CapitalUnitClassB;Investments=OpenContracts;InvestmentType=Swap;,,2010413.0,,q1,2020
0001326771-20-000042,DerivativeAssets,us-gaap/2019,20181231,0,USD,,,65765000.0,,q1,2020
0001193125-20-073720,DeferredIncomeTaxLiabilitiesNet,us-gaap/2019,20190430,0,USD,,,38600000.0,,q1,2020
0000933136-20-000005,ProceedsFromSaleOfMortgageServicingRightsMSR,us-gaap/2019,20171231,4,USD,ConsolidatedEntities=ParentCompany;ConsolidationItems=ReportableLegalEntities;,,0.0,,q1,2020
0001539838-20-000021,PaymentsToAcquireMineralRights,us-gaap/2019,20191231,4,USD,ConsolidatedEntities=GuarantorSubsidiaries;ConsolidationItems=ReportableLegalEntities;,,0.0,,q1,2020
0000930413-20-000859,FinancialAssetsAtFairValueThroughProfitOrLoss,ifrs/2019,20191231,0,GBP,CategoriesOfFinancialAssets=FinancialAssetsAtFairValueThroughProfitOrLossCategory;PurchaseAgreement=ReverseRepurchaseAgreement;Scenario=Offset;,,,,q1,2020
0001564590-20-010463,StockIssuedDuringPeriodSharesNewIssues,us-gaap/2019,20171031,0,shares,EquityComponents=CommonStock;SubsidiarySaleOfStock=TwoThousandAndSeventeenDirectRegisteredOffering;,,8382643.0,,q1,2020
0001101302-20-000013,Goodwill,us-gaap/2019,20191231,0,USD,BusinessAcquisition=PSSacquisitionmember;,,8804000.0,,q1,2020
0000040211-20-000017,EarningsPerShareBasic,us-gaap/2019,20171231,4,USD,,,12.95,,q1,2020
0001437749-20-005329,EarningsPerShareBasic,us-gaap/2019,20180331,1,USD,,,0.12,,q1,2020
0001363829-20-000039,PreferredStockDividendsIncomeStatementImpact,us-gaap/2019,20171231,4,USD,ConsolidatedEntities=ParentCompany;,,0.0,,q1,2020
0001564590-20-009164,ProceedsFromEquityMethodInvestmentDividendsOrDistributionsReturnOfCapital,us-gaap/2019,20181231,4,USD,ConsolidatedEntities=ParentCompany;,,10000000.0,,q1,2020
0000086312-20-000011,OtherthanTemporaryImpairmentLossesRecoveryInvestmentsPortioninOtherComprehensiveLossbeforeTaxPortionAttributableToParentAvailableforsaleSecurities,0000086312-20-000011,20191231,4,USD,ConsolidatedEntities=NonGuarantorSubsidiaries;ConsolidationItems=ReportableLegalEntities;,,1000000.0,,q1,2020
0000315858-20-000029,NotesAndLoansPayable,us-gaap/2018,20191231,0,USD,LegalEntity=Bluegreen;,Bluegreen,146160000.0,,q1,2020
0001558370-20-001967,AvailableForSaleSecuritiesDebtSecurities,us-gaap/2019,20181231,0,USD,FairValueByMeasurementFrequency=FairValueMeasurementsRecurring;FinancialInstrument=MortgageBackedSecurities;,,104983000.0,,q1,2020
0001109357-20-000053,DecommissioningFundInvestments,us-gaap/2019,20181231,0,USD,FairValueByAssetClass=AssetsTotal;,,12695000000.0,,q1,2020
0001040971-20-000006,NetIncomeLoss,us-gaap/2019,20190331,1,USD,ConsolidatedEntities=Subsidiaries;,,49808000.0,,q1,2020
0001628280-20-002497,PropertyPlantAndEquipment,ifrs/2019,20181231,0,CAD,CarryingAmountAccumulatedDepreciationAmortisationAndImpairmentAndGrossCarryingAmount=AccumulatedDepreciationAndAmortisation;ClassesOfPropertyPlantAndEquipment=BuildingsAndEquipment;,,-867000000.0,,q1,2020
0000051644-20-000013,CommonStockSharesAuthorized,us-gaap/2019,20181231,0,shares,,,800000000.0,,q1,2020
0001193125-20-050136,CommonStockSharesAuthorized,us-gaap/2019,20181231,0,shares,,,80000000.0,,q1,2020
0001140361-20-007337,CashCashEquivalentsRestrictedCashAndRestrictedCashEquivalents,us-gaap/2019,20171231,0,USD,,,0.0,,q1,2020
0000851310-20-000006,CashCashEquivalentsRestrictedCashAndRestrictedCashEquivalentsPeriodIncreaseDecreaseIncludingExchangeRateEffect,us-gaap/2019,20171231,4,USD,,,1337000.0,,q1,2020
0000829224-20-000012,CommonStockSharesAuthorized,us-gaap/2019,20190930,0,shares,,,2400000000.0,,q1,2020
0001371285-20-000032,Assets,us-gaap/2018,20191231,0,USD,ConsolidatedEntities=ParentCompany;,,164275000.0,,q1,2020
0001243429-20-000004,AdjustmentsForGainsLossesOnChangeInFairValueOfDerivatives,ifrs/2018,20191231,4,USD,,,-320000000.0,,q1,2020
0001628280-20-001947,Assets,us-gaap/2019,20191231,0,USD,,,23965615000.0,,q1,2020
0001477333-20-000010,APICShareBasedPaymentArrangementIncreaseForStockOptionsEarlyExercised,0001477333-20-000010,20181231,4,USD,EquityComponents=AdditionalPaidInCapital;,,1415000.0,,q1,2020
0001607062-20-000011,StockholdersEquity,us-gaap/2018,20191130,0,USD,EquityComponents=AdditionalPaidInCapital;,,3063134.0,,q1,2020
0001000228-20-000018,StockholdersEquityOther,us-gaap/2019,20181231,4,USD,EquityComponents=AdditionalPaidInCapital;,,19000.0,,q1,2020
0001441683-20-000020,TemporaryEquityPaymentsOfDividendsPreferredStockAndPreferenceStock,0001441683-20-000020,20181231,4,USD,,,0.0,,q1,2020
0001104659-20-034248,WeightedAverageNumberOfSharesOutstandingBasic,us-gaap/2019,20190131,4,shares,,,181099000.0,,q1,2020
0001558370-20-001804,SellingAndMarketingExpense,us-gaap/2019,20181231,1,USD,,,28435000.0,,q1,2020
0001387131-20-003381,RealEstateInvestmentPropertyAccumulatedDepreciation,us-gaap/2019,20181231,0,USD,,,78099000.0,,q1,2020
0001049521-20-000009,PreferredStockSharesAuthorized,us-gaap/2018,20191231,0,shares,,,1000000.0,,q1,2020
0001564590-20-007716,ProceedsFromDivestitureOfBusinesses,us-gaap/2019,20181231,4,USD,,,25200000.0,,q1,2020
0001230245-20-000031,OtherNoninterestExpense,us-gaap/2019,20171231,4,USD,,,11370000.0,,q1,2020
0001666071-20-000054,PaymentsToAcquirePropertyPlantAndEquipment,us-gaap/2018,20191231,4,USD,,,8277000.0,,q1,2020
0000935703-20-000006,OtherNoncashIncomeExpense,us-gaap/2019,20180131,4,USD,,,-10900000.0,,q1,2020
0001331463-20-000050,ProceedsFromPaymentsForSecuritiesPurchasedUnderAgreementsToResell,us-gaap/2019,20191231,4,USD,,,2999000000.0,,q1,2020
0001514416-20-000027,OtherNonoperatingIncomeExpense,us-gaap/2019,20191231,4,USD,,,2469000.0,,q1,2020
0001628280-20-004385,NetIncomeLossIncludingCumulativeEffectOfChangeOnEquityDueToNewAccountingPronouncementOrChangeInAccountingPrinciple,0001628280-20-004385,20190131,4,USD,,,229832000.0,,q1,2020
0001104659-20-039645,MinorityInterestDecreaseFromDistributionsToNoncontrollingInterestHolders,us-gaap/2019,20181231,4,USD,,,900000.0,,q1,2020
0001047469-20-000583,NetCashProvidedByUsedInInvestingActivities,us-gaap/2018,20171231,4,USD,,,-3508000.0,,q1,2020
0001493152-20-004600,OfficersCompensation,us-gaap/2019,20181231,4,USD,,,408000.0,,q1,2020
0000773840-20-000009,LossContingencyReceivableNoncurrent,us-gaap/2019,20181231,0,USD,,,437000000.0,,q1,2020
0001137789-20-000015,InvestmentIncomeInterest,us-gaap/2018,20181231,2,USD,,,46000000.0,,q1,2020
0001383312-20-000013,LongTermDebtNoncurrent,us-gaap/2019,20191231,0,USD,,,1449300000.0,,q1,2020
0001437749-20-005240,Liabilities,us-gaap/2019,20181231,0,USD,,,994694000.0,,q1,2020
0001708035-20-000009,LongTermDebtCurrent,us-gaap/2019,20191231,0,USD,,,7766000.0,,q1,2020
0000874501-20-000034,NetIncomeLoss,us-gaap/2019,20190331,1,USD,,,-43000000.0,,q1,2020
0001493152-20-004260,IncreaseDecreaseInSecurityDepositsAndOtherAssets,0001493152-20-004260,20191231,4,USD,,,,,q1,2020
0001411342-20-000030,InterestIncomeExpenseNet,us-gaap/2019,20190930,1,USD,,,20031000.0,,q1,2020
0001564590-20-006769,IncreaseDecreaseInAccountsPayableAndAccruedLiabilitiesLeaseLiabilitiesAndOtherLiabilities,0001564590-20-006769,20191231,4,USD,,,122979000.0,,q1,2020
0000040533-20-000015,RevenueFromContractWithCustomerExcludingAssessedTax,us-gaap/2019,20181231,4,USD,BusinessSegments=CombatSystems;MajorCustomers=U.S.Commercial;,,251000000.0,,q1,2020
0001378789-20-000004,GainLossOnSaleOfPropertyPlantEquipment,us-gaap/2019,20181231,4,USD,ConsolidationItems=ConsolidationEliminations;DebtInstrument=AerCapTrustAICDCNotes;,,0.0,,q1,2020
0000100716-20-000021,IncomeLossFromContinuingOperationsBeforeIncomeTaxesMinorityInterestAndIncomeLossFromEquityMethodInvestments,us-gaap/2018,20191231,4,USD,,,-3249890.0,,q1,2020
0001564590-20-008141,IncreaseDecreaseInAccountsPayableAndAccruedLiabilities,us-gaap/2019,20171231,4,USD,,,2511000.0,,q1,2020
0001628280-20-002113,CostOfGoodsAndServicesSold,us-gaap/2019,20181231,4,USD,DerivativeInstrumentRisk=ForeignExchangeContract;EquityComponents=AccumulatedNetGainLossFromCashFlowHedgesIncludingPortionAttributableToNoncontrollingInterest;ReclassificationOutOfAccumulatedOtherComprehensiveIncome=ReclassificationOutOfAccumulatedOtherComprehensiveIncome;,,0.0,,q1,2020
0001558370-20-002676,RevenueFromContractWithCustomerExcludingAssessedTax,us-gaap/2019,20180630,1,USD,ProductOrService=ServiceOther;,,3174000.0,,q1,2020
0001163302-20-000012,RevenueFromContractWithCustomerExcludingAssessedTax,us-gaap/2019,20181231,4,USD,BusinessSegments=TubularProducts;ProductOrService=SemifinishedProducts;,,0.0,,q1,2020
0001558370-20-003455,DerivativeGainLossOnDerivativeNet,us-gaap/2019,20171231,4,USD,DerivativeInstrumentRisk=InterestRateCap;EquityComponents=Parent;,,224000.0,,q1,2020
0001677703-20-000010,IncreaseDecreaseInAccountsPayableAndAccruedLiabilities,us-gaap/2019,20181231,4,USD,,,-56000000.0,,q1,2020
0001663577-20-000068,IncreaseDecreaseInAccountsPayableAndAccruedLiabilities,us-gaap/2020,20190131,2,USD,,,-290235.0,,q1,2020
0001104659-20-012517,IncreaseDecreaseInAccountsPayable,us-gaap/2018,20181231,1,USD,,,-490072.0,,q1,2020
0001610114-20-000005,DiscontinuedOperationIncomeLossFromDiscontinuedOperationNetOfTaxPerBasicShare,us-gaap/2019,20181231,1,USD,,,-0.05,,q1,2020
0001683825-20-000008,EffectOfExchangeRateOnCashCashEquivalentsRestrictedCashAndRestrictedCashEquivalents,us-gaap/2019,20191231,4,EUR,,,94000.0,,q1,2020
0000947484-20-000012,IncomeLossFromEquityMethodInvestments,us-gaap/2019,20191231,4,USD,ConsolidatedEntities=Subsidiaries;ConsolidationItems=ReportableLegalEntities;,,122893000.0,,q1,2020
0001065696-20-000008,IncomeLossFromDiscontinuedOperationsNetOfTaxAttributableToReportingEntity,us-gaap/2019,20171231,4,USD,IncomeStatementBalanceSheetAndAdditionalDisclosuresByDisposalGroupsIncludingDiscontinuedOperations=PGW;,,-6746000.0,,q1,2020
0001558370-20-002390,InvestmentOwnedUnrealizedGainLossOnOpenContractsNet,0001558370-20-002390,20181231,0,USD,ClassOfStock=CapitalUnitClassA;Investments=OpenShortContracts;InvestmentSecondaryCategorization=USFuturesPositions;InvestmentType=FuturesContracts;,,19067.0,,q1,2020
0000944075-20-000012,DeferredRevenueCurrent,us-gaap/2019,20181231,0,USD,,,396974.0,,q1,2020
0000720858-20-000009,IncomeTaxExpenseBenefit,us-gaap/2019,20191231,4,USD,EquityComponents=AccumulatedNetUnrealizedInvestmentGainLoss;ReclassificationOutOfAccumulatedOtherComprehensiveIncome=ReclassificationOutOfAccumulatedOtherComprehensiveIncome;,,0.0,,q1,2020
0000763563-20-000052,NetIncomeLoss,us-gaap/2018,20171231,4,USD,EquityComponents=AccumulatedNetUnrealizedInvestmentGainLoss;ReclassificationOutOfAccumulatedOtherComprehensiveIncome=ReclassificationOutOfAccumulatedOtherComprehensiveIncome;,,-68000.0,,q1,2020
0001193125-20-054469,OtherReceivablesNetCurrent,us-gaap/2019,20181231,0,USD,LegalEntity=DominionEnergyTransmissionInc;ScheduleOfEquityMethodInvestmentEquityMethodInvesteeName=AtlanticCoastPipelineLLC;,,13000000.0,,q1,2020
0001579877-20-000038,Assets,us-gaap/2019,20171231,0,USD,BusinessSegments=AllOtherSegments;ConsolidationItems=OperatingSegments;,,263800000.0,,q1,2020
0000912562-20-000007,Goodwill,us-gaap/2019,20191231,0,USD,ProductOrService=RenewableEnergyandConservation;,,77602000.0,,q1,2020
0001654954-20-002656,AvailableForSaleSecurities,us-gaap/2019,20181231,0,USD,InformationByCategoryOfDebtSecurity=OtherInvestments;,,8055074.0,,q1,2020
0000827052-20-000026,MinorityInterestDecreaseFromDistributionsToNoncontrollingInterestHolders,us-gaap/2019,20171231,4,USD,EquityComponents=NoncontrollingInterestPreferredandPreferenceStock;,,124000000.0,,q1,2020
0001564590-20-010636,ContractWithCustomerLiabilityNoncurrent,us-gaap/2019,20181231,0,USD,,,1060000.0,,q1,2020
0001031203-20-000006,FloorPlanInterestExpense,0001031203-20-000006,20181231,4,USD,BusinessSegments=UnitedStatesSegment;,,52800000.0,,q1,2020
0001273511-20-000040,AmountOfCommonSharesIssuedForLicenses,0001273511-20-000040,20181130,4,CAD,ComponentsOfEquity=OtherReserves;,,,,q1,2020
0001628280-20-001017,Revenue,ifrs/2019,20171231,4,DKK,GeographicalAreas=JAPANANDKOREA;ProductsAndServices=TotalDiabetesCare;Segments=DiabetesAndObesityCare;,,3708000000.0,,q1,2020
0001039684-20-000012,NetCashProvidedByUsedInFinancingActivities,us-gaap/2019,20171231,4,USD,ConsolidatedEntities=GuarantorSubsidiaries;ConsolidationItems=ReportableLegalEntities;,,8800000.0,,q1,2020
0001558370-20-001041,OtherLiabilitiesCurrent,us-gaap/2019,20181231,0,USD,ConsolidatedEntities=GuarantorSubsidiaries;ConsolidationItems=ReportableLegalEntities;,,135000000.0,,q1,2020
0001628280-20-004390,RoyaltyExpense,ifrs/2019,20181231,4,USD,SegmentConsolidationItems=OperatingSegments;Segments=NorthernTerritorySegment;,,0.0,,q1,2020
0001213900-20-006807,TradeAndOtherCurrentReceivables,ifrs/2019,20171231,0,USD,CategoriesOfFinancialAssets=LoansAndReceivablesCategory;RetrospectiveApplicationAndRetrospectiveRestatement=ClassificationIAS39;,,-1214050000.0,,q1,2020
0001005201-20-000021,ProceedsFromSaleOfAvailableForSaleSecuritiesDebt,us-gaap/2018,20171231,4,USD,,,0.0,,q1,2020
0001128361-20-000007,ProvisionForLoanLossesExpensed,us-gaap/2019,20171231,4,USD,,,17360000.0,,q1,2020
0001104659-20-003043,PreferredStockSharesIssued,us-gaap/2019,20180930,0,shares,,,0.0,,q1,2020
0000356309-20-000033,ProceedsFromEquityMethodInvestmentDividendsOrDistributionsReturnOfCapital,us-gaap/2019,20181231,1,USD,,,619000.0,,q1,2020
0000102729-20-000004,PaymentsOfDividendsCommonStock,us-gaap/2019,20191231,4,USD,,,32642000.0,,q1,2020
0001040971-20-000006,PartnersCapitalAccountRedemptions,us-gaap/2019,20181231,4,USD,,,16303000.0,,q1,2020
0000944075-20-000012,OtherAssetsNoncurrent,us-gaap/2019,20191231,0,USD,,,202611.0,,q1,2020
0000945764-20-000009,OtherReceivables,us-gaap/2019,20181231,0,USD,,,125788000.0,,q1,2020
0000832101-20-000007,OtherComprehensiveIncomeLossNetOfTax,us-gaap/2019,20171231,4,USD,,,112146000.0,,q1,2020
0001166691-20-000008,OperatingIncomeLoss,us-gaap/2019,20190930,1,USD,,,5340000000.0,,q1,2020
0001039828-20-000013,NetInvestmentIncome,us-gaap/2019,20180331,1,USD,,,510784000.0,,q1,2020
0001437749-20-002116,LongTermDebtCurrent,us-gaap/2019,20190331,0,USD,,,2125000.0,,q1,2020
0001554795-20-000033,LaborAndRelatedExpense,us-gaap/2019,20181231,3,USD,,,130000.0,,q1,2020
0000936468-20-000016,NetIncomeLoss,us-gaap/2019,20180930,1,USD,,,1473000000.0,,q1,2020
0001437749-20-005145,InterestIncomeExpenseNonoperatingNet,us-gaap/2019,20171231,4,USD,,,-4285000.0,,q1,2020
0001654954-20-001316,InterestExpense,us-gaap/2019,20181231,1,USD,,,141788.0,,q1,2020
0000829224-20-000012,LiabilitiesCurrent,us-gaap/2019,20190930,0,USD,,,6168700000.0,,q1,2020
0001016178-20-000007,LoansAndLeasesReceivableAllowance,us-gaap/2019,20190930,0,USD,,,4625000.0,,q1,2020
0001564590-20-004630,IncreaseDecreaseInPrepaidDeferredExpenseAndOtherAssets,us-gaap/2019,20181231,1,USD,,,-6777000.0,,q1,2020
0000101778-20-000023,IncreaseDecreaseInReceivables,us-gaap/2019,20181231,4,USD,,,133000000.0,,q1,2020
0000828944-20-000009,IncomeTaxesPaidNet,us-gaap/2019,20181231,4,USD,,,33316000.0,,q1,2020
0001564590-20-010516,IncreaseDecreaseInDeposits,us-gaap/2019,20171231,4,USD,,,-46287000.0,,q1,2020
0000104889-20-000007,InterestExpense,us-gaap/2019,20181231,1,USD,,,6531000.0,,q1,2020
0001321646-20-000008,IncomeTaxExpenseBenefit,us-gaap/2019,20171231,4,USD,,,-57884000.0,,q1,2020
0001059556-20-000005,GainLossOnSaleOfBusiness,us-gaap/2019,20191231,4,USD,EquityComponents=AccumulatedTranslationAdjustment;ReclassificationOutOfAccumulatedOtherComprehensiveIncome=ReclassificationOutOfAccumulatedOtherComprehensiveIncome;,,-32000000.0,,q1,2020
0000832101-20-000007,IncomeTaxExpenseBenefit,us-gaap/2019,20181231,4,USD,EquityComponents=AccumulatedTranslationAdjustment;ReclassificationOutOfAccumulatedOtherComprehensiveIncome=ReclassificationOutOfAccumulatedOtherComprehensiveIncome;,,0.0,,q1,2020
0001558370-20-001393,Revenues,us-gaap/2019,20191231,4,USD,BusinessSegments=AllOtherSegments;RelatedPartyTransactionsByRelatedParty=FranchiseesOwnedByRelatedPartiesAndPapaJohnsMarketingFund;,,587000.0,,q1,2020
0001582086-20-000007,OtherLiabilities,us-gaap/2019,20191231,0,USD,Scenario=Bcrh_LiquidationBasisofAccounting;,,800000.0,,q1,2020
0001000623-20-000048,GeneralAndAdministrativeExpense,us-gaap/2019,20191231,4,USD,,,105100000.0,,q1,2020
0001564590-20-013542,EmployeeStockOwnershipPlanESOPCompensationExpense,us-gaap/2019,20180630,4,USD,,,87000.0,,q1,2020
0001159508-20-000012,OptionPremiumsAndOtherEffectsFromOptionsOnCommonShares,0001159508-20-000012,20191231,4,EUR,ComponentsOfEquity=TotalEquity;,,0.0,,q1,2020
0001159508-20-000012,TreasurySharesDistributedUnderShareBasedCompensationPlans,0001159508-20-000012,20181231,4,EUR,ComponentsOfEquity=TotalEquity;,,199000000.0,,q1,2020
0001564590-20-004289,LoansAndLeasesReceivableNetOfDeferredIncome,us-gaap/2019,20191231,0,USD,FinancialInstrument=CommercialRealEstate;FinancingReceivableRecordedInvestmentByClassOfFinancingReceivable=OtherLoans;InternalCreditAssessment=Pass;,,4191455000.0,,q1,2020
0001420811-20-000035,EarningsPerShareBasic,us-gaap/2019,20180630,1,USD,,,0.08,,q1,2020
0001437749-20-003847,AvailableForSaleSecuritiesDebtSecurities,us-gaap/2019,20191231,0,USD,FairValueByFairValueHierarchyLevel=FairValueInputsLevel1;FairValueByMeasurementFrequency=FairValueMeasurementsRecurring;FinancialInstrument=USGovernmentSponsoredEnterprisesDebtSecurities;,,0.0,,q1,2020
0001562762-20-000049,RedemptionOfPreferenceSharesValue,0001562762-20-000049,20171231,4,GBP,ComponentsOfEquity=NoncontrollingInterests;,,860000000.0,,q1,2020
0001558370-20-003159,GeneralPartnersOrManagingMembersCapitalAccountDistributionAmount,0001558370-20-003159,20181231,4,USD,MembershipCapitalByType=ManagingMembersCapital;,,1000.0,,q1,2020
0001564590-20-005064,AvailableForSaleSecuritiesDebtSecurities,us-gaap/2019,20191231,0,USD,ExternalCreditRatingByGrouping=ExternalCreditRatingNonInvestmentGrade;InvestmentType=ForeignGovernmentDebtSecurities;,,2823000.0,,q1,2020
0001437749-20-000849,CashCashEquivalentsRestrictedCashAndRestrictedCashEquivalents,us-gaap/2019,20181231,0,USD,,,11358000.0,,q1,2020
0000880641-20-000022,CommonStockDividendsPerShareDeclared,us-gaap/2019,20170331,1,USD,,,0.22,,q1,2020
0000913778-20-000003,ProfessionalFees,us-gaap/2019,20191231,3,USD,TaxCreditSeries=SeriesThirtySeven;,,0.0,,q1,2020
0001628280-20-003693,OtherComprehensiveIncomeLossNetOfTax,us-gaap/2018,20171231,4,USD,Restatement=ScenarioPreviouslyReported;,,555000000.0,,q1,2020
0001437749-20-006298,PreferredStockSharesIssued,us-gaap/2019,20181231,0,shares,ClassOfStock=SeriesC3PreferredStock;,,3268000.0,,q1,2020
0001171843-20-001122,OperatingIncomeLoss,us-gaap/2019,20181231,4,USD,BusinessSegments=FirstServiceBrandsSegment;,,54988000.0,,q1,2020
0000743316-20-000008,AllocatedShareBasedCompensationExpense,us-gaap/2018,20181231,1,USD,IncomeStatementLocation=ResearchAndDevelopmentExpense;,,9839000.0,,q1,2020
0001124610-20-000019,NoncontrollingInterestIncreaseFromSubsidiaryEquityIssuance,us-gaap/2019,20180131,4,USD,EquityComponents=AdditionalPaidInCapital;,,-17000000.0,,q1,2020
0001564590-20-003470,StockholdersEquity,us-gaap/2019,20190930,0,USD,EquityComponents=AdditionalPaidInCapital;,,2967984.0,,q1,2020
0001193125-20-073907,StockIssuedDuringPeriodValueStockOptionsExercised,us-gaap/2019,20181231,4,USD,,,3773000.0,,q1,2020
0001437749-20-002047,PreferredStockSharesAuthorized,us-gaap/2019,20190930,0,shares,,,500000.0,,q1,2020
0000275053-20-000009,ProfitLoss,us-gaap/2019,20191231,1,USD,,,1220000.0,,q1,2020
0001564590-20-003873,ProceedsFromSaleOfPropertyPlantAndEquipment,us-gaap/2019,20190331,1,USD,,,143000.0,,q1,2020
0001104659-20-034091,PaymentsToAcquireMarketableSecurities,us-gaap/2019,20171231,4,USD,,,62347000.0,,q1,2020
0001213900-20-006807,OtherLongtermProvisions,ifrs/2019,20181231,0,USD,,,303495000.0,,q1,2020
0001628280-20-003245,PaymentsForDebtIssueCosts,ifrs/2019,20171231,4,USD,,,10000000.0,,q1,2020
0001610418-20-000009,PartnersCapitalAccountContributionsDistributions,0001610418-20-000009,20191231,4,USD,,,31000.0,,q1,2020
0001558370-20-002053,PaymentsFromChangesInOwnershipInterestsInSubsidiaries,ifrs/2019,20191231,4,EUR,,,1000000.0,,q1,2020
0001199835-20-000050,OtherComprehensiveIncomeLossTax,us-gaap/2019,20150331,1,USD,,,209.0,,q1,2020
0001558370-20-001637,PaymentsForProceedsFromOtherInvestingActivities,us-gaap/2019,20181231,4,USD,,,-7300000.0,,q1,2020
0000099250-20-000003,NetCashProvidedByUsedInOperatingActivities,us-gaap/2019,20171231,4,USD,,,826821000.0,,q1,2020
0001564590-20-009170,OtherComprehensiveIncomeDefinedBenefitPlansNetUnamortizedGainLossArisingDuringPeriodTax,us-gaap/2019,20191231,4,USD,,,94000.0,,q1,2020
0001090061-20-000018,OtherComprehensiveIncomeLossReclassificationAdjustmentFromAOCIPensionAndOtherPostretirementBenefitPlansForNetGainLossBeforeTax,us-gaap/2019,20190228,1,USD,,,-800000.0,,q1,2020
0000746838-20-000059,MinorityInterest,us-gaap/2019,20191231,0,USD,,,37100000.0,,q1,2020
0001331757-20-000010,NetSharesReclassifiedToMandatorilyRedeemableCapitalStockValue,us-gaap/2019,20171231,4,USD,,,20230000.0,,q1,2020
0001690680-20-000012,MarketableSecuritiesRealizedGainLoss,us-gaap/2019,20171231,4,USD,,,0.0,,q1,2020
0001046995-20-000010,NetIncomeLoss,us-gaap/2018,20171231,4,USD,,,-7783000.0,,q1,2020
0000097216-20-000027,LiabilitiesOfDisposalGroupIncludingDiscontinuedOperationCurrent,us-gaap/2018,20181231,0,USD,,,179500000.0,,q1,2020
0000913142-20-000008,IncreaseDecreaseInAccruedLiabilities,us-gaap/2018,20171231,4,USD,,,-25076000.0,,q1,2020
0001171843-20-001617,IncreaseDecreaseInAccruedLiabilities,us-gaap/2019,20181231,4,USD,,,298000.0,,q1,2020
0001618921-20-000008,IncreaseDecreaseInAccountsPayableTrade,us-gaap/2019,20181130,1,USD,,,1097000000.0,,q1,2020
0000745732-20-000016,IncreaseDecreaseInOtherOperatingLiabilities,us-gaap/2019,20190131,4,USD,,,37080000.0,,q1,2020
0001537028-20-000057,RevenueFromContractWithCustomerExcludingAssessedTax,us-gaap/2019,20171231,4,USD,ProductOrService=Intangible;,,0.0,,q1,2020
0001072627-20-000037,CashCashEquivalentsRestrictedCashAndRestrictedCashEquivalentsIncludingDisposalGroupAndDiscontinuedOperations,us-gaap/2018,20171231,0,USD,ErrorCorrectionsAndPriorPeriodAdjustmentsRestatementByRestatementPeriodAndAmount=AdjustmentsforErrorCorrection3;,,0.0,,q1,2020
0001017386-20-000082,CommonStockValue,us-gaap/2019,20191231,0,USD,,,69322.0,,q1,2020
0001262463-20-000133,CommonStockValue,us-gaap/2019,20191231,0,USD,,,20088.0,,q1,2020
0001628280-20-001362,ContractWithCustomerLiabilityNoncurrent,us-gaap/2019,20181231,0,USD,,,6487000.0,,q1,2020
0001564590-20-014433,DepreciationDepletionAndAmortization,us-gaap/2019,20180131,4,USD,,,23804000.0,,q1,2020
0001558370-20-001734,CostDirectLabor,us-gaap/2019,20191231,4,USD,,,905614000.0,,q1,2020
0001013871-20-000013,NetCashProvidedByUsedInDiscontinuedOperations,us-gaap/2019,20171231,4,USD,ConsolidatedEntities=NonGuarantorSubsidiaries;,,-388000000.0,,q1,2020
0001564590-20-000510,RestructuringCharges,us-gaap/2019,20191130,2,USD,RestructuringPlan=TwoThousandAndTwentyMarginAccelerationPlanToGrowthPlan;,,11423000.0,,q1,2020
0001628280-20-002693,IncomeTaxExpenseBenefit,us-gaap/2019,20181231,4,USD,BusinessSegments=RetailBanking;ConsolidationItems=OperatingSegments;,,14900000.0,,q1,2020
0001564590-20-007036,GainsLossesOnExtinguishmentOfDebt,us-gaap/2019,20181231,4,USD,CreditFacility=AmendedAndRestatedSeniorSecuredRevolvingCreditFacility;,,200000.0,,q1,2020
0000811532-20-000029,NetCashProvidedByUsedInInvestingActivities,us-gaap/2019,20191231,4,USD,ConsolidatedEntities=ParentCompany;ConsolidationItems=ReportableLegalEntities;DebtInstrument=A2024Notesat5.375;,,0.0,,q1,2020
0000930413-20-000742,Revenues,us-gaap/2019,20200131,2,USD,BusinessSegments=ProductRevenue;Geographical=Restofworld;,,2154000.0,,q1,2020
0000907471-20-000013,NoninterestIncome,us-gaap/2019,20181231,1,USD,BusinessSegments=CorporateAndOther;ProductOrService=OtherRevenuesforFinancialAssetsandLiabilities;,,720000.0,,q1,2020
0000930413-20-000605,AvailableForSaleSecuritiesDebtSecurities,us-gaap/2019,20191231,0,USD,FairValueAssetsLiabilitiesByClassMeasuredOnRecurringBasis=CorporateDebtSecurities;FairValueByFairValueHierarchyLevel=FairValueInputsLevel3;FairValueByMeasurementFrequency=FairValueMeasurementsRecurring;,,0.0,,q1,2020
0000791915-20-000006,RevenueFromContractWithCustomerExcludingAssessedTax,us-gaap/2019,20191231,4,USD,MajorCustomers=AutomotiveMarket;,,829490000.0,,q1,2020
0001477932-20-001512,CommonStockIssuedToConsultantsForServicesShares,0001477932-20-001512,20181231,4,shares,EquityComponents=PreferredStock;,,,,q1,2020
0001564590-20-011130,LoansAndLeasesReceivableAllowance,us-gaap/2019,20161231,0,USD,FinancingReceivableRecordedInvestmentByClassOfFinancingReceivable=HomeEquity;,,2386000.0,,q1,2020
0001674335-20-000033,RevenueFromContractWithCustomerExcludingAssessedTax,us-gaap/2018,20171231,4,USD,Geographical=Africa;,,9973000.0,,q1,2020
0000077159-20-000012,DerivativeLiabilitiesCurrent,us-gaap/2019,20191231,0,USD,DerivativeInstrumentRisk=CommodityContract;FairValueByFairValueHierarchyLevel=FairValueInputsLevel1;FairValueByMeasurementFrequency=FairValueMeasurementsRecurring;,,0.0,,q1,2020
0001393066-20-000002,OtherComprehensiveIncomeLossNetOfTax,us-gaap/2019,20191231,4,USD,EquityComponents=AccumulatedDefinedBenefitPlansAdjustmentNetUnamortizedGainLoss;,,-218000000.0,,q1,2020
0001564590-20-013602,AdjustmentsToAdditionalPaidInCapitalSharebasedCompensationRequisiteServicePeriodRecognitionValue,us-gaap/2019,20191231,4,USD,EquityComponents=CommonStockIncludingAdditionalPaidInCapital;,,92000.0,,q1,2020
0001572758-20-000018,StockRedeemedOrCalledDuringPeriodValue,us-gaap/2019,20181231,4,USD,ClassOfStock=CommonClassA;EquityComponents=CommonStock;,,20000.0,,q1,2020
0001573516-20-000007,NetCashProvidedByUsedInInvestingActivities,us-gaap/2019,20181231,4,USD,ConsolidationItems=ConsolidationEliminations;,,0.0,,q1,2020
0001628280-20-003692,StockholdersEquityIncludingPortionAttributableToNoncontrollingInterest,us-gaap/2018,20190930,0,USD,EquityComponents=AccumulatedDefinedBenefitPlansAdjustment;,,-1086000000.0,,q1,2020
0001437749-20-004092,Assets,us-gaap/2019,20191231,0,USD,ConsolidationItems=MaterialReconcilingItems;,,16092000.0,,q1,2020
0000104894-20-000028,StockholdersEquityIncludingPortionAttributableToNoncontrollingInterest,us-gaap/2019,20171231,0,USD,EquityComponents=Parent;,,1094971000.0,,q1,2020
0001336920-20-000023,StockholdersEquityIncludingPortionAttributableToNoncontrollingInterest,us-gaap/2019,20171231,0,USD,EquityComponents=Parent;,,3370000000.0,,q1,2020
0001124796-20-000037,RevenueFromContractWithCustomerExcludingAssessedTax,us-gaap/2019,20191231,4,USD,ConsolidationItems=CorporateNonSegment;,,0.0,,q1,2020
0001483510-20-000018,PropertyPlantAndEquipmentGross,us-gaap/2019,20200131,0,USD,PropertyPlantAndEquipmentByType=LeaseholdImprovements;,,406183000.0,,q1,2020
0001104659-20-009806,CommonStockParOrStatedValuePerShare,us-gaap/2019,20190630,0,USD,ClassOfStock=CommonClassA;,,0.0001,,q1,2020
0001493152-20-005045,StockAndWarrantsIssuedDuringPeriodValuePreferredStockAndWarrants,us-gaap/2019,20181231,4,USD,EquityComponents=RetainedEarnings;,,,,q1,2020
0001213900-20-006807,GainsLossesOnExchangeDifferencesOnTranslationRecognisedInProfitOrLoss,ifrs/2019,20171231,4,USD,,,-48498000.0,,q1,2020
0001213900-20-006355,IncomeLossFromContinuingOperationsBeforeIncomeTaxesExtraordinaryItemsNoncontrollingInterest,us-gaap/2019,20181231,3,USD,,,-7337000.0,,q1,2020
0001770450-20-000012,IncomeLossFromDiscontinuedOperationsNetOfTaxPerBasicShare,us-gaap/2019,20191231,4,USD,,,3.17,,q1,2020
0001104659-20-040309,IncomeTaxExpenseBenefit,us-gaap/2019,20190930,1,USD,,,4000.0,,q1,2020
0001493152-20-003069,CumulativeEffectOnRetainedEarningsNetOfTax1,us-gaap/2019,20181231,4,USD,,,278000.0,,q1,2020
0001066605-20-000005,GeneralAndAdministrativeExcludingLaborAndRelatedExpense,0001066605-20-000005,20181231,4,USD,,,140817000.0,,q1,2020
0000068505-20-000006,GrossProfit,us-gaap/2019,20190930,1,USD,,,1007000000.0,,q1,2020
0001628280-20-002690,SaleLeasebackTransactionRepaymentFinancingActivities,0001628280-20-002690,20181231,4,USD,LegalEntity=AmericoldRealtyOperatingPartnershipL.P.;,AmericoldRealtyOperatingPartnershipL.P.,2595000.0,,q1,2020
0001423902-20-000019,MinorityInterestDecreaseFromDistributionsToNoncontrollingInterestHolders,us-gaap/2019,20171231,4,USD,LegalEntity=WesternMidstreamOperatingLP;OtherOwnershipInterestsByName=ChipetaProcessingLimitedLiabilityCompany;PartnerCapitalComponents=NoncontrollingInterest;,,13569000.0,,q1,2020
0000910406-20-000014,EarningsPerShareDiluted,us-gaap/2019,20191231,2,USD,,,-1.04,,q1,2020
0001564590-20-005163,DefinedBenefitPlanRecognizedNetGainLossDueToSettlements1,us-gaap/2019,20180930,1,USD,,,-930000.0,,q1,2020
0001628280-20-003466,OperatingLeaseLiabilityNoncurrent,us-gaap/2019,20191231,0,USD,PropertyPlantAndEquipmentByType=OfficeBuilding;,,1326850.0,,q1,2020
0001035443-20-000042,ContributionOfRealEstateToAnUnconsolidatedRealEstateJointVenture,0001035443-20-000042,20181231,4,USD,,,0.0,,q1,2020
0001628280-20-002582,EarningsPerShareBasicAndDiluted,us-gaap/2018,20190331,1,USD,,,-0.41,,q1,2020
0001393311-20-000008,IncomeLossFromEquityMethodInvestments,us-gaap/2019,20191231,4,USD,BusinessSegments=InvesmentInPsb;,,54090000.0,,q1,2020
0001581990-20-000005,RepaymentsOfSeniorDebt,us-gaap/2019,20171231,4,USD,DebtInstrument=SeniorNotesDueInJanuary2017At6.13Percent;LongtermDebtType=SeniorNotes;,,400000000.0,,q1,2020
0001385508-20-000039,StockIssuedDuringPeriodSharesStockOptionsExercised,us-gaap/2019,20181231,4,shares,PlanName=Pre2017NonQualifiedStockOptions;,,95000.0,,q1,2020
0001104659-20-034248,PaymentsToAcquireProductiveAssets,us-gaap/2019,20180131,4,USD,ConsolidatedEntities=HDSupplyInc;,,94000000.0,,q1,2020
0000821127-20-000044,NoninterestIncomeOtherOperatingIncome,us-gaap/2019,20181231,4,USD,ConsolidatedEntities=ParentCompany;,,59000.0,,q1,2020
0001039684-20-000012,EquityMethodInvestments,us-gaap/2019,20191231,0,USD,BusinessSegments=NaturalGasPipelines;,,388025000.0,,q1,2020
0000911421-20-000007,EquitySecuritiesFvNi,us-gaap/2019,20181231,0,USD,EquitySecuritiesByIndustry=TechnologySector;,,17748000.0,,q1,2020
0001558370-20-001041,StockholdersEquityIncludingPortionAttributableToNoncontrollingInterest,us-gaap/2019,20191231,0,USD,EquityComponents=AccumulatedDefinedBenefitPlansAdjustmentIncludingPortionAttributableToNoncontrollingInterest;RetirementPlanType=OtherPostretirementBenefitPlansDefinedBenefit;,,11000000.0,,q1,2020
0001493152-20-005347,ProfitLossBeforeTax,ifrs/2019,20171231,4,USD,GeographicalAreas=Canada;,,-5592000.0,,q1,2020
0001628280-20-003382,RepaymentsOfNotesPayable,us-gaap/2019,20191130,0,USD,DebtInstrument=IRANotes;LongtermDebtType=SecuredDebt;,,5900000.0,,q1,2020
0000004962-20-000030,LongTermDebt,us-gaap/2019,20181231,0,USD,ConsolidatedEntities=Subsidiaries;DebtInstrument=FloatingRateSeniorNotesAmount;LegalEntity=AmericanExpressChargeTrust;,,1535000000.0,,q1,2020
0001628280-20-001799,CostOfRevenue,us-gaap/2019,20191231,4,USD,LongLivedAssetsHeldForSaleByAssetType=ChicagoOperationsAssets;ProductOrService=HomeSales;,,700000.0,,q1,2020
0001492298-20-000007,GeneralAndAdministrativeExpense,us-gaap/2019,20181231,4,USD,ConsolidatedEntities=SabraHealthCareL.L.C;ConsolidationItems=ReportableLegalEntities;,,0.0,,q1,2020
0001286043-20-000032,Revenues,us-gaap/2019,20191231,4,USD,LegalEntity=KiteRealtyGroupLP;ProductOrService=RealEstateOther;,,6326000.0,,q1,2020
0001634997-20-000017,OtherComprehensiveIncomeLossNetOfTax,us-gaap/2019,20171231,4,USD,EquityComponents=AccumulatedNetGainLossfromCashFlowHedgesAttributabletoParentUnrealizedGainLossesonDerivativesQualifyingasCashFlowHedges;,,25000000.0,,q1,2020
0000726865-20-000118,InterestExpenseDebt,us-gaap/2019,20191231,4,USD,RelatedPartyTransaction=InterCompanyDebt;,,130000000.0,,q1,2020
0000027996-20-000022,NetIncomeLoss,us-gaap/2019,20171231,4,USD,ReclassificationOutOfAccumulatedOtherComprehensiveIncome=ReclassificationOutOfAccumulatedOtherComprehensiveIncome;,,-1844000.0,,q1,2020
0001558370-20-003016,FinancialLiabilitiesAtFairValueThroughProfitOrLossExcludingFinancialLiabilitiesDesignatedUponInitialRecognitionOrSubsequently,0001558370-20-003016,20181231,0,MXN,ClassesOfFinancialLiabilities=SecuritiesLoans;,,28239000000.0,,q1,2020
0001409775-20-000012,InterestIncomeExpenseNet,us-gaap/2019,20191231,4,USD,BusinessSegments=CorporateandInvestmentBanking;ConsolidationItems=OperatingSegments;,,128599000.0,,q1,2020
0001564590-20-008551,RevenueFromContractWithCustomerExcludingAssessedTax,us-gaap/2019,20191231,4,USD,BusinessSegments=IndustrialSolutionsSegment;ConsolidationItems=OperatingSegments;,,101369000.0,,q1,2020
0001019056-20-000200,EarningsPerShareBasic,us-gaap/2019,20191231,4,USD,ConsolidatedEntities=ThirdQuarter;,,0.27,,q1,2020
0001628280-20-003483,PreferredStockSharesIssued,us-gaap/2019,20191231,0,shares,ClassOfStock=ClassATwoConvertiblePreferredStock;,,3288390.0,,q1,2020
0000913778-20-000003,PartnersCapitalAccountDistributions,us-gaap/2019,20191231,1,USD,PartnerTypeOfPartnersCapitalAccount=Assignees;TaxCreditSeries=SeriesThirtyOne;,,2572942.0,,q1,2020
0001527469-20-000007,EarningsPerShareDiluted,us-gaap/2019,20190930,1,USD,ClassOfStock=CommonClassB;,,1.5,,q1,2020
0001493152-20-004717,FiniteLivedIntangibleAssetsNet,us-gaap/2019,20181231,0,USD,FairValueByAssetClass=Goodwill;,,1976101.0,,q1,2020
0001413898-20-000022,TreasuryStockShares,us-gaap/2019,20180331,0,shares,ClassOfStock=CommonClassA;EquityComponents=TreasuryStock;,,1539739.0,,q1,2020
0001493152-20-005251,SharesReturnedRelatedToAntidilution,0001493152-20-005251,20191231,4,USD,ClassOfStock=SeriesAPreferredStock;,,,,q1,2020
0001717547-20-000006,RealEstateInvestmentPropertyNet,us-gaap/2019,20181231,0,USD,FairValueByFairValueHierarchyLevel=FairValueInputsLevel2;FairValueByMeasurementFrequency=FairValueMeasurementsNonrecurring;,,0.0,,q1,2020
0001564590-20-006373,RevenueFromContractWithCustomerExcludingAssessedTax,us-gaap/2019,20171231,4,USD,ConsolidationItems=IntersegmentElimination;,,0.0,,q1,2020
0001437749-20-005342,StockIssuedDuringPeriodValueEmployeeStockPurchasePlan,us-gaap/2019,20191231,4,USD,EquityComponents=RetainedEarnings;,,,,q1,2020
0001604665-20-000007,LimitedPartnersCapitalAccountDistributionAmount,us-gaap/2019,20191231,4,USD,EquityComponents=NoncontrollingInterest;,,0.0,,q1,2020
0000891293-20-000012,StockholdersEquityIncludingPortionAttributableToNoncontrollingInterest,us-gaap/2019,20181231,0,USD,EquityComponents=NoncontrollingInterest;,,-5755000.0,,q1,2020
0001193125-20-011067,SharesOutstanding,us-gaap/2019,20180630,0,shares,EquityComponents=CommonStock;,,12546844.0,,q1,2020
0001564590-20-005044,StockholdersEquityIncludingPortionAttributableToNoncontrollingInterest,us-gaap/2019,20161231,0,USD,EquityComponents=CommonStock;,,59000.0,,q1,2020
0000791915-20-000006,StockIssuedDuringPeriodSharesNewIssues,us-gaap/2019,20171231,4,shares,EquityComponents=CommonStock;,,11316000.0,,q1,2020
0001193125-20-046696,StockIssuedDuringPeriodValueShareBasedCompensation,us-gaap/2019,20191231,4,USD,EquityComponents=CommonStock;,,1000.0,,q1,2020
0001564590-20-002754,StockIssuedDuringPeriodValueShareBasedCompensation,us-gaap/2019,20181231,1,USD,EquityComponents=CommonStock;,,1000.0,,q1,2020
0001193125-20-043999,OtherComprehensiveIncomeLossForeignCurrencyTransactionAndTranslationAdjustmentNetOfTax,us-gaap/2019,20180930,4,CNY,EquityComponents=AccumulatedOtherComprehensiveIncome;,,4551000.0,,q1,2020
0000015615-20-000005,StockholdersEquityIncludingPortionAttributableToNoncontrollingInterest,us-gaap/2019,20161231,0,USD,EquityComponents=AccumulatedOtherComprehensiveIncome;,,-65814000.0,,q1,2020
0001558370-20-001602,StockholdersEquityIncludingPortionAttributableToNoncontrollingInterest,us-gaap/2019,20181031,0,USD,EquityComponents=AccumulatedOtherComprehensiveIncome;,,-65900000.0,,q1,2020
0001633978-20-000003,StockholdersEquity,us-gaap/2019,20190930,0,USD,EquityComponents=AdditionalPaidInCapital;,,1377300000.0,,q1,2020
0000911147-20-000011,StockIssuedDuringPeriodValueStockOptionsExercised,us-gaap/2019,20191231,4,USD,EquityComponents=AdditionalPaidInCapital;,,267000.0,,q1,2020
0001628280-20-001607,AdjustmentForAmortization,us-gaap/2019,20191231,4,USD,,,392000000.0,,q1,2020
0001506293-20-000013,AdjustmentsRelatedToTaxWithholdingForShareBasedCompensation,us-gaap/2019,20191231,4,USD,,,475015000.0,,q1,2020
0001140361-20-003721,AccrualForFinalContributionOfAcquiredInvestment,0001140361-20-003721,20171231,4,USD,,,5740000.0,,q1,2020
0001062993-20-001385,AdjustmentsForUnrealisedForeignExchangeLossesGains,ifrs/2018,20191231,4,USD,,,20000.0,,q1,2020
0001015780-20-000065,AvailableForSaleSecuritiesDebtSecurities,us-gaap/2019,20181231,0,USD,FairValueByFairValueHierarchyLevel=FairValueInputsLevel2;FairValueByMeasurementFrequency=FairValueMeasurementsRecurring;FinancialInstrument=MortgageBackedSecuritiesIssuedByUSGovernmentSponsoredEnterprises;,,22162000000.0,,q1,2020
0001281761-20-000010,IncreaseDecreaseInOtherOperatingAssets,us-gaap/2018,20181231,4,USD,ConsolidatedEntities=ParentCompany;,,35000000.0,,q1,2020
0001382821-20-000025,CostOfGoodsAndServicesSold,us-gaap/2019,20171231,4,USD,ProductOrService=Product;,,10384000.0,,q1,2020
0001220754-20-000007,CommonStockSharesAuthorized,us-gaap/2019,20181231,0,shares,,,40000000.0,,q1,2020
0000947484-20-000012,NetCashProvidedByUsedInOperatingActivities,us-gaap/2019,20191231,4,USD,ConsolidatedEntities=ParentCompany;ConsolidationItems=ReportableLegalEntities;,,52487000.0,,q1,2020
0001468174-20-000015,RevenueFromContractWithCustomerExcludingAssessedTax,us-gaap/2019,20191231,4,USD,BusinessSegments=AmericasManagementAndFranchising;ConsolidationItems=OperatingSegments;,,2775000000.0,,q1,2020
0000886163-20-000025,Goodwill,us-gaap/2019,20181031,0,USD,BusinessAcquisition=Vernalis;,,5939000.0,,q1,2020
0001437749-20-006563,StockIssuedDuringPeriodValueIssuedForServices,us-gaap/2019,20191231,4,USD,CounterpartyName=Consultant;EquityComponents=TreasuryStock;,,,,q1,2020
0001498301-20-000030,DiscontinuedOperationTaxEffectOfIncomeLossFromDiscontinuedOperationDuringPhaseOutPeriod,us-gaap/2018,20190131,1,USD,DisposalGroupClassification=DiscontinuedOperationsDisposedOfBySale;IncomeStatementBalanceSheetAndAdditionalDisclosuresByDisposalGroupsIncludingDiscontinuedOperations=MauricesBrand;,,5500000.0,,q1,2020
0001493152-20-003353,RevenueFromContractWithCustomerIncludingAssessedTax,us-gaap/2019,20181231,3,USD,ProductOrService=CasingSales;,,,,q1,2020
0001564590-20-007695,Goodwill,us-gaap/2019,20180531,0,USD,BusinessAcquisition=CACEISNorthAmerica;,,9700000.0,,q1,2020
0001493152-20-000573,CostOfRevenue,us-gaap/2019,20180930,3,USD,ProductOrService=ContractServices;,,882123.0,,q1,2020
0000354950-20-000015,RevenueFromContractWithCustomerExcludingAssessedTax,us-gaap/2019,20180131,4,USD,Geographical=NonUs;,,8491000000.0,,q1,2020
0001169770-20-000007,StockholdersEquity,us-gaap/2019,20171231,0,USD,ClassOfStock=CommonClassA;EquityComponents=CommonStock;,,517000.0,,q1,2020
0000040729-20-000005,EquitySecuritiesFvNi,us-gaap/2019,20191231,0,USD,ConsolidationItems=ConsolidationEliminations;,,0.0,,q1,2020
0000947484-20-000012,OtherThanTemporaryImpairmentLossesInvestmentsPortionRecognizedInEarningsNet,us-gaap/2019,20181231,4,USD,ConsolidationItems=ConsolidationEliminations;,,0.0,,q1,2020
0001013871-20-000013,RedeemableNoncontrollingInterestEquityOtherCarryingAmount,us-gaap/2019,20191231,0,USD,ConsolidationItems=ConsolidationEliminations;,,0.0,,q1,2020
0001437071-20-000006,ProfitLoss,us-gaap/2019,20191231,4,USD,EquityComponents=Parent;,,364101000.0,,q1,2020
0001558370-20-002759,StockholdersEquity,us-gaap/2019,20191231,0,USD,EquityComponents=AccumulatedNetUnrealizedInvestmentGainLoss;,,943000.0,,q1,2020
0001193125-20-006392,StockholdersEquity,us-gaap/2019,20181231,0,USD,EquityComponents=RetainedEarnings;,,-344054000.0,,q1,2020
0001553350-20-000255,StockholdersEquity,us-gaap/2019,20190930,0,USD,EquityComponents=RetainedEarnings;,,-13139562.0,,q1,2020
0001091818-20-000029,StockIssuedDuringPeriodValueNewIssues,us-gaap/2019,20181231,0,USD,EquityComponents=CommonStock;,,25000.0,,q1,2020
0001193125-20-070296,StockIssuedDuringPeriodValueStockOptionsExercised,us-gaap/2019,20191231,4,USD,EquityComponents=CommonStock;,,4000.0,,q1,2020
0001493152-20-000477,ProfitLoss,us-gaap/2019,20190630,4,USD,EquityComponents=NoncontrollingInterest;,,-4000.0,,q1,2020
0001564590-20-001132,StockholdersEquityIncludingPortionAttributableToNoncontrollingInterest,us-gaap/2019,20190831,0,USD,EquityComponents=NoncontrollingInterest;,,47000.0,,q1,2020
0001171843-20-002061,StockAndWarrantsIssuedDuringPeriodFromCapitalRaisesSharesNet,0001171843-20-002061,20191231,4,shares,EquityComponents=CommonStock;,,416315.0,,q1,2020
0001213900-20-002148,StockholdersEquity,us-gaap/2019,20190630,0,USD,EquityComponents=CommonStock;,,4180114.0,,q1,2020
0001616862-20-000012,OtherComprehensiveIncomeForeignCurrencyTransactionAndTranslationGainLossArisingDuringPeriodNetOfTax,us-gaap/2018,20171231,4,USD,EquityComponents=AccumulatedOtherComprehensiveIncome;,,83400000.0,,q1,2020
0001689796-20-000003,StockholdersEquityIncludingPortionAttributableToNoncontrollingInterest,us-gaap/2018,20171231,0,USD,EquityComponents=AdditionalPaidInCapital;,,3063625000.0,,q1,2020
0001104659-20-019680,StockholdersEquityIncludingPortionAttributableToNoncontrollingInterest,us-gaap/2019,20180331,0,USD,EquityComponents=AdditionalPaidInCapital;,,2742158.0,,q1,2020
0001104659-20-039645,StockIssuedDuringPeriodValueStockOptionsExercised,us-gaap/2019,20171231,4,USD,EquityComponents=AdditionalPaidInCapital;,,20400000.0,,q1,2020
0001493152-20-001563,DividendsDeclaredOnSeriesBConvertibleRedeemablePreferredStock,0001493152-20-001563,20180630,1,USD,EquityComponents=TreasuryStock;,,,,q1,2020
0000950142-20-000606,DeferredTaxAssets,ifrs/2019,20171231,0,CAD,TemporaryDifferenceUnusedTaxLossesAndUnusedTaxCredits=DecommissioningAndRestorationRelatedTemporaryDifferences;,,78000000.0,,q1,2020
0001552781-20-000086,GeneralAndAdministrativeExpense,us-gaap/2019,20181130,3,USD,,,581381.0,,q1,2020
0000840489-20-000020,IncreaseDecreaseInAccountsPayableAndAccruedLiabilities,us-gaap/2019,20181231,4,USD,,,3077000.0,,q1,2020
0001437749-20-005057,IncomeLossFromDiscontinuedOperationsNetOfTaxPerBasicAndDilutedShare,us-gaap/2019,20181231,4,USD,,,-0.28,,q1,2020
0000011544-20-000016,IncreaseDecreaseInDeferredIncomeTaxes,us-gaap/2019,20181231,4,USD,,,74761000.0,,q1,2020
0001564590-20-007443,StockIssuedDuringPeriodValueAcquisitions,us-gaap/2019,20171231,4,USD,BusinessAcquisition=GatewayFinancialHoldingsOfFloridaInc;EquityComponents=AdditionalPaidInCapital;,,107044000.0,,q1,2020
0000318996-20-000007,Assets,us-gaap/2018,20191231,0,USD,Geographical=RigServices;,,156552000.0,,q1,2020
0001607062-20-000084,EmployeeRelatedLiabilitiesCurrent,us-gaap/2019,20191231,0,USD,,,25394.0,,q1,2020
0001089063-20-000014,EarningsPerShareDiluted,us-gaap/2019,20200131,4,USD,,,3.34,,q1,2020
0001193125-20-086405,InvestmentOwnedPercentOfNetAssets,us-gaap/2019,20181231,0,pure,FinancialInstrument=ForwardContracts;,,0.0279,,q1,2020
0001493152-20-004260,StockIssuedDuringPeriodValueNewIssues,us-gaap/2019,20180430,0,USD,TitleOfIndividual=ChiefMedicalOfficer;,,200000.0,,q1,2020
0001193125-20-080633,CurrentAssets,ifrs/2019,20171231,0,EUR,,,156865000.0,,q1,2020
0001564590-20-005043,CostOfGoodsAndServicesSold,us-gaap/2019,20171231,4,USD,,,6006000.0,,q1,2020
0001193125-20-056118,LiabilitiesAndStockholdersEquity,us-gaap/2019,20181231,0,USD,ConsolidatedEntities=ParentCompany;,,7323138000.0,,q1,2020
0001074902-20-000033,PaymentsOfDividendsCommonStock,us-gaap/2019,20181231,4,USD,ConsolidatedEntities=ParentCompany;,,8124000.0,,q1,2020
0001437749-20-002645,PaymentsRelatedToTaxWithholdingForShareBasedCompensation,us-gaap/2019,20171231,4,USD,ConsolidatedEntities=ParentCompany;,,590000.0,,q1,2020
0001358071-20-000011,LongTermDebtNoncurrent,us-gaap/2018,20191231,0,USD,ConsolidatedEntities=NonGuarantorSubsidiaries;ConsolidationItems=ReportableLegalEntities;,,0.0,,q1,2020
0001504461-20-000013,DepreciationDepletionAndAmortization,us-gaap/2019,20191231,1,USD,BusinessSegments=CrudeOilLogisticsSegment;ConsolidationItems=OperatingSegments;,,17950000.0,,q1,2020
0001628280-20-002208,ChargesOnPartnersEquityForAccruedDistributionEquivalentRights,0001628280-20-002208,20181231,4,USD,LimitedPartnersCapitalAccountByClass=PartnersEquityCommonUnits;,,3698000.0,,q1,2020
0001481832-20-000010,RevenueFromContractWithCustomerExcludingAssessedTax,us-gaap/2018,20181231,4,USD,BusinessSegments=MultifamilyCommunities;,,5605000.0,,q1,2020
0001545772-20-000007,Assets,ifrs/2019,20181231,0,USD,InvestmentGeographicRegion=BR;LevelsOfFairValueHierarchy=Level2OfFairValueHierarchy;RealEstateTypeofProperty=CoreOfficeSector;,,0.0,,q1,2020
0001193125-20-041516,PropertyPlantAndEquipmentNet,us-gaap/2019,20191231,0,USD,PropertyPlantAndEquipmentByType=AssetsHeldUnderCapitalLeases;,,1800000.0,,q1,2020
0000920371-20-000054,RevenueFromContractWithCustomerExcludingAssessedTax,us-gaap/2019,20191231,4,USD,BusinessSegments=NorthAmericaSegment;,,972849000.0,,q1,2020
0000813762-20-000008,PartnersCapitalIncludingPortionAttributableToNoncontrollingInterest,us-gaap/2019,20191231,0,USD,PartnerTypeOfPartnersCapitalAccount=GeneralPartner;,,-812000000.0,,q1,2020
0001628280-20-003753,CurrentAssetsOtherThanAssetsOrDisposalGroupsClassifiedAsHeldForSaleOrAsHeldForDistributionToOwners,ifrs/2018,20191231,0,USD,ConsolidationItems=ConsolidationEliminations1;,,-18540000000.0,,q1,2020
0001707925-20-000015,OperatingIncomeLoss,us-gaap/2019,20191231,4,USD,BusinessSegments=APACSegment;ConsolidationItems=OperatingSegments;,,1198000000.0,,q1,2020
0000310158-20-000005,Revenues,us-gaap/2019,20191231,4,USD,BusinessSegments=Pharmaceuticalsegment;ConsolidationItems=OperatingSegments;Geographical=US;ProductOrService=Invanz;,,30000000.0,,q1,2020
0001193125-20-027351,RevenueFromContractWithCustomerExcludingAssessedTax,us-gaap/2019,20181231,1,USD,BusinessSegments=OtherServices;ProductOrService=Advertising;,,0.0,,q1,2020
0001387131-20-003126,InvestmentOwnedPercentOfNetAssets,us-gaap/2019,20181231,0,pure,FinancialInstrument=ForeignExchangeLongFuture;InvestmentType=ForeignExchangeFuture;,,0.0048,,q1,2020
0001193125-20-072607,CommonStockSharesIssued,us-gaap/2019,20191231,0,shares,ClassOfStock=CommonClassB;,,1916960.0,,q1,2020
0001213900-20-007006,OfferingCosts,0001213900-20-007006,20191231,2,USD,ClassOfStock=CommonClassB;,,,,q1,2020
0001061219-20-000014,CashPaymentsMadeInConnectionWithDistributionEquivalentRights,0001061219-20-000014,20181231,4,USD,AwardType=PhantomShareUnitsPSUs;,,17700000.0,,q1,2020
0000832988-20-000018,PaymentsToAcquireAvailableForSaleSecuritiesDebt,us-gaap/2019,20180131,4,USD,,,2400000.0,,q1,2020
0001101302-20-000013,PaymentsToAcquirePropertyPlantAndEquipment,us-gaap/2019,20181231,4,USD,,,110153000.0,,q1,2020
0001558370-20-002686,PaymentsToAcquirePropertyPlantAndEquipment,us-gaap/2019,20191231,3,USD,,,639000.0,,q1,2020
0001575051-20-000026,PartnersCapitalAccountDistributions,us-gaap/2019,20191231,4,USD,,,63700000.0,,q1,2020
0001558370-20-002754,PaymentsForFederalHomeLoanBankAdvances,us-gaap/2019,20171231,4,USD,,,1799000000.0,,q1,2020
0001489096-20-000028,OperatingIncomeLoss,us-gaap/2018,20181231,1,USD,,,17887000.0,,q1,2020
0001437749-20-004836,OtherComprehensiveIncomeAvailableforsaleSecuritiesAdjustmentNetOfTaxPortionAttributableToParent,us-gaap/2019,20191231,4,USD,,,127000.0,,q1,2020
0001753926-20-000036,NetIncomeLoss,us-gaap/2019,20190630,1,USD,,,1643000.0,,q1,2020
0001564590-20-004248,MinorityInterestPeriodIncreaseDecrease,us-gaap/2019,20171231,4,USD,,,476000.0,,q1,2020
0000899751-20-000005,NetIncomeLossAttributableToRedeemableNoncontrollingInterest,us-gaap/2019,20191231,4,USD,,,-819000.0,,q1,2020
0000837465-20-000002,NetCashProvidedByUsedInInvestingActivities,us-gaap/2018,20181231,4,USD,,,-38525000.0,,q1,2020
0001564590-20-009783,Liabilities,us-gaap/2019,20181231,0,USD,,,11331000.0,,q1,2020
0000097745-20-000009,InterestExpense,us-gaap/2019,20191231,4,USD,,,676000000.0,,q1,2020
0001558370-20-001800,InterestIncomeSecuritiesTaxable,us-gaap/2019,20171231,4,USD,,,6763000.0,,q1,2020
0001688476-20-000017,InventoryNet,us-gaap/2019,20191231,0,USD,,,61641000.0,,q1,2020
0001104659-20-023423,LiabilitiesCurrent,us-gaap/2019,20181231,0,USD,,,90000000.0,,q1,2020
0001564590-20-001814,InvestmentIncomeInterest,us-gaap/2019,20181231,1,USD,,,44000.0,,q1,2020
0001213900-20-006104,IssueOfEquity,ifrs/2019,20171231,4,USD,,,1789000.0,,q1,2020
0001532286-20-000005,IncreaseDecreaseInOtherOperatingCapitalNet,us-gaap/2019,20171231,4,USD,,,3340000.0,,q1,2020
0001562762-20-000031,IncomeTaxesPaid,us-gaap/2019,20171231,4,USD,,,29632000.0,,q1,2020
0000016160-20-000011,InterestPaidNet,us-gaap/2019,20181130,2,USD,,,130000.0,,q1,2020
0001574085-20-000010,InterestPaidNet,us-gaap/2019,20171231,4,USD,,,34267000.0,,q1,2020
0000947484-20-000012,ForeignCurrencyTransactionGainLossBeforeTax,us-gaap/2019,20181231,4,USD,,,69402000.0,,q1,2020
0001213900-20-007241,IncomeLossFromContinuingOperationsBeforeIncomeTaxesMinorityInterestAndIncomeLossFromEquityMethodInvestments,us-gaap/2019,20171231,4,USD,,,-2523000.0,,q1,2020
0001047469-20-000960,DividendsPaid,ifrs/2019,20180531,0,EUR,,,324838000.0,,q1,2020
0000034903-20-000008,FinanceLeaseLiability,us-gaap/2019,20191231,0,USD,,,72062000.0,,q1,2020
0001674910-20-000036,CashCashEquivalentsRestrictedCashAndRestrictedCashEquivalentsPeriodIncreaseDecreaseIncludingExchangeRateEffect,us-gaap/2019,20181231,1,USD,ConsolidatedEntities=ParentCompany;ConsolidationItems=ReportableLegalEntities;,,0.0,,q1,2020
0001336047-20-000006,RepaymentsOfUnsecuredDebt,us-gaap/2019,20171231,4,USD,ConsolidatedEntities=ParentCompany;ConsolidationItems=ReportableLegalEntities;,,0.0,,q1,2020
0000086312-20-000011,TreasuryStockValue,us-gaap/2019,20181231,0,USD,ConsolidatedEntities=ParentCompany;ConsolidationItems=ReportableLegalEntities;,,33595000000.0,,q1,2020
0001628280-20-001900,EquityMethodInvestmentRealizedGainLossOnDisposal,us-gaap/2019,20171231,4,USD,ConsolidatedEntities=GuarantorSubsidiaries;ConsolidationItems=ReportableLegalEntities;,,3538000.0,,q1,2020
0000930413-20-000605,DividendsCommonStockCash,us-gaap/2019,20171231,4,USD,,,85174000.0,,q1,2020
0000858470-20-000012,EarningsPerShareDiluted,us-gaap/2019,20171231,4,USD,,,0.22,,q1,2020
0001564590-20-005159,RevenueFromContractWithCustomerExcludingAssessedTax,us-gaap/2019,20181231,4,USD,PropertyPlantAndEquipmentByType=ExplorationAndProductionEquipment;,,691000000.0,,q1,2020
0001564590-20-007343,RevenueFromContractWithCustomerExcludingAssessedTax,us-gaap/2019,20180930,1,USD,ProductOrService=License;,,595000.0,,q1,2020
0001402057-20-000042,RevenueFromContractWithCustomerExcludingAssessedTax,us-gaap/2019,20181231,4,USD,BusinessSegments=CorporateSegmentPrivateSectorBusiness;ConsolidationItems=OperatingSegments;ProductOrService=OtherProductsAndServices;,,67300000.0,,q1,2020
0000072741-20-000008,CommonStockValue,us-gaap/2019,20191231,0,USD,,,1729292000.0,,q1,2020
0001040971-20-000006,AccountsAndNotesReceivableNet,us-gaap/2019,20191231,0,USD,ConsolidatedEntities=Subsidiaries;,,43968000.0,,q1,2020
0001104659-20-041137,ShareIssueRelatedCost,ifrs/2019,20191231,4,BRL,ComponentsOfEquity=CapitalReserve;,,18223000.0,,q1,2020
0001178879-20-000015,StockholdersEquity,us-gaap/2019,20161231,0,USD,EquityComponents=RetainedEarnings;,,-779608000.0,,q1,2020
0000814549-20-000006,StockholdersEquityIncludingPortionAttributableToNoncontrollingInterest,us-gaap/2019,20161231,0,USD,EquityComponents=RetainedEarnings;,,457364000.0,,q1,2020
0001493152-20-005288,StockIssuedDuringPeriodValueShareBasedCompensation,us-gaap/2019,20191231,4,USD,EquityComponents=CommonStock;,,10000.0,,q1,2020
0000356171-20-000021,RestrictedStockUnitsReleasedShares,0000356171-20-000021,20181231,4,shares,EquityComponents=CommonStock;,,35060.0,,q1,2020
0001683168-20-000712,StockIssuedDuringPeriodValueShareBasedCompensation,us-gaap/2018,20171031,4,USD,EquityComponents=NoncontrollingInterest;,,12581.0,,q1,2020
0000004127-20-000007,StockholdersEquity,us-gaap/2018,20171231,0,USD,EquityComponents=CommonStock;,,43500000.0,,q1,2020
0001585101-20-000021,StockholdersEquityIncludingPortionAttributableToNoncontrollingInterest,us-gaap/2019,20171231,0,USD,EquityComponents=CommonStock;,,39000.0,,q1,2020
0000759944-20-000030,StockholdersEquity,us-gaap/2019,20181231,0,USD,EquityComponents=AccumulatedOtherComprehensiveIncome;,,-1096000000.0,,q1,2020
0001558370-20-001872,StockIssuedDuringPeriodValueShareBasedCompensation,us-gaap/2019,20191231,4,USD,EquityComponents=AccumulatedOtherComprehensiveIncome;,,0.0,,q1,2020
0001564590-20-006736,StockholdersEquityIncludingPortionAttributableToNoncontrollingInterest,us-gaap/2019,20181231,0,USD,EquityComponents=TreasuryStock;,,-3000000.0,,q1,2020
0000067215-20-000012,AdjustmentsToAdditionalPaidInCapitalWarrantIssued,us-gaap/2018,20200131,4,USD,EquityComponents=AdditionalPaidInCapital;,,-301000.0,,q1,2020
0001193125-20-090186,AccountsPayableCurrent,us-gaap/2019,20191231,0,USD,,,4027000.0,,q1,2020
0001213900-20-001635,AllocationSharesOutstanding,0001213900-20-001635,20190930,0,shares,,,1000.0,,q1,2020
0001493152-20-004882,AdvanceRoyaltiesCurrent,us-gaap/2019,20191231,0,USD,,,3000.0,,q1,2020
0000103595-20-000005,AssetsCurrent,us-gaap/2018,20200131,0,USD,,,147464000.0,,q1,2020
0001338065-20-000008,OtherComprehensiveIncomeLossNetOfTax,us-gaap/2018,20171231,4,USD,PartnerCapitalComponents=NoncontrollingInterest;,,0.0,,q1,2020
0001411059-20-000017,ImpairmentOfRealEstate,us-gaap/2019,20181231,4,USD,DisposalGroupClassification=DisposalGroupDisposedOfBySaleNotDiscontinuedOperations;,,0.0,,q1,2020
0001628280-20-002113,Revenues,us-gaap/2019,20181231,4,USD,BusinessSegments=AMEA;,,1790000000.0,,q1,2020
0000070858-20-000011,LoansAndLeasesReceivableNetOfDeferredIncome,us-gaap/2019,20191231,0,USD,FairValueByMeasurementBasis=CarryingReportedAmountFairValueDisclosure;FinancingReceivablePortfolioSegment=CommercialPortfolioSegment;GeographicDistribution=GeographicDistributionForeign;,,104966000000.0,,q1,2020
0000109380-20-000092,CommercialAccountFees,0000109380-20-000092,20191231,4,USD,LegalEntity=CommerceBankOfWashington;,CommerceBankOfWashington,2000000.0,,q1,2020
0001193125-20-054469,ProfitLoss,us-gaap/2019,20191231,4,USD,LegalEntity=DominionEnergyGasHoldingsLLC;,DominionEnergyGasHoldingsLLC,842000000.0,,q1,2020
0000891478-20-000017,FinancialLiabilitiesAtAmortisedCost,ifrs/2018,20191231,0,EUR,ClassesOfFinancialLiabilities=IfrsDeposits;Maturity=LaterThanThreeMonthsAndNotLaterThanOneYear;,,111190000000.0,,q1,2020
0001628280-20-001784,FinancialLiabilitiesAtFairValueThroughProfitOrLossDesignatedAsUponInitialRecognition,ifrs/2018,20191231,0,USD,ClassesOfFinancialLiabilities=DebtSecurities;LegalEntity=HSBCHoldings;Maturity=LaterThanFiveYears;,,12326000000.0,,q1,2020
0001230245-20-000031,InstitutionalBrokerageRevenue,0001230245-20-000031,20171231,4,USD,BusinessSegments=CapitalMarkets;,,171326000.0,,q1,2020
0001683168-20-000440,Assets,us-gaap/2019,20181231,0,USD,BusinessSegments=Aethlon;,,4950079.0,,q1,2020
0001104659-20-037670,Goodwill,ifrs/2019,20191231,0,CAD,CarryingAmountAccumulatedDepreciationAmortisationAndImpairmentAndGrossCarryingAmount=AccumulatedImpairment;,,-68500000.0,,q1,2020
0001193125-20-067890,PropertyPlantAndEquipment,ifrs/2019,20191231,0,TWD,CarryingAmountAccumulatedDepreciationAmortisationAndImpairmentAndGrossCarryingAmount=GrossCarryingAmount;ClassesOfPropertyPlantAndEquipment=Buildings;,,29532000.0,,q1,2020
0001193125-20-033426,ProceedsFromSecuredBorrowingFromSecuritizationTransactionsClassifiedAsFinancingActivities,0001193125-20-033426,20181231,4,CAD,ConsolidatedAndSeparateFinancialStatements=OtherSubsidiaries;,,250000000.0,,q1,2020
0001498542-20-000025,StockIssuedDuringPeriodSharesShareBasedCompensation,us-gaap/2019,20181231,4,shares,ClassOfStock=CommonClassD;EquityComponents=CommonStock;,,7212.0,,q1,2020
0001437749-20-004062,ComprehensiveIncomeNetOfTax,us-gaap/2019,20181231,4,USD,ConsolidatedEntities=ParentCompany;,,38646000.0,,q1,2020
0001281761-20-000010,CommonStockValue,us-gaap/2018,20191231,0,USD,ConsolidatedEntities=ParentCompany;,,10000000.0,,q1,2020
0001507385-20-000034,SharesOutstanding,us-gaap/2019,20161231,0,shares,EquityComponents=PreferredStock;,,42834138.0,,q1,2020
0001564590-20-003702,StockholdersEquityIncludingPortionAttributableToNoncontrollingInterest,us-gaap/2019,20191231,0,USD,EquityComponents=RetainedEarnings;,,-28488000.0,,q1,2020
0000740260-20-000042,StockIssuedDuringPeriodValueShareBasedCompensation,us-gaap/2019,20191231,4,USD,EquityComponents=RetainedEarnings;,,0.0,,q1,2020
0001628280-20-003613,CumulativeEffectOfInitialAdoptionOfNewAccountingPrinciples,0001628280-20-003613,20181231,4,USD,EquityComponents=RetainedEarnings;,,16000.0,,q1,2020
0001437749-20-005139,OtherComprehensiveIncomeLossNetOfTaxPortionAttributableToParent,us-gaap/2019,20171231,4,USD,EquityComponents=RetainedEarnings;,,,,q1,2020
0001201792-20-000006,StockholdersEquity,us-gaap/2019,20171231,0,USD,EquityComponents=RetainedEarnings;,,108569000.0,,q1,2020
0001333493-20-000021,StockIssuedDuringPeriodSharesAcquisitions,us-gaap/2018,20191231,4,shares,EquityComponents=CommonStock;,,295000.0,,q1,2020
0000773840-20-000009,OtherComprehensiveIncomeLossForeignCurrencyTransactionAndTranslationAdjustmentNetOfTax,us-gaap/2019,20171231,4,USD,EquityComponents=NoncontrollingInterest;,,8000000.0,,q1,2020
0001213900-20-007584,CommonStockIssuedUponCashlessExerciseOfOptionsShares,0001213900-20-007584,20191231,4,shares,EquityComponents=CommonStock;,,505868.0,,q1,2020
0001493152-20-004884,NetIncomeLoss,us-gaap/2019,20191231,2,USD,EquityComponents=CommonStock;,,,,q1,2020
0001493152-20-002830,SharesOutstanding,us-gaap/2019,20180630,0,shares,EquityComponents=CommonStock;,,2169661318.0,,q1,2020
0001628280-20-003396,SharesOutstanding,us-gaap/2019,20161231,0,shares,EquityComponents=CommonStock;,,81879165.0,,q1,2020
0000831259-20-000004,AccountsReceivableNetCurrent,us-gaap/2019,20191231,0,USD,,,741000000.0,,q1,2020
0001162194-20-000016,AccountsReceivableNetCurrent,us-gaap/2019,20181231,0,USD,,,16651000.0,,q1,2020
0001450922-20-000003,AnnualizedRateOfSponsorsFee,0001450922-20-000003,20191231,4,pure,,,0.003,,q1,2020
0000837465-20-000002,AccruedIncomeTaxesCurrent,us-gaap/2018,20181231,0,USD,,,1091000.0,,q1,2020
0000897101-20-000171,AssetsCurrent,us-gaap/2019,20181231,0,USD,,,42335092.0,,q1,2020
0001562762-20-000055,OtherLiabilitiesNoncurrent,us-gaap/2019,20191231,0,USD,BalanceSheetLocation=ContingentConsiderationsAndEscrowsFromAcquisitions;,,4470000.0,,q1,2020
0001564590-20-007393,LiabilitiesAndStockholdersEquity,us-gaap/2019,20181231,0,USD,ConsolidatedEntities=NonGuarantorOtherSubsidiaries;ConsolidationItems=ReportableLegalEntities;,,13158319000.0,,q1,2020
0001104659-20-026118,DerivativeFinancialAssets,ifrs/2019,20191231,0,GBP,IfrsConsolidatedEntities=SubsidiaryIssuer;,,147458000000.0,,q1,2020
0001047862-20-000041,IncreaseDecreaseinSystemBenefitChargeLiability,0001047862-20-000041,20181231,4,USD,LegalEntity=ConsolidatedEdisonCompanyofNewYorkInc.;,ConsolidatedEdisonCompanyofNewYorkInc.,86000000.0,,q1,2020
0001564590-20-006846,CashCashEquivalentsRestrictedCashAndRestrictedCashEquivalentsIncludingDisposalGroupAndDiscontinuedOperations,us-gaap/2019,20171231,0,USD,,,103812000.0,,q1,2020
0001664703-20-000013,OtherNonoperatingIncomeExpense,us-gaap/2019,20171231,4,USD,Restatement=ScenarioPreviouslyReported;,,-491000.0,,q1,2020
0001564590-20-007371,EarningsPerShareDiluted,us-gaap/2019,20180331,1,USD,Restatement=RestatementAdjustment;,,-0.01,,q1,2020
0001697500-20-000006,Assets,us-gaap/2019,20181231,0,USD,,,458607000.0,,q1,2020
0001047469-20-000074,ComprehensiveIncomeNetOfTax,us-gaap/2019,20161231,4,USD,,,8089000.0,,q1,2020
0000014195-20-000008,StockholdersEquity,us-gaap/2018,20180630,0,USD,EquityComponents=AdditionalPaidInCapital;,,76408000.0,,q1,2020
0001654954-20-001285,StockholdersEquity,us-gaap/2019,20180930,0,USD,EquityComponents=AdditionalPaidInCapital;,,76846244.0,,q1,2020
0001493152-20-001114,AdjustmentsToAdditionalPaidInCapitalOptionsIssuedToFranchisees,0001493152-20-001114,20171231,4,USD,EquityComponents=AdditionalPaidInCapital;,,47583.0,,q1,2020
0000918608-20-000006,ShorttermDepositsNotClassifiedAsCashEquivalents,ifrs/2018,20191231,0,USD,,,3275000.0,,q1,2020
0001213900-20-006365,WeightedAverageNumberOfShareOutstandingBasicAndDiluted,us-gaap/2019,20181231,1,shares,,,6300000.0,"Excludes an aggregate of 27,126,477 shares subject to possible redemption, at December 31, 2019. Excluded an aggregate of up to 900,000 shares subject to forfeiture if the over-allotment option was not exercised in full or in part by the underwriters, at December 31, 2018.",q1,2020
0001078782-20-000096,WeightedAverageNumberOfShareOutstandingBasicAndDiluted,us-gaap/2019,20191231,3,shares,,,8025000.0,,q1,2020
0001558370-20-000576,WeightedAverageNumberOfSharesOutstandingBasic,us-gaap/2019,20180331,1,shares,,,26835000.0,,q1,2020
0001321646-20-000008,Goodwill,us-gaap/2019,20191231,0,USD,BusinessSegments=Polymer;,,0.0,,q1,2020
0001535929-20-000012,NetIncomeLoss,us-gaap/2019,20191231,4,USD,LegalEntity=BeforeConsolidation;,BeforeConsolidation,-351000000.0,,q1,2020
0000045876-20-000026,RevenueFromContractWithCustomerExcludingAssessedTax,us-gaap/2019,20191231,4,USD,ConsolidationItems=CorporateNonSegment;Geographical=NorthAmerica;,,0.0,,q1,2020
0000891478-20-000017,FinancialAssetsAtAmortisedCost,ifrs/2018,20191231,0,EUR,ClassesOfFinancialAssets=DebtSecurities;Maturity=NotLaterThanOneMonth;,,1563000000.0,,q1,2020
0001052595-20-000006,StockholdersEquity,us-gaap/2019,20181231,0,USD,Restatement=RestatementAdjustment;,,-1334000.0,,q1,2020
0001628280-20-003141,CostOfGoodsAndServicesSold,us-gaap/2019,20181231,4,USD,ProductOrService=AlternativeEnergy;,,1887292000.0,,q1,2020
0001370368-20-000046,LongTermDebtFairValue,us-gaap/2019,20191231,0,CHF,FairValueByFairValueHierarchyLevel=FairValueInputsLevel3;FairValueByMeasurementFrequency=FairValueMeasurementsRecurring;LiabilitiesSubcategories=LongtermDebtStructuredNotesOverTwoYears;,,11458000000.0,,q1,2020
0000930236-20-000007,Assets,us-gaap/2019,20191231,0,USD,,,17995440000.0,,q1,2020
0001558370-20-001356,BankOwnedLifeInsurance,us-gaap/2019,20191231,0,USD,,,71881000.0,,q1,2020
0001564590-20-012062,Assets,us-gaap/2019,20181231,0,USD,,,149437000.0,,q1,2020
0001193125-20-010195,ComprehensiveIncomeNetOfTax,us-gaap/2019,20190331,4,USD,,,-28414891.0,,q1,2020
0000037808-20-000004,ComprehensiveIncomeNetOfTaxIncludingPortionAttributableToNoncontrollingInterest,us-gaap/2019,20181231,4,USD,,,350000000.0,,q1,2020
0001628280-20-002693,NetIncomeLoss,us-gaap/2019,20181231,4,USD,ConsolidationItems=OperatingSegments;,,434300000.0,,q1,2020
0000020212-20-000019,IncomeLossFromEquityMethodInvestments,us-gaap/2019,20171231,4,USD,BusinessSegments=AllOtherSegments;,,200000.0,,q1,2020
0001096906-20-000040,AllocatedShareBasedCompensationExpense,us-gaap/2019,20191031,4,USD,IncomeStatementLocation=SellingGeneralAndAdministrativeExpenses;,,486000.0,,q1,2020
0001045810-20-000010,StockIssuedDuringPeriodValueEmployeeStockOwnershipPlan,us-gaap/2019,20190131,4,USD,,,137000000.0,,q1,2020
0001493152-20-005161,StockIssuedDuringPeriodValueIssuedForServices,us-gaap/2019,20191231,4,USD,,,245850.0,,q1,2020
0001193125-20-077290,Revenue,ifrs/2019,20191231,4,EUR,,,71755303.0,,q1,2020
0001558370-20-001127,ShareBasedCompensation,us-gaap/2019,20171231,4,USD,,,52600000.0,,q1,2020
0001559865-20-000006,StockholdersEquity,us-gaap/2018,20191231,0,USD,,,267187000.0,,q1,2020
0001553350-20-000047,ProceedsReceivedAndEstablishmentOfAirTokenObligation,0001553350-20-000047,20180930,4,USD,,,113979.0,,q1,2020
0001633917-20-000028,ProceedsFromIssuanceOfDebt,us-gaap/2019,20171231,4,USD,,,1800000000.0,,q1,2020
0000099780-20-000025,ProceedsFromSalesOfRailcarsOwnedMoreThanOneYearAtTimeOfSale,0000099780-20-000025,20171231,4,USD,,,360700000.0,,q1,2020
0001596993-20-000006,ProfitLoss,us-gaap/2019,20191231,3,USD,,,82415867.0,,q1,2020
0001140361-20-004510,ProceedsFromMaturitiesPrepaymentsAndCallsOfOtherInvestments,us-gaap/2019,20181231,4,USD,,,5867000.0,,q1,2020
0001193125-20-015434,PreferredStockValue,us-gaap/2019,20181231,0,USD,,,0.0,,q1,2020
0001193125-20-058900,PaymentsForRepurchaseOfCommonStock,us-gaap/2019,20171231,4,USD,,,1000.0,,q1,2020
0001064728-20-000007,OtherComprehensiveIncomeLossReclassificationAdjustmentFromAOCIOnDerivativesNetOfTax,us-gaap/2019,20171231,3,USD,,,0.0,,q1,2020
0000857855-20-000011,OtherComprehensiveIncomeLossAmortizationOfPriorServiceCostAndActuarialLossesIncludeNetPeriodicPensionCostForDefinedBenefitPensionPlanNetOfTax,0000857855-20-000011,20191231,4,USD,,,521000.0,,q1,2020
0000016732-20-000018,PaymentsOfDebtIssuanceCosts,us-gaap/2019,20200131,2,USD,,,0.0,,q1,2020
0001488813-20-000033,NoninterestIncomeOtherOperatingIncome,us-gaap/2019,20171231,4,USD,,,9187000.0,,q1,2020
0001121484-20-000042,OperatingIncomeLoss,us-gaap/2019,20191231,4,USD,,,-228180000.0,,q1,2020
0001199835-20-000091,OperatingIncomeLoss,us-gaap/2019,20180331,1,USD,,,-202173.0,,q1,2020
0001325878-20-000006,OtherComprehensiveIncomeDefinedBenefitPlansAdjustmentBeforeTaxPortionAttributableToParent,us-gaap/2018,20191231,4,USD,,,-1373000.0,,q1,2020
0001564590-20-000127,MinorityInterest,us-gaap/2019,20190531,0,USD,,,79100000.0,,q1,2020
0001140361-20-005521,NetCashProvidedByUsedInFinancingActivities,us-gaap/2019,20200131,1,USD,,,-7611000.0,,q1,2020
0001564590-20-008796,NetCashProvidedByUsedInOperatingActivities,us-gaap/2019,20181231,4,USD,,,-20392000.0,,q1,2020
0001371451-20-000002,AccountsPayableCurrent,us-gaap/2019,20191031,0,USD,,,6908305.0,,q1,2020
0001683168-20-000651,AdditionalPaidInCapitalCommonStock,us-gaap/2019,20160630,0,USD,,,146301.0,,q1,2020
0000922224-20-000005,PublicUtilitiesPropertyPlantAndEquipmentAccumulatedDepreciation,us-gaap/2019,20191231,0,USD,LegalEntity=LGAndEAndKUEnergyLLC;,LGAndEAndKUEnergyLLC,2356000000.0,,q1,2020
0000820027-20-000011,AvailableForSaleSecuritiesDebtSecurities,us-gaap/2019,20191231,0,USD,FairValueByMeasurementFrequency=FairValueMeasurementsRecurring;FinancialInstrument=USTreasuryAndGovernment;,,1000000.0,,q1,2020
0000899689-20-000007,StockholdersEquityIncludingPortionAttributableToNoncontrollingInterest,us-gaap/2019,20191231,0,USD,EquityComponents=NoncontrollingInterest;LegalEntity=VornadoRealtyLp;,,578948000.0,,q1,2020
0001388430-20-000003,LongTermDebtNoncurrent,us-gaap/2019,20181231,0,USD,ConsolidatedEntities=VariableInterestEntityPrimaryBeneficiary;,,67615000.0,,q1,2020
0001562762-20-000049,OtherComprehensiveIncomeNetOfTaxAvailableforsaleFinancialAssets,ifrs/2019,20181231,4,GBP,ContinuingAndDiscontinuedOperations=ContinuingOperations;,,0.0,,q1,2020
0001104659-20-009758,CapitalExpendituresIncurredButNotYetPaid,us-gaap/2018,20190630,2,USD,,,7697000.0,,q1,2020
0000066382-20-000002,CashAndCashEquivalentsPeriodIncreaseDecrease,us-gaap/2018,20191130,2,USD,,,17800000.0,,q1,2020
0001493152-20-001484,CashCashEquivalentsRestrictedCashAndRestrictedCashEquivalentsIncludingDisposalGroupAndDiscontinuedOperations,us-gaap/2019,20161231,0,USD,,,14679.0,,q1,2020
0001360604-20-000025,CashCashEquivalentsRestrictedCashAndRestrictedCashEquivalentsPeriodIncreaseDecreaseIncludingExchangeRateEffect,us-gaap/2019,20181231,4,USD,,,14970000.0,,q1,2020
0001518715-20-000047,CashCashEquivalentsRestrictedCashAndRestrictedCashEquivalentsPeriodIncreaseDecreaseIncludingExchangeRateEffect,us-gaap/2019,20171231,4,USD,,,17545000.0,,q1,2020
0000913778-20-000003,LiabilitiesAndStockholdersEquity,us-gaap/2019,20191231,0,USD,TaxCreditSeries=SeriesTwenty;,,0.0,,q1,2020
0001213900-20-002148,TemporaryEquitySharesAuthorized,us-gaap/2019,20181231,0,shares,,,5035516.0,,q1,2020
0001193125-20-052873,TreasuryStockShares,us-gaap/2019,20191231,0,shares,,,204000108.0,,q1,2020
0000831259-20-000004,PaymentsToAcquireProductiveAssets,us-gaap/2019,20181231,4,USD,BusinessSegments=AllOtherSegments;,,123000000.0,,q1,2020
0001447028-20-000038,AdjustmentsToAdditionalPaidInCapitalSharebasedCompensationRequisiteServicePeriodRecognitionValue,us-gaap/2018,20181231,4,USD,EquityComponents=AdditionalPaidInCapital;,,6687000.0,,q1,2020
0000832428-20-000007,WeightedAverageNumberOfSharesOutstandingBasic,us-gaap/2018,20191231,4,shares,,,80826000.0,,q1,2020
0001035443-20-000042,StockholdersEquityIncludingPortionAttributableToNoncontrollingInterest,us-gaap/2019,20161231,0,USD,,,5370971000.0,,q1,2020
0001376474-20-000012,StockIssuedDuringPeriodValueConversionOfConvertibleSecuritiesNetOfAdjustments,us-gaap/2019,20171231,4,USD,,,0.0,,q1,2020
0001140361-20-005863,StockIssuedDuringPeriodValueShareBasedCompensation,us-gaap/2019,20191231,4,USD,,,670000.0,,q1,2020
0000880266-20-000006,RetainedEarningsAccumulatedDeficit,us-gaap/2019,20181231,0,USD,,,4477300000.0,,q1,2020
0001558370-20-002138,RightOfUseAssetObtainedInExchangeForOperatingLeaseLiability,us-gaap/2019,20191231,4,USD,,,5810000.0,,q1,2020
0001437749-20-004092,ProceedsFromStockOptionsExercised,us-gaap/2019,20171231,4,USD,,,823000.0,,q1,2020
0000707388-20-000007,RepaymentsOfOtherDebt,us-gaap/2019,20191231,4,USD,,,3000000.0,,q1,2020
0001558370-20-002754,PreferredStockValue,us-gaap/2019,20181231,0,USD,,,0.0,,q1,2020
0000088121-20-000010,ProceedsFromCollectionOfAdvanceToAffiliate,us-gaap/2019,20191231,4,USD,,,8000000.0,,q1,2020
0001310114-20-000007,PreferredStockSharesIssued,us-gaap/2019,20181231,0,shares,,,0.0,,q1,2020
0001283140-20-000010,ProceedsFromPaymentsForOtherFinancingActivities,us-gaap/2019,20171231,4,USD,,,-265000.0,,q1,2020
0001564590-20-004489,OtherNoncashExpense,us-gaap/2019,20181231,4,USD,,,979000.0,,q1,2020
0001524358-20-000011,OtherComprehensiveIncomeLossNetOfTax,us-gaap/2019,20181231,4,USD,,,-11000000.0,,q1,2020
0001468174-20-000015,PaymentForContingentConsiderationLiabilityFinancingActivities,us-gaap/2019,20181231,4,USD,,,0.0,,q1,2020
0001405495-20-000007,OtherNonoperatingIncomeExpense,us-gaap/2019,20191231,4,USD,,,29062000.0,,q1,2020
0000027430-20-000006,OtherComprehensiveIncomeLossReclassificationAdjustmentfromAOCIonDerivativesRelatedtoDiscontinuedOperationsTax,0000027430-20-000006,20181231,4,USD,,,0.0,,q1,2020
0001564590-20-010890,OtherNoncashIncomeExpense,us-gaap/2019,20171231,4,USD,,,-103000.0,,q1,2020
0000017843-20-000004,OtherComprehensiveIncomeLossNetOfTaxPortionAttributableToParent,us-gaap/2019,20181231,1,USD,EquityComponents=AccumulatedNetUnrealizedInvestmentGainLoss;,,0.0,,q1,2020
0001213900-20-006147,EarningsPerShareBasicAndDiluted,us-gaap/2019,20191231,4,USD,ClassOfStock=CommonClassA;,,0.18,,q1,2020
0001035443-20-000042,DividendsPreferredStock,us-gaap/2019,20171231,4,USD,ConsolidationItems=ConsolidationEliminations;,,0.0,,q1,2020
0001023128-20-000018,StockholdersEquity,us-gaap/2019,20181231,0,USD,EquityComponents=RetainedEarnings;,,1162100000.0,,q1,2020
0000950123-20-000628,StockholdersEquityIncludingPortionAttributableToNoncontrollingInterest,us-gaap/2019,20191231,0,USD,EquityComponents=RetainedEarnings;,,3239000000.0,,q1,2020
0001564590-20-004867,StockholdersEquity,us-gaap/2019,20191231,0,USD,EquityComponents=CommonStock;,,1448000.0,,q1,2020
0001264931-20-000059,StockIssuedDuringPeriodSharesShareBasedCompensation,us-gaap/2018,20191231,4,shares,EquityComponents=CommonStock;,,,,q1,2020
0001558370-20-002031,OtherComprehensiveIncomeLossForeignCurrencyTransactionAndTranslationAdjustmentNetOfTax,us-gaap/2019,20190331,1,USD,EquityComponents=AccumulatedOtherComprehensiveIncome;,,988000.0,,q1,2020
0001331465-20-000031,DerivativeLiabilities,us-gaap/2019,20181231,0,USD,FairValueByMeasurementBasis=CarryingReportedAmountFairValueDisclosure;,,17000000.0,,q1,2020
0001405495-20-000007,StockIssuedDuringPeriodValueStockOptionsExercised,us-gaap/2019,20171231,4,USD,EquityComponents=AdditionalPaidInCapital;,,381000.0,,q1,2020
0001683168-20-000831,AdjustmentsToAdditionalPaidInCapitalSharebasedCompensationRequisiteServicePeriodRecognitionValue,us-gaap/2019,20191231,4,USD,EquityComponents=AccumulatedOtherComprehensiveIncome;,,,,q1,2020
0001564590-20-013602,AllowanceForDoubtfulAccountsReceivable,us-gaap/2019,20181231,0,USD,,,1356000.0,,q1,2020
0001035201-20-000002,AccumulatedDeferredInvestmentTaxCredit,us-gaap/2019,20191231,0,USD,,,1575000.0,,q1,2020
0000084246-20-000010,AdditionalPaidInCapitalCommonStock,us-gaap/2019,20191231,0,USD,,,321190000.0,,q1,2020
0001564590-20-003682,AssetsCurrent,us-gaap/2019,20191231,0,USD,,,636576000.0,,q1,2020
0001683168-20-000987,AssetsCurrent,us-gaap/2019,20191231,0,USD,,,2440112.0,,q1,2020
0000771992-20-000017,PropertyPlantAndEquipment,ifrs/2019,20191231,0,USD,ClassesOfPropertyPlantAndEquipment=TangibleExplorationAndEvaluationAssets;,,782475000.0,,q1,2020
0001032208-20-000006,IncreaseDecreaseInInventories,us-gaap/2019,20171231,4,USD,LegalEntity=SanDiegoGasAndElectricCompany;,SanDiegoGasAndElectricCompany,25000000.0,,q1,2020
0001047469-20-001091,RevenueFromContractsWithCustomers,ifrs/2019,20181231,4,CAD,SegmentConsolidationItems=CorporateEnergyTradingAndEliminations;,,-3741000000.0,,q1,2020
0000778946-20-000021,JuniorSubordinatedDebentureOwedToUnconsolidatedSubsidiaryTrust,us-gaap/2019,20181231,0,USD,LongtermDebtType=JuniorSubordinatedDebt;SubordinatedBorrowing=BluegreenStatutoryTrustTwo;,,16688000.0,,q1,2020
0001564590-20-006736,PaymentsForRepurchaseOfCommonStock,us-gaap/2019,20181231,4,USD,ConsolidatedEntities=NonGuarantorSubsidiaries;,,0.0,,q1,2020
0001566011-20-000003,PaymentsOfCapitalDistribution,us-gaap/2018,20191231,4,USD,ConsolidatedEntities=SubsidiaryIssuer;,,116300000.0,,q1,2020
0001104659-20-023597,NetIncomeLoss,us-gaap/2019,20191231,4,USD,BusinessSegments=SportingGoods;,,5997000.0,,q1,2020
0001437749-20-005120,LoansAndLeasesReceivableGrossCarryingAmountCovered,us-gaap/2019,20181231,0,USD,AccountsNotesLoansAndFinancingReceivableByReceivableType=SingleFamilyOwnerOccupied;FinancingReceivablePortfolioSegment=ConsumerRealEstatePortfolioSegment;InternalCreditAssessment=Doubtful;,,,,q1,2020
0001389050-20-000028,BusinessCombinationAcquisitionRelatedCosts,us-gaap/2019,20190630,1,USD,,,2687000.0,,q1,2020
0001024305-20-000016,AccruedExpensesAndOtherLiabilitiesCurrent,0001024305-20-000016,20191231,0,USD,,,1585200000.0,,q1,2020
0000745732-20-000016,AccruedLiabilitiesCurrent,us-gaap/2019,20200131,0,USD,,,462111000.0,,q1,2020
0001193125-20-077242,AdjustmentsToAdditionalPaidInCapitalSharebasedCompensationRequisiteServicePeriodRecognitionValue,us-gaap/2019,20171231,4,USD,,,1623128.0,,q1,2020
0001387131-20-003364,ShareBasedCompensation,us-gaap/2019,20191231,4,USD,,,242000.0,,q1,2020
0000887730-20-000008,WeightedAverageNumberOfDilutedSharesOutstanding,us-gaap/2019,20181231,3,shares,,,59116000.0,,q1,2020
0001498547-20-000015,PaymentsToAcquireTradingSecuritiesHeldforinvestment,us-gaap/2019,20171231,4,USD,,,0.0,,q1,2020
0001514281-20-000018,RestrictedCashIncludedInAssetsHeldForSale,0001514281-20-000018,20181231,0,USD,,,2973000.0,,q1,2020
0001193125-20-067354,PropertyOptionTransactionCosts,0001193125-20-067354,20191231,4,USD,,,600000.0,,q1,2020
0001564590-20-006025,IncomeLossFromDiscontinuedOperationsNetOfTax,us-gaap/2019,20181231,4,USD,ConsolidatedEntities=ParentCompany;,,900000.0,,q1,2020
0001564590-20-005641,ComprehensiveIncomeNetOfTaxAttributableToNoncontrollingInterest,us-gaap/2019,20171231,4,USD,,,3377000.0,,q1,2020
0001214659-20-002133,CommitmentsAndContingencies,us-gaap/2019,20181231,0,USD,,,,,q1,2020
0001015780-20-000065,CommitmentsAndContingencies,us-gaap/2019,20191231,0,USD,,,,,q1,2020
0001775474-20-000003,StockholdersEquityIncludingPortionAttributableToNoncontrollingInterest,us-gaap/2018,20181231,0,USD,,,5376366000.0,,q1,2020
0001165002-20-000035,WeightedAverageNumberOfSharesOutstandingBasic,us-gaap/2019,20181231,4,shares,,,8365360.0,,q1,2020
0001062993-20-001571,WeightedAverageShares,ifrs/2018,20181231,4,shares,,,70910735.0,,q1,2020
0000092122-20-000017,UtilitiesOperatingExpenseMaintenanceAndOperations,us-gaap/2019,20191231,4,USD,,,5600000000.0,,q1,2020
0001564590-20-012323,StockholdersEquity,us-gaap/2019,20181231,0,USD,,,-120069000.0,,q1,2020
0000842180-20-000006,Reservesoraccumulatedlossesofinvestmentsinsubsidariesjointventuresandassociates,0000842180-20-000006,20171231,0,EUR,,,-35000000.0,,q1,2020
0000047111-20-000007,PropertyPlantAndEquipmentNet,us-gaap/2019,20191231,0,USD,,,2153139000.0,,q1,2020
0001628280-20-002214,RepaymentsOfCurrentBorrowings,ifrs/2019,20171231,4,USD,,,0.0,,q1,2020
0001493152-20-004285,RedeemablePreferredStockDividends,us-gaap/2019,20181231,4,USD,,,118604.0,,q1,2020
0000230557-20-000005,Revenues,us-gaap/2019,20190630,1,USD,,,708204000.0,,q1,2020
0000103872-20-000006,PreferredStockValue,us-gaap/2019,20191031,0,USD,,,0.0,,q1,2020
0000717588-20-000010,PaymentsToAcquireLoansReceivable,us-gaap/2019,20160930,3,USD,,,,,q1,2020
0001564590-20-012323,PaymentsToAcquirePropertyPlantAndEquipment,us-gaap/2019,20181231,4,USD,,,3490000.0,,q1,2020
0000351817-20-000004,OperatingExpenses,us-gaap/2019,20181231,4,USD,,,143909000.0,,q1,2020
0001393612-20-000009,NoninterestIncome,us-gaap/2019,20180630,1,USD,,,474000000.0,,q1,2020
0001760965-20-000010,OperatingLeaseLiabilityCurrent,us-gaap/2018,20191231,0,USD,,,35389000.0,,q1,2020
0001091818-20-000017,LiabilitiesCurrent,us-gaap/2019,20191231,0,USD,,,7324340.0,,q1,2020
0001564590-20-007695,IntangibleAssetsNetAndOtherAssetsExcludingGoodwill,0001564590-20-007695,20181231,0,USD,,,5186900000.0,,q1,2020
0001403475-20-000008,InformationTechnology,0001403475-20-000008,20181231,4,USD,,,1023000.0,,q1,2020
0001140361-20-005874,IncreaseDecreaseInRestrictedCashAndInvestments,us-gaap/2019,20181231,4,USD,,,1241000.0,,q1,2020
0000714310-20-000066,InterestPaidNet,us-gaap/2019,20181231,4,USD,,,290444000.0,,q1,2020
0001541119-20-000012,InterestBearingDepositLiabilities,us-gaap/2019,20191231,0,USD,,,519434000.0,,q1,2020
0001640334-20-000041,GeneralAndAdministrativeExpense,us-gaap/2019,20181130,2,USD,,,900.0,,q1,2020
0001564590-20-006848,IncreaseDecreaseInAccountsPayable,us-gaap/2019,20171231,4,USD,,,3738000.0,,q1,2020
0001558370-20-002915,IncomeLossFromContinuingOperationsBeforeIncomeTaxesMinorityInterestAndIncomeLossFromEquityMethodInvestments,us-gaap/2019,20200131,4,USD,,,2201730000.0,,q1,2020
0001452857-20-000010,PartnersCapitalIncludingPortionAttributableToNoncontrollingInterest,us-gaap/2018,20171231,0,USD,EquityComponents=TreasuryStock;Restatement=ScenarioPreviouslyReported;,,-170858000.0,,q1,2020
0001558370-20-001720,CostsAndExpenses,us-gaap/2019,20191231,4,USD,,,88805000.0,,q1,2020
0001503707-20-000004,CostsAndExpenses,us-gaap/2019,20191231,1,USD,,,106235000.0,,q1,2020
0000799292-20-000033,Depreciation,us-gaap/2019,20171231,4,USD,,,9630000.0,,q1,2020
0001564590-20-007922,GainLossOnSalesOfAssetsAndAssetImpairmentCharges,us-gaap/2019,20171231,4,USD,,,-334000.0,,q1,2020
0001628280-20-002489,OperatingLeaseRightOfUseAsset,us-gaap/2019,20191231,0,USD,ConsolidatedEntities=ParentCompany;ConsolidationItems=ReportableLegalEntities;,,143406000.0,,q1,2020
0001564590-20-004829,IncomeLossFromContinuingOperationsBeforeIncomeTaxesExtraordinaryItemsNoncontrollingInterest,us-gaap/2019,20181231,4,USD,ConsolidatedEntities=GuarantorSubsidiaries;ConsolidationItems=ReportableLegalEntities;,,471000000.0,,q1,2020
0000045919-20-000003,RevenueFromContractWithCustomerExcludingAssessedTax,us-gaap/2019,20191231,4,USD,TimingOfTransferOfGoodOrService=TransferredOverTime;,,197343000.0,,q1,2020
0001309402-20-000006,IncomeLossFromDiscontinuedOperationsNetOfTax,us-gaap/2019,20191231,4,USD,DisposalGroupClassification=SegmentDiscontinuedOperations;IncomeStatementBalanceSheetAndAdditionalDisclosuresByDisposalGroupsIncludingDiscontinuedOperations=GreenPlainsCattleCompanyLlc;,,829000.0,,q1,2020
0001564590-20-007399,LitigationSettlementExpense,us-gaap/2019,20171231,4,USD,,,11975000.0,,q1,2020
0001104659-20-026777,NetIncomeLossAvailableToCommonStockholdersBasic,us-gaap/2019,20191231,1,USD,,,7465000.0,,q1,2020
0001518587-20-000012,LiabilitiesAndStockholdersEquity,us-gaap/2018,20191231,0,USD,,,2712200000.0,,q1,2020
0001564590-20-008179,LiabilitiesNoncurrent,us-gaap/2019,20191231,0,USD,,,2768696000.0,,q1,2020
0000215466-20-000032,NetIncomeLoss,us-gaap/2018,20180630,1,USD,,,2930000.0,,q1,2020
0001587523-20-000006,IncreaseDecreaseInPrepaidDeferredExpenseAndOtherAssets,us-gaap/2019,20191231,4,USD,,,-2700000.0,,q1,2020
0001576018-20-000014,InterestAndDividendsPayableCurrentAndNoncurrent,us-gaap/2018,20191231,0,USD,,,3055000.0,,q1,2020
0000920427-20-000017,InterestExpense,us-gaap/2018,20170630,1,USD,,,2327000.0,,q1,2020
0001564590-20-004289,IncomeTaxExpenseBenefit,us-gaap/2019,20171231,4,USD,,,72939000.0,,q1,2020
0000703351-20-000010,Goodwill,us-gaap/2019,20190630,0,USD,,,165500000.0,,q1,2020
0000022444-20-000019,RevenueFromContractWithCustomerIncludingAssessedTax,us-gaap/2019,20200229,2,USD,BusinessSegments=Corporate;ProductOrService=SteelProducts;,,0.0,,q1,2020
0001562762-20-000105,ProfitLossAttributableToNoncontrollingInterests,ifrs/2019,20191231,4,EUR,DepartureFromRequirementOfIFRS=UnderlyingResultsExcludingAdjustmentsFromIfrs;GeographicalAreas=DE;Segments=GeographicalSegmentsBanking;,,3000000.0,,q1,2020
0000814453-20-000078,OtherNonoperatingIncomeExpense,us-gaap/2018,20181231,4,USD,Restatement=RevisedBalanceAfterPriorPeriodAdjustmentsBeforeReclassifications;,,11200000.0,,q1,2020
0001711269-20-000012,SharesOutstanding,us-gaap/2019,20181231,0,shares,EquityComponents=CommonStock;LegalEntity=EvergyMetroInc;,,1.0,,q1,2020
0000894081-20-000039,IncomeLossFromDiscontinuedOperationsNetOfTaxPerBasicShare,us-gaap/2019,20171231,4,USD,,,-0.06,,q1,2020
0000064803-20-000007,DiscontinuedOperationIncomeLossFromDiscontinuedOperationNetOfTaxPerDilutedShare,us-gaap/2019,20180630,1,USD,,,0.0,,q1,2020
0001564590-20-004669,Dividends,us-gaap/2019,20191231,4,USD,,,21300000.0,,q1,2020
0000055135-20-000006,GainLossOnDispositionOfAssets1,us-gaap/2019,20181231,4,USD,,,0.0,,q1,2020
0001628280-20-002743,ExpendituresForAssetsUnderLeaseOrSoldWithBuyBack,0001628280-20-002743,20181231,4,USD,,,1344000000.0,,q1,2020
0001564590-20-004859,FiniteLivedIntangibleAssetsNet,us-gaap/2019,20191231,0,USD,,,242822000.0,,q1,2020
0001440024-20-000011,FairValueAdjustmentOfPreferredStock,0001440024-20-000011,20191231,4,USD,,,0.0,,q1,2020
0001437749-20-006403,PaymentsToAcquireProductiveAssets,us-gaap/2019,20191231,4,USD,ConsolidatedEntities=SubsidiaryIssuer;ConsolidationItems=ReportableLegalEntities;,,,,q1,2020
0000072741-20-000008,Revenues,us-gaap/2019,20191231,4,USD,ConsolidationItems=ConsolidationEliminations;LegalEntity=TheConnecticutLightAndPowerCompany;,,-482100000.0,,q1,2020
0001558370-20-001906,DerecognitionOfNonControllingInterestInJointVenture,0001558370-20-001906,20181231,4,USD,LegalEntity=DigitalRealtyTrustLP;RelatedPartyTransaction=CorporateJointVenture;,,0.0,,q1,2020
0001032208-20-000006,AccumulatedDepreciationDepletionAndAmortizationPropertyPlantAndEquipment,us-gaap/2019,20181231,0,USD,LegalEntity=SanDiegoGasAndElectricCompany;PropertyPlantAndEquipmentByType=Electricity;,,4558000000.0,,q1,2020
0000066382-20-000002,RevenueFromContractWithCustomerExcludingAssessedTax,us-gaap/2018,20191130,1,USD,BusinessSegments=NorthAmericaContract;,,450600000.0,,q1,2020
0001528129-20-000015,DerivativeAssetsCurrent,us-gaap/2019,20191231,0,USD,DerivativeInstrumentRisk=CommodityContract;Energy=CrudeOil;,,6422000.0,,q1,2020
0001683168-20-000946,NetIncomeLossAvailableToCommonStockholdersBasic,us-gaap/2019,20191231,4,USD,EquityComponents=SeriesCPreferredStocks;,,,,q1,2020
0001193125-20-049748,PaymentsRelatedToTaxWithholdingForShareBasedCompensation,us-gaap/2019,20181231,4,USD,ConsolidatedEntities=ParentCompany;,,3820000.0,,q1,2020
0001383650-20-000006,ProceedsFromIssuanceOfDebt,us-gaap/2019,20181231,4,USD,ConsolidatedEntities=ParentCompany;,,1100000000.0,,q1,2020
0001040971-20-000006,NoncontrollingInterestDecreaseFromDeconsolidation,us-gaap/2019,20181231,4,USD,ConsolidatedEntities=Subsidiaries;,,315116000.0,,q1,2020
0001276187-20-000011,NoncontrollingInterestIncreaseFromSaleOfParentEquityInterest,us-gaap/2019,20171231,4,USD,BusinessAcquisition=SaleofRoverPipelineinterest;PartnerCapitalComponents=LimitedPartner;,,2000000.0,,q1,2020
0001047469-20-001879,CostOfSales,ifrs/2019,20191231,4,USD,SegmentConsolidationItems=OperatingSegments;Segments=NorthernBusinessSegment;,,1016076000.0,,q1,2020
0001389050-20-000028,CommonStockValue,us-gaap/2019,20191231,0,USD,,,1587000.0,,q1,2020
0001654954-20-001526,PropertySubjectToOrAvailableForOperatingLeaseNet,us-gaap/2019,20190930,0,USD,,,2624900.0,,q1,2020
0001505155-20-000015,RetainedEarningsAccumulatedDeficit,us-gaap/2019,20181231,0,USD,,,-85675000.0,,q1,2020
0001558370-20-002232,PreferredStockParOrStatedValuePerShare,us-gaap/2019,20181231,0,USD,,,0.0001,,q1,2020
0001140361-20-003746,ProceedsFromIssueOfOrdinaryShares,ifrs/2019,20191031,4,USD,,,3100000.0,,q1,2020
0000939930-20-000022,PaymentsToAcquireBusinessesNetOfCashAcquired,us-gaap/2019,20191231,3,USD,,,0.0,,q1,2020
0001558370-20-000746,PaymentsOfDebtIssuanceCosts,us-gaap/2019,20171231,4,USD,,,3667000.0,,q1,2020
0001047469-20-001072,OtherAssets,us-gaap/2018,20191231,0,USD,,,283000.0,,q1,2020
0001564590-20-013670,NetIncomeLoss,us-gaap/2019,20180331,1,USD,,,-6356404.0,,q1,2020
0001193125-20-058848,OccupancyNet,us-gaap/2019,20171231,4,USD,,,89194000.0,,q1,2020
0000059440-20-000004,NetIncomeLoss,us-gaap/2019,20181231,4,USD,,,58105000.0,,q1,2020
0001104659-20-006766,NetCashProvidedByUsedInFinancingActivities,us-gaap/2019,20190930,3,USD,,,0.0,,q1,2020
0001493152-20-001680,InvestmentOwnedAtFairValue,us-gaap/2019,20190630,0,USD,,,3656000.0,,q1,2020
0001193125-20-087524,IncomeTaxesPaidNet,us-gaap/2019,20171231,4,JPY,,,71473000000.0,,q1,2020
0001628280-20-001607,InterestPaidNet,us-gaap/2019,20191231,4,USD,,,289000000.0,,q1,2020
0001021635-20-000016,InterestExpense,us-gaap/2019,20171231,4,USD,,,143800000.0,,q1,2020
0001493152-20-005251,IncreaseDecreaseInInterestPayableRelatedPartyNet,0001493152-20-005251,20181231,4,USD,,,165240.0,,q1,2020
0001193125-20-051469,OtherExpenseByFunction,ifrs/2018,20181231,4,CAD,Restatement=RestatementAdjustment;SegmentConsolidationItems=CorporateNonOperating;,,-6000000.0,,q1,2020
0001721868-20-000140,GrossProfit,us-gaap/2019,20181031,1,USD,,,107721.0,,q1,2020
0000736772-20-000011,IncomeLossFromContinuingOperationsBeforeIncomeTaxesExtraordinaryItemsNoncontrollingInterest,us-gaap/2019,20191231,4,USD,,,48641000.0,,q1,2020
0001193125-20-015353,IncreaseDecreaseInEmployeeRelatedLiabilities,us-gaap/2019,20190930,3,USD,,,2132000.0,,q1,2020
0001059556-20-000005,InterestIncomeExpenseNonoperatingNet,us-gaap/2019,20191231,4,USD,DerivativeInstrumentRisk=InterestRateContract;EquityComponents=AccumulatedGainLossNetCashFlowHedgeParent;ReclassificationOutOfAccumulatedOtherComprehensiveIncome=ReclassificationOutOfAccumulatedOtherComprehensiveIncome;,,0.0,,q1,2020
0001493152-20-003862,GainLossOnInvestments,us-gaap/2019,20181231,4,USD,RelatedPartyTransactionsByRelatedParty=SurfacePharmaceuticals;,,4947000.0,,q1,2020
0001332349-20-000045,GainLossOnTerminationOfLease,us-gaap/2019,20191231,4,USD,NoncashOrPartNoncashAcquisitionsByUniqueDescription=NoncashLeaseTerminationAndModificationNet;,,-3388000.0,,q1,2020
0001213900-20-006542,RevenueFromContractWithCustomerIncludingAssessedTax,us-gaap/2019,20191231,4,USD,PrincipleTransactionRevenueDescriptionOfReportingCategory=DistributionRevenue;ProductOrService=InPerson;TimingOfTransferOfGoodOrService=TransferredAtPointInTime;,,555643.0,,q1,2020
0001193125-20-073232,LoansAndLeasesReceivableNetReportedAmount,us-gaap/2019,20190930,0,USD,ChangeInAccountingEstimateByType=QuarterlyTrendAmortizedCostBasis;,,981286000.0,,q1,2020
0001493152-20-000016,DerivativeGainLossOnDerivativeNet,us-gaap/2019,20181231,4,USD,,,7001.0,,q1,2020
0001436425-20-000008,EarningsPerShareDiluted,us-gaap/2019,20190331,1,USD,,,0.85,,q1,2020
0001607062-20-000032,CommonStockValue,us-gaap/2018,20181031,0,USD,,,64299.0,,q1,2020
0001628280-20-002497,CurrentLeaseLiabilities,ifrs/2019,20191231,0,CAD,,,112000000.0,,q1,2020
0001437749-20-005921,IncreaseDecreaseInOperatingLeaseLiabilities,0001437749-20-005921,20181231,0,USD,AdjustmentsForNewAccountingPronouncements=AccountingStandardsUpdate201602;,,5197000.0,,q1,2020
0001637207-20-000008,StoreOperations,0001637207-20-000008,20181231,4,USD,AdjustmentsForNewAccountingPronouncements=AccountingStandardsUpdate201409;InitialApplicationPeriodCumulativeEffectTransition=DifferenceBetweenRevenueGuidanceInEffectBeforeAndAfterTopic606;,,0.0,,q1,2020
0001020569-20-000029,OtherComprehensiveIncomeLossForeignCurrencyTransactionAndTranslationAdjustmentNetOfTax,us-gaap/2019,20171231,4,USD,ConsolidatedEntities=NonGuarantorSubsidiaries;ConsolidationItems=ReportableLegalEntities;,,123579000.0,,q1,2020
0001161154-20-000010,PreferredUnitsPreferredPartnersCapitalAccounts,us-gaap/2019,20191231,0,USD,ClassOfStock=SeriesEPreferredUnits;,,786000000.0,,q1,2020
0001493152-20-001563,SharesOutstanding,us-gaap/2019,20180630,0,shares,EquityComponents=SeriesBConvertibleRedeemablePreferredStock;,,902670.0,,q1,2020
0001714899-20-000026,OtherAssetsNoncurrent,us-gaap/2019,20191231,0,USD,,,2659000.0,,q1,2020
0000039911-20-000019,OperatingExpenses,us-gaap/2019,20180131,4,USD,,,4587000000.0,,q1,2020
0001193125-20-078974,OtherComprehensiveIncome,ifrs/2019,20171231,4,SEK,,,-2799000000.0,,q1,2020
0001437749-20-002304,OperatingExpenses,us-gaap/2019,20191231,1,USD,,,5271430.0,,q1,2020
0001193125-20-048303,OtherAssetsCurrent,us-gaap/2019,20191231,0,USD,,,67062000.0,,q1,2020
0001109448-20-000011,OtherComprehensiveIncomeForeignCurrencyTransactionAndTranslationAdjustmentBeforeTaxPortionAttributableToParent,us-gaap/2019,20191231,4,USD,,,5986000.0,,q1,2020
0001564590-20-006357,NetCashProvidedByUsedInOperatingActivities,us-gaap/2019,20191231,4,USD,,,18146000.0,,q1,2020
0001690769-20-000032,NoncontrollingInterestIncreaseDecreaseFromRedemptions,0001690769-20-000032,20181231,4,USD,,,-6000.0,,q1,2020
0001693317-20-000003,OperatingIncomeLoss,us-gaap/2019,20180930,1,USD,,,2345000.0,,q1,2020
0001493152-20-000448,OperatingRestaurantExpense,0001493152-20-000448,20190930,3,USD,,,2532361.0,,q1,2020
0001564590-20-008063,NetIncomeLoss,us-gaap/2019,20181231,4,USD,,,42958000.0,,q1,2020
0000057131-20-000006,MinorityInterest,us-gaap/2019,20180430,0,USD,,,13035000.0,,q1,2020
0001683168-20-000305,NotesPayableRelatedPartiesClassifiedCurrent,us-gaap/2019,20180630,0,USD,,,0.0,,q1,2020
0000101829-20-000013,NetIncomeLoss,us-gaap/2019,20180930,1,USD,,,1238000000.0,,q1,2020
0001104659-20-039814,InterestReceivedClassifiedAsInvestingActivities,ifrs/2019,20181231,4,USD,,,7700000.0,,q1,2020
0001437749-20-001888,LiabilitiesCurrent,us-gaap/2019,20181130,0,USD,,,5765381.0,,q1,2020
0001558370-20-001745,IntangibleAssetsNetExcludingGoodwill,us-gaap/2019,20191231,0,USD,,,167344000.0,,q1,2020
0001564590-20-008210,IncreaseDecreaseInOtherReceivables,us-gaap/2019,20191231,4,USD,,,-2556000.0,,q1,2020
0000040533-20-000015,IncreaseDecreaseInUnbilledReceivables,us-gaap/2019,20191231,4,USD,,,1303000000.0,,q1,2020
0001104659-20-027979,IncreaseDecreaseInContractWithCustomerLiability,us-gaap/2019,20191231,4,USD,,,33480000.0,,q1,2020
0000205402-20-000005,IncomeTaxExpenseBenefit,us-gaap/2019,20191231,4,USD,,,55000000.0,,q1,2020
0001558370-20-003389,IncomeTaxExpenseBenefit,us-gaap/2019,20190131,4,USD,,,45763000.0,,q1,2020
0001483510-20-000018,IncomeTaxExpenseBenefit,us-gaap/2019,20180131,4,USD,,,9978000.0,,q1,2020
0000909108-20-000017,IncomeTaxesReceivable,us-gaap/2019,20181231,0,USD,,,0.0,,q1,2020
0001501134-20-000013,IncreaseDecreaseInAccountsReceivable,us-gaap/2019,20181231,4,USD,,,5291000.0,,q1,2020
0001101215-20-000049,IncreaseDecreaseInOtherOperatingLiabilities,us-gaap/2019,20181231,4,USD,,,49800000.0,,q1,2020
0001493152-20-003419,StockIssuedDuringPeriodValueAcquisitions,us-gaap/2019,20190930,4,USD,LegalEntity=YMYVenturesLLC;,YMYVenturesLLC,450000.0,,q1,2020
0001193125-20-057751,OccupancyNet,us-gaap/2019,20191231,4,USD,Consolidate=CommercialBanking;,,28000000.0,,q1,2020
0001193125-20-051469,RoyaltyExpense,ifrs/2018,20181231,4,CAD,Restatement=RestatementAdjustment;SegmentConsolidationItems=OperatingSegmentsIntegratedCorridor;Segments=LloydHeavyOilValueChain;,,137000000.0,,q1,2020
0000855658-20-000025,GrossProfit,us-gaap/2019,20180630,1,USD,,,50248000.0,,q1,2020
0001683168-20-000702,IncreaseDecreaseInAccountsPayableAndAccruedLiabilities,us-gaap/2018,20180131,1,USD,,,-46668.0,,q1,2020
0001681459-20-000004,DeferredIncomeTaxLiabilitiesNet,us-gaap/2019,20181231,0,USD,,,209200000.0,,q1,2020
0001564590-20-007824,EffectOfExchangeRateOnCashCashEquivalentsRestrictedCashAndRestrictedCashEquivalents,us-gaap/2019,20171231,4,USD,,,972000.0,,q1,2020
0001104659-20-038678,FederalDepositInsuranceCorporationPremiumExpense,us-gaap/2019,20191231,4,USD,,,16000.0,,q1,2020
0001397911-20-000023,FiniteLivedIntangibleAssetsAccumulatedAmortization,us-gaap/2019,20181231,0,USD,,,479319000.0,,q1,2020
0001623613-20-000011,ProceedsFromRepaymentsOfShortTermDebt,us-gaap/2018,20181231,4,USD,ConsolidatedEntities=SubsidiaryIssuer;,,0.0,,q1,2020
0001133421-20-000006,Revenues,us-gaap/2019,20181231,4,USD,BusinessSegments=InnovationSystems;Geographical=AllOtherGeographicRegion;,,464000000.0,,q1,2020
0001437749-20-006531,CostOfRevenue,us-gaap/2019,20181231,4,USD,ProductOrService=InternetOperations;,,325234.0,,q1,2020
0001628280-20-002853,RevenueFromContractsWithCustomers,ifrs/2018,20181231,4,CAD,SegmentConsolidationItems=WindandSolar;TimingOfTransferOfGoodsOrServices=GoodsOrServicesTransferredAtPointInTime;,,18000000.0,,q1,2020
0001558370-20-001602,SecuredDebt,us-gaap/2019,20200131,0,USD,,,4373900000.0,,q1,2020
0001553350-20-000128,SellingExpense,us-gaap/2019,20181231,2,USD,,,130000.0,,q1,2020
0001397187-20-000012,RetainedEarningsAccumulatedDeficit,us-gaap/2019,20200131,0,USD,,,1820637000.0,,q1,2020
0001373715-20-000072,ProceedsFromIssuanceOfWarrants,us-gaap/2018,20191231,4,USD,,,0.0,,q1,2020
0001193125-20-029990,PaymentsToAcquirePropertyPlantAndEquipment,us-gaap/2019,20191231,1,USD,,,2058000.0,,q1,2020
0001102993-20-000017,OtherComprehensiveIncomeLossNetOfTax,us-gaap/2019,20191231,4,USD,,,-93000.0,,q1,2020
0001193125-20-043133,PaymentsOfDividendsCommonStock,us-gaap/2019,20191231,4,USD,,,127496000.0,,q1,2020
0001137789-20-000015,OtherComprehensiveIncomeLossForeignCurrencyTransactionAndTranslationAdjustmentNetOfTax,us-gaap/2018,20181231,2,USD,,,-2000000.0,,q1,2020
0001104659-20-024065,NoninterestIncomeOther,us-gaap/2019,20171231,4,USD,,,2629000.0,,q1,2020
0001493152-20-000586,OperatingIncomeLoss,us-gaap/2019,20190331,4,USD,,,-3058545.0,,q1,2020
0001564590-20-006215,OperatingIncomeLoss,us-gaap/2019,20180630,1,USD,,,17003000.0,,q1,2020
0001193125-20-058202,OtherAssetsNoncurrent,us-gaap/2019,20181231,0,USD,,,31778000.0,,q1,2020
0000713676-20-000042,MaturitiesOfSubordinatedDebt,us-gaap/2019,20171231,4,USD,,,2758000000.0,,q1,2020
0000883237-20-000059,MinorityInterest,us-gaap/2019,20181231,0,USD,,,13958000.0,,q1,2020
0001558370-20-002520,NetCashProvidedByUsedInFinancingActivities,us-gaap/2019,20181231,4,USD,,,-21373723.0,,q1,2020
0001213900-20-006552,NotesPayableRelatedPartiesClassifiedCurrent,us-gaap/2019,20191231,0,USD,,,180000.0,,q1,2020
0001174947-20-000426,NetIncomeLoss,us-gaap/2019,20190331,4,USD,,,5160776.0,,q1,2020
0001387131-20-003381,NetIncomeLossAvailableToCommonStockholdersBasic,us-gaap/2019,20170630,1,USD,,,-11164000.0,,q1,2020
0001580670-20-000017,LiabilitiesAndStockholdersEquity,us-gaap/2019,20181231,0,USD,,,1395473000.0,,q1,2020
0000820027-20-000011,IncreaseDecreaseInOtherReceivables,us-gaap/2019,20191231,4,USD,,,-19000000.0,,q1,2020
0001628280-20-002214,IncreaseDecreaseThroughFinancingFromRelatedPartiesEquity,0001628280-20-002214,20171231,4,USD,,,-424000000.0,,q1,2020
0000929008-20-000013,PaymentsForRepurchaseOfCommonStock,us-gaap/2019,20171231,4,USD,ShareRepurchaseProgram=TreasuryStockCommon;,,100000000.0,,q1,2020
0001571949-20-000003,RevenueFromContractWithCustomerExcludingAssessedTax,us-gaap/2019,20181231,4,USD,ProductOrService=AgriculturalandMetalsFuturesandOptionsContracts;,,251000000.0,,q1,2020
0001062993-20-001433,PropertyPlantAndEquipment,ifrs/2019,20181231,0,USD,CarryingAmountAccumulatedDepreciationAmortisationAndImpairmentAndGrossCarryingAmount=GrossCarryingAmount;ClassesOfPropertyPlantAndEquipment=MiningPropertyDepletable;RealEstateAndAccumulatedDepreciationDescriptionOfProperty=LibertadMine;,,315569000.0,,q1,2020
0001575872-20-000062,ExcessCommonStockValue,0001575872-20-000062,20191231,0,USD,,,0.0,,q1,2020
0000940944-20-000014,GainLossOnSalesOfAssetsAndAssetImpairmentCharges,us-gaap/2019,20190228,1,USD,,,-1600000.0,,q1,2020
0001573516-20-000007,DeferredIncomeTaxesAndTaxCredits,us-gaap/2019,20191231,4,USD,ConsolidatedEntities=GuarantorSubsidiaries;ConsolidationItems=ReportableLegalEntities;,,0.0,,q1,2020
0000052827-20-000011,ProceedsFromIssuanceOfSharesUnderIncentiveAndShareBasedCompensationPlansIncludingStockOptions,us-gaap/2019,20171231,4,USD,ConsolidatedEntities=GuarantorSubsidiaries;ConsolidationItems=ReportableLegalEntities;,,0.0,,q1,2020
0001564590-20-009076,ProceedsFromMaturitiesPrepaymentsAndCallsOfAvailableForSaleSecurities,us-gaap/2019,20181231,4,USD,ConsolidatedEntities=GuarantorSubsidiaries;ConsolidationItems=ReportableLegalEntities;,,7600000.0,,q1,2020
0001292814-20-000888,IncreaseDecreaseThroughSharebasedPaymentTransactions,ifrs/2019,20191231,4,BRL,ComponentsOfEquity=RetainedEarnings;,,,,q1,2020
0001564590-20-009170,EarningsPerShareBasic,us-gaap/2019,20180930,1,USD,,,-0.6,,q1,2020
0001681903-20-000009,DeferredPolicyAcquisitionCosts,us-gaap/2018,20171231,0,USD,,,4592415.0,,q1,2020
0001137774-20-000065,ConversionofsurplusnotesintoCommonStock,0001137774-20-000065,20171231,4,USD,,,0.0,,q1,2020
0001493152-20-004642,DividendsCommonStock,us-gaap/2019,20180430,4,USD,,,1781000.0,,q1,2020
0001577670-20-000004,EarningsPerShareDiluted,us-gaap/2019,20191231,4,USD,,,1.15,,q1,2020
0001558370-20-001342,EarningsPerShareDiluted,us-gaap/2019,20180331,1,USD,,,0.53,,q1,2020
0001104659-20-021930,PreferredStockSharesAuthorized,us-gaap/2019,20190630,0,shares,ClassOfStock=SeriesAConvertiblePreferredStock;,,425000.0,,q1,2020
0001564590-20-010525,Deposits,us-gaap/2019,20191231,0,USD,,,497042000.0,,q1,2020
0001564590-20-010998,DepreciationDepletionAndAmortization,us-gaap/2019,20181231,4,USD,,,409000.0,,q1,2020
0001356576-20-000010,DeferredIncomeTaxAssetsNet,us-gaap/2019,20191231,0,USD,,,32063000.0,,q1,2020
0001552275-20-000007,IncomeLossFromDiscontinuedOperationsNetOfTaxPerOutstandingLimitedPartnershipUnitBasic,us-gaap/2019,20180331,1,USD,LimitedPartnersCapitalAccountByClass=CommonUnits;,,-2.63,,q1,2020
0001654954-20-002485,CommonUnitsRedeemedDuringPeriod,0001654954-20-002485,20171231,4,shares,LegalEntity=TeucriumAgriculturalFund;,TeucriumAgriculturalFund,0.0,,q1,2020
0001640334-20-000668,StockbasedCommissionAmount,0001640334-20-000668,20181231,4,USD,ComponentsOfEquity=OtherReserves;,,,,q1,2020
0001628280-20-003129,OperatingIncomeLoss,us-gaap/2018,20190131,3,USD,BusinessSegments=SupplyChainManagement;,,12021000.0,,q1,2020
0001020569-20-000029,NetCashProvidedByUsedInOperatingActivities,us-gaap/2019,20171231,4,USD,ConsolidatedEntities=ParentCompany;ConsolidationItems=ReportableLegalEntities;,,-203403000.0,,q1,2020
0001650107-20-000024,EquityAttributableToOwnersOfParent,ifrs/2019,20171231,0,EUR,ComponentsOfEquity=IssuedCapital;,,5000000.0,,q1,2020
0000059558-20-000012,ReinsuranceRecoverables,us-gaap/2019,20191231,0,USD,CededCreditRisk=Protective;,,11800000000.0,,q1,2020
0000787250-20-000005,IncomeTaxExpenseBenefit,us-gaap/2018,20191231,4,USD,ConsolidatedEntities=Subsidiaries;EquityComponents=AccumulatedNetGainLossFromDesignatedOrQualifyingCashFlowHedges;ReclassificationOutOfAccumulatedOtherComprehensiveIncome=ReclassificationOutOfAccumulatedOtherComprehensiveIncome;,,0.0,,q1,2020
0001002910-20-000077,IncomeTaxExpenseBenefit,us-gaap/2018,20181231,4,USD,BusinessSegments=AmerenIllinoisElectricDistribution;ConsolidationItems=OperatingSegments;LegalEntity=AmerenIllinoisCompany;,,41000000.0,,q1,2020
0001494448-20-000017,LifeSettlementContractsInvestmentMethodCarryingAmount,us-gaap/2019,20190531,0,USD,LitigationCase=AllstateCompanyandEmergentCapitalInc.;LitigationStatus=SettledLitigation;VariableInterestEntitiesByClassificationOfEntity=WhiteEagle;,,39100000.0,,q1,2020
0001477932-20-001612,OtherTaxExpenseBenefit,us-gaap/2019,20190930,1,USD,Restatement=AsRevised;,,-345364.0,,q1,2020
0001558370-20-002771,Goodwill,us-gaap/2018,20181231,0,USD,BusinessSegments=MortgageWarehousing;,,5000000.0,,q1,2020
0001564590-20-008211,AdjustmentsToAdditionalPaidInCapitalStockIssuedIssuanceCosts,us-gaap/2019,20191231,4,USD,BusinessAcquisition=Investments;EquityComponents=AdditionalPaidInCapital;,,10551000.0,,q1,2020
0000029332-20-000012,ProfitLoss,us-gaap/2019,20181231,4,USD,ClassOfStock=CommonClassB;,,0.0,,q1,2020
0001437749-20-000849,StockIssuedDuringPeriodSharesRestrictedStockAwardGross,us-gaap/2019,20181231,4,shares,EquityComponents=PreferredStock;,,,,q1,2020
0001654954-20-002078,PropertyPlantAndEquipmentNet,us-gaap/2019,20181130,0,USD,PropertyPlantAndEquipmentByType=ComputerEquipment;,,187424.0,,q1,2020
0000102752-20-000016,RevenueFromContractWithCustomerExcludingAssessedTax,us-gaap/2019,20171231,4,USD,Geographical=NonUs;,,51639000.0,,q1,2020
0001095073-20-000006,AvailableForSaleSecuritiesDebtSecuritiesMarketValue,0001095073-20-000006,20191231,0,USD,FairValueByAssetClass=CommercialMortgageBackedSecurities;FairValueByFairValueHierarchyLevel=FairValueInputsLevel1;,,,,q1,2020
0001104659-20-021555,PreferredStockSharesAuthorized,us-gaap/2019,20190930,0,shares,ClassOfStock=SeriesAPreferredStock;,,1000000.0,,q1,2020
0001166003-20-000028,OperatingIncomeLoss,us-gaap/2019,20181231,4,USD,ConsolidationItems=CorporateNonSegment;,,-158000000.0,,q1,2020
0001683168-20-000831,NetIncomeLoss,us-gaap/2019,20181231,4,USD,EquityComponents=RetainedEarnings;,,14862000.0,,q1,2020
0001558370-20-002146,PartnersCapitalAccountUnitBasedCompensation,us-gaap/2019,20181231,4,USD,EquityComponents=MemberUnits;,,883373.0,,q1,2020
0001104659-20-039282,StockIssuedDuringPeriodValueStockOptionsExercised,us-gaap/2019,20181231,4,USD,EquityComponents=CommonStock;,,0.0,,q1,2020
0001666700-20-000006,StockholdersEquityOther,us-gaap/2019,20191231,4,USD,EquityComponents=CommonStock;,,1000000.0,,q1,2020
0000844059-20-000010,StockIssuedDuringPeriodSharesOther,us-gaap/2019,20171231,4,shares,EquityComponents=CommonStock;,,10483.0,,q1,2020
0001564590-20-009724,MinorityInterestDecreaseFromRedemptions,us-gaap/2019,20181231,4,USD,EquityComponents=CommonStock;,,,,q1,2020
0001564590-20-003876,StockholdersEquityIncludingPortionAttributableToNoncontrollingInterest,us-gaap/2018,20181231,0,USD,EquityComponents=TreasuryStock;,,-1866000.0,,q1,2020
0001437749-20-003977,AdjustmentsRelatedToTaxWithholdingForShareBasedCompensation,us-gaap/2019,20181231,4,USD,EquityComponents=AccumulatedOtherComprehensiveIncome;,,0.0,,q1,2020
0001104659-20-024773,Revenues,us-gaap/2019,20190630,1,USD,BusinessSegments=TextronSystems;ConsolidatedEntities=SegmentManufacturingGroup;,,308000000.0,,q1,2020
0001748773-20-000007,PartnersCapitalIncludingPortionAttributableToNoncontrollingInterest,us-gaap/2019,20170331,0,USD,EquityComponents=MemberUnits;PartnerTypeOfPartnersCapitalAccount=LimitedPartner;,,154409000.0,,q1,2020
0001481832-20-000010,RealEstateInvestmentPropertyAccumulatedDepreciation,us-gaap/2018,20191231,0,USD,LegalEntity=Stonerise;,Stonerise,6722000.0,,q1,2020
0001558370-20-002428,EarningsPerShareBasic,us-gaap/2019,20180930,1,USD,,,0.13,,q1,2020
0001193125-20-090975,CashCashEquivalentsRestrictedCashAndRestrictedCashEquivalents,us-gaap/2019,20191231,0,CAD,ConsolidatedEntities=ParentCompany;ConsolidationItems=ReportableLegalEntities;,,-5000000.0,,q1,2020
0001728949-20-000011,Assets,us-gaap/2019,20190930,0,USD,BusinessSegments=Qtl;,,1541000000.0,,q1,2020
0001140361-20-003752,RevenueFromContractWithCustomerExcludingAssessedTax,us-gaap/2019,20171231,4,USD,ConsolidationItems=CorporateNonSegment;Geographical=AsiaPacific;,,0.0,,q1,2020
0001273931-20-000036,PreferredStockSharesIssued,us-gaap/2018,20161231,0,shares,ClassOfStock=SeriesDPreferredStock;,,71282.0,,q1,2020
0001628280-20-001155,CommonStockSharesAuthorized,us-gaap/2018,20190331,0,shares,,,200000000.0,,q1,2020
0001558370-20-002284,CommonStockSharesOutstanding,us-gaap/2019,20191231,0,shares,,,169539000.0,,q1,2020
0001493152-20-003829,CostOfGoodsAndServicesSold,us-gaap/2019,20200131,1,USD,,,9517301.0,,q1,2020
0001393311-20-000008,DevelopmentInProcess,us-gaap/2019,20161231,0,USD,,,230310000.0,,q1,2020
0000933136-20-000005,IncomeTaxExpenseBenefit,us-gaap/2019,20180731,2,USD,ConsolidatedEntities=SubsidiaryIssuer;ConsolidationItems=ReportableLegalEntities;,,48000000.0,,q1,2020
0000813762-20-000008,FinancialInstrumentsSoldNotYetPurchasedAtFairValue,us-gaap/2019,20181231,0,USD,BusinessSegments=InvestmentSegment;InvestmentSector=ConsumerNonCyclical;InvestmentType=EquitySecurities;,,57000000.0,,q1,2020
0001558370-20-002663,CertainLoansAcquiredInTransferNotAccountedForAsDebtSecuritiesCarryingAmountNet,us-gaap/2019,20181231,0,USD,CreditLossStatus=FinancialAssetAcquiredWithCreditDeterioration;,,38285000.0,,q1,2020
0001213900-20-005734,Revenues,us-gaap/2019,20191231,4,USD,ContractWithCustomerSalesChannel=Other;ProductOrService=Product;,,26859000.0,,q1,2020
0000808362-20-000003,DividendsCommonStockCash,us-gaap/2019,20181231,4,USD,Dividends=CashDividend;EquityComponents=RetainedEarnings;,,,,q1,2020
0001193125-20-042817,Revenue,ifrs/2019,20181231,4,GBP,GeographicalAreas=NorthAmerica;SegmentConsolidationItems=OperatingSegments;Segments=Legal;,,1083000000.0,,q1,2020
0001564590-20-006950,WeightedAverageNumberOfDilutedSharesOutstanding,us-gaap/2019,20190331,1,shares,ConsolidatedEntities=MptOperatingPartnershipLP;,,381675000.0,,q1,2020
0001564590-20-008692,NetIncomeLoss,us-gaap/2019,20181231,4,USD,BusinessAcquisition=CentralSteelAndWireCompany;,,58300000.0,,q1,2020
0001493152-20-001058,RevenueFromContractWithCustomerExcludingAssessedTax,us-gaap/2019,20191231,1,USD,ProductOrService=HotelRooms;,,12497000.0,,q1,2020
0001564590-20-008153,CostOfGoodsAndServicesSold,us-gaap/2019,20170531,2,USD,BusinessSegments=CommercialServicesSegment;ConsolidationItems=OperatingSegments;ProductOrService=Service;,,194000.0,,q1,2020
0001592386-20-000003,FiniteLivedIntangibleAssetsNet,us-gaap/2019,20191231,0,USD,BusinessAcquisition=InvestmentTechnologyGroupInc.;FiniteLivedIntangibleAssetsByMajorClass=TechnologyBasedIntangibleAssets;,,76000000.0,,q1,2020
0001564590-20-008129,FiniteLivedIntangibleAssetsNet,us-gaap/2019,20191231,0,USD,ConsolidatedEntities=NonGuarantorVariableInterestEntities;FiniteLivedIntangibleAssetsByMajorClass=ContractBasedIntangibleAssets;,,55378000.0,,q1,2020
0001437749-20-004062,NetIncomeLoss,us-gaap/2019,20171231,4,USD,EquityComponents=CommonStockIncludingAdditionalPaidInCapital;,,,,q1,2020
0001096906-20-000097,StockholdersEquityIncludingPortionAttributableToNoncontrollingInterest,us-gaap/2020,20200131,0,USD,ClassOfStock=PreferredClassB;,,52.0,,q1,2020
0001437749-20-002645,CashCashEquivalentsRestrictedCashAndRestrictedCashEquivalents,us-gaap/2019,20191231,0,USD,ConsolidationItems=ConsolidationEliminations;,,0.0,,q1,2020
0001219601-20-000006,AdjustmentsToAdditionalPaidInCapitalSharebasedCompensationRequisiteServicePeriodRecognitionValue,us-gaap/2019,20181231,4,USD,EquityComponents=Parent;,,27000000.0,,q1,2020
0001005276-20-000003,Assets,us-gaap/2018,20190930,0,USD,ConsolidationItems=CorporateNonSegment;,,912712000.0,,q1,2020
0000739421-20-000017,TaxCutsAndJobsActOf2017ReclassificationFromAociToRetainedEarningsTaxEffect,us-gaap/2019,20171231,4,USD,EquityComponents=AccumulatedNetUnrealizedInvestmentGainLoss;,,-45000.0,,q1,2020
0001193125-20-077067,InvestmentsForRiskOfPolicyholders,ifrs/2019,20181231,0,EUR,ClassesOfAssets=DebtSecurities;GeographicalAreas=GB;,,7259000000.0,,q1,2020
0001576018-20-000014,IncreaseDecreaseInUnearnedPremiumsNet,us-gaap/2018,20181231,4,USD,ConsolidatedEntities=ParentCompany;ConsolidationItems=ReportableLegalEntities;,,0.0,,q1,2020
0000006955-20-000003,ProceedsFromRepaymentsOfLinesOfCredit,us-gaap/2019,20191130,1,USD,ConsolidatedEntities=ParentCompany;ConsolidationItems=ReportableLegalEntities;,,-175000000.0,,q1,2020
0000842180-20-000006,DebtSecurities,ifrs/2019,20171231,0,EUR,Currencyaxis=IssuedinEuros;Debtsecuritiesissuedinstrumentsaxis=Subordinatedliabilities;,,8481000000.0,,q1,2020
0001564590-20-006172,RevenueFromContractWithCustomerIncludingAssessedTax,us-gaap/2019,20181231,4,USD,ProductOrService=InvestmentAdvisoryManagementAndAdministrativeService;,,25348000.0,,q1,2020
0001104659-20-032921,TrustCapitalAccount,0001104659-20-032921,20191231,0,USD,LegalEntity=UscfCrescentCryptoIndexFund;,UscfCrescentCryptoIndexFund,1000.0,,q1,2020
0001193125-20-091051,CashFlowsFromUsedInOperatingActivities,ifrs/2019,20191231,4,USD,SegmentConsolidationItems=AggregateMaterialReconcilingItems;,,-98596000.0,,q1,2020
0001213900-20-007917,InvestmentIncomeInvestmentExpense,us-gaap/2019,20191231,4,USD,ConsolidatedEntities=SeriesOfFrontierFunds;LegalEntity=MastersFund;,,227797.0,,q1,2020
0001564590-20-006373,RevenueFromContractWithCustomerExcludingAssessedTax,us-gaap/2019,20191231,4,USD,BusinessSegments=Enviroplex;ProductOrService=NonLeaseRevenues;,,39814000.0,,q1,2020
0001193125-20-044721,InvestmentOwnedBalanceContracts,us-gaap/2019,20181231,0,pure,ConsolidatedEntities=WisdomtreeContinuousCommodityIndexMasterFund;InvestmentSecondaryCategorization=SugarNumberElevenFuturesContractsLongExpirationDateFebruaryTwentyEightTwoThousandNineteen;InvestmentType=CommoditiesInvestment;,,224.0,,q1,2020
0001104659-20-027221,OtherCurrentFinancialLiabilities,ifrs/2019,20181231,0,USD,BusinessCombinations=BelatrixGlobalCorporationS.A.;,,0.0,,q1,2020
0001558370-20-003253,HeldToMaturitySecuritiesFairValue,us-gaap/2019,20181231,0,USD,FairValueByFairValueHierarchyLevel=FairValueInputsLevel2;FairValueByMeasurementBasis=EstimateOfFairValueFairValueDisclosure;,,121506000.0,,q1,2020
0001104659-20-030742,StockIssuedDuringPeriodSharesNewIssues,us-gaap/2019,20181231,4,shares,EquityComponents=PreferredStock;,,1114.0,,q1,2020
0001193125-20-082389,CashCashEquivalentsRestrictedCashAndRestrictedCashEquivalentsPeriodIncreaseDecreaseIncludingExchangeRateEffect,us-gaap/2019,20191231,4,USD,ConsolidationItems=ConsolidationEliminations;,,0.0,,q1,2020
0001104659-20-040345,PreferredStockSharesIssued,us-gaap/2019,20191231,0,shares,ClassOfStock=SeriesAPreferredStock;,,250000.0,,q1,2020
0000037996-20-000010,NotesReceivableNet,us-gaap/2019,20191231,0,USD,VariableInterestEntitiesByClassificationOfEntity=VariableInterestEntityPrimaryBeneficiary;,,58478000000.0,,q1,2020
0001751788-20-000007,PropertyPlantAndEquipmentNet,us-gaap/2019,20181231,0,USD,VariableInterestEntitiesByClassificationOfEntity=VariableInterestEntityPrimaryBeneficiary;,,683000000.0,,q1,2020
0000766704-20-000015,Revenues,us-gaap/2019,20191231,4,USD,ConsolidationItems=CorporateNonSegment;,,3966000.0,,q1,2020
0001104659-20-007578,NetContributionsFromFormerParent,0001104659-20-007578,20190630,1,USD,EquityComponents=RetainedEarnings;,,0.0,,q1,2020
0001104659-20-039282,StockholdersEquity,us-gaap/2019,20171231,0,USD,EquityComponents=RetainedEarnings;,,34736000.0,,q1,2020
0001213900-20-002309,StockIssuedDuringPeriodShareExerciseOfPrefundedCommonStockWarrants,0001213900-20-002309,20191231,4,shares,EquityComponents=CommonStock;,,201961.0,,q1,2020
0001425450-20-000023,StockIssuedDuringPeriodSharesRestrictedStockAwardNetOfForfeitures,us-gaap/2019,20191231,4,shares,EquityComponents=CommonStock;,,145153.0,,q1,2020
0001628280-20-002447,StockRepurchasedAndRetiredDuringPeriodValue,us-gaap/2019,20190930,1,USD,EquityComponents=CommonStock;,,0.0,,q1,2020
0001635282-20-000014,AdditionalPaidInCapital,us-gaap/2018,20191231,0,USD,,,93484000.0,,q1,2020
0000028917-20-000041,AdditionalPaidInCapitalCommonStock,us-gaap/2018,20200131,0,USD,,,951726000.0,,q1,2020
0001564590-20-010652,AdjustmentsToAdditionalPaidInCapitalTaxEffectFromShareBasedCompensation,us-gaap/2019,20171231,4,USD,,,261000.0,,q1,2020
0001193125-20-051019,AvailableForSaleSecuritiesEquitySecurities,us-gaap/2019,20191231,0,USD,ConsolidatedEntities=ParentGuarantor;ConsolidationItems=ReportableLegalEntities;,,0.0,,q1,2020
0001161154-20-000010,NetCashProvidedByUsedInInvestingActivities,us-gaap/2019,20171231,4,USD,LegalEntity=ParentGuarantor;Scenario=ProForma;,,-2240000000.0,,q1,2020
0001193125-20-068594,DerivativeFinancialAssets,ifrs/2019,20191231,0,GBP,ClassesOfFinancialAssets=InterestRateSwapContract;HedgingInstruments=DerivativesHeldForHedging;Measurement=AtFairValue;TypesOfHedges=FairValueHedges;,,1022000000.0,,q1,2020
0001628280-20-001686,EarningsPerShareBasic,us-gaap/2019,20190630,4,USD,,,-0.51,,q1,2020
0000868671-20-000032,NoninterestExpense,us-gaap/2018,20181231,4,USD,ConsolidatedEntities=ParentCompany;,,33074000.0,,q1,2020
0001637459-20-000027,CashCashEquivalentsRestrictedCashAndRestrictedCashEquivalentsPeriodIncreaseDecreaseIncludingExchangeRateEffect,us-gaap/2019,20191231,4,USD,ConsolidatedEntities=NonGuarantorSubsidiaries;ConsolidationItems=ReportableLegalEntities;,,-58000000.0,,q1,2020
0001628280-20-001590,GrossProfit,us-gaap/2019,20191231,4,USD,ConsolidatedEntities=NonGuarantorSubsidiaries;ConsolidationItems=ReportableLegalEntities;,,20718000.0,,q1,2020
0001628280-20-002743,LoansAndLeasesReceivableNetReportedAmount,us-gaap/2018,20181231,0,USD,AccountsNotesLoansAndFinancingReceivableByReceivableType=RetailReceivables;Geographical=LatinAmerica;,,1995000000.0,,q1,2020
0001564590-20-010472,AccountsPayableCurrent,us-gaap/2019,20181231,0,USD,ConsolidatedEntities=BasicManagementAndLandWell;,,2900000.0,,q1,2020
0001558370-20-002520,DepreciationDepletionAndAmortization,us-gaap/2019,20181231,4,USD,,,15568973.0,,q1,2020
0001193125-20-046696,RevenueFromContractWithCustomerExcludingAssessedTax,us-gaap/2019,20171231,4,USD,TimingOfTransferOfGoodOrService=TransferredAtPointInTime;,,543346000.0,,q1,2020
0001062993-20-001533,Revenue,ifrs/2018,20181231,4,CAD,CategoriesOfRelatedParties=Victoria;,,0.0,,q1,2020
0001060391-20-000016,RevenueFromContractWithCustomerExcludingAssessedTax,us-gaap/2019,20181231,4,USD,ProductOrService=TransferServiceLine;,,531100000.0,,q1,2020
0001193125-20-047353,RealEstateInvestmentPropertyAccumulatedDepreciation,us-gaap/2019,20191231,0,USD,RealEstateAndAccumulatedDepreciationDescriptionOfProperty=CStoreLansingMI;,,62000.0,,q1,2020
0001558370-20-001041,RevenueFromContractWithCustomerExcludingAssessedTax,us-gaap/2019,20191231,4,USD,BusinessSegments=NorthAmericaSegment;Subsegments=CrippleCreekAndVictorMine;,,445000000.0,,q1,2020
0000842180-20-000006,Debtinstrumentsheldfortrading,0000842180-20-000006,20191231,0,EUR,Financialassetsandliabilitiesheldfortradingdebtsecuritiesaxis=Otherdebtinstruments;,,872000000.0,,q1,2020
0001564590-20-012877,CostOfGoodsAndServicesSold,us-gaap/2019,20181231,4,USD,ProductOrService=CollaborativeDevelopmentServices;RelatedPartyTransaction=SOWThree;,,355631.0,,q1,2020
0001047340-20-000020,PropertyPlantAndEquipmentNet,us-gaap/2019,20181231,0,USD,Geographical=Europe;,,51400000.0,,q1,2020
0001492298-20-000007,OtherComprehensiveIncomeLossCashFlowHedgeGainLossAfterReclassificationAndTax,us-gaap/2019,20181231,4,USD,ConsolidationItems=ConsolidationEliminations;,,0.0,,q1,2020
0001558370-20-000728,StockholdersEquity,us-gaap/2019,20181231,0,USD,EquityComponents=AccumulatedNetGainLossFromDesignatedOrQualifyingCashFlowHedges;,,200000.0,,q1,2020
0001564590-20-010375,ProfitLoss,us-gaap/2019,20171031,3,USD,EquityComponents=MemberUnits;,,-5657000.0,,q1,2020
0000866368-20-000005,StockIssuedDuringPeriodValueStockOptionsExercised,us-gaap/2019,20181231,4,USD,EquityComponents=Parent;,,3010000.0,,q1,2020
0001564590-20-006973,RevenueFromContractWithCustomerExcludingAssessedTax,us-gaap/2019,20171231,4,USD,Geographical=US;,,852200000.0,,q1,2020
0001558370-20-000592,StockholdersEquityIncludingPortionAttributableToNoncontrollingInterest,us-gaap/2019,20190331,0,USD,EquityComponents=AccumulatedNetUnrealizedInvestmentGainLoss;,,12000.0,,q1,2020
0001230245-20-000031,StockholdersEquityIncludingPortionAttributableToNoncontrollingInterest,us-gaap/2019,20161231,0,USD,EquityComponents=RetainedEarnings;,,257188000.0,,q1,2020
0000927089-20-000131,NetIncomeLoss,us-gaap/2019,20191231,2,USD,EquityComponents=CommonStock;,,0.0,,q1,2020
0001437749-20-000431,StockholdersEquity,us-gaap/2019,20191130,0,USD,EquityComponents=CommonStock;,,2096000.0,,q1,2020
0001193125-20-020719,StockIssuedDuringPeriodValueStockOptionsExercised,us-gaap/2019,20191031,4,USD,EquityComponents=TreasuryStock;,,19710.0,,q1,2020
0001564590-20-006425,StockVestedDuringPeriodValueRestrictedStockPerformanceStockUnitsAndRestrictedStockUnits,0001564590-20-006425,20171231,4,USD,EquityComponents=TreasuryStock;,,-2816000.0,,q1,2020
0001437749-20-003270,TreasuryStockValueAcquiredCostMethod,us-gaap/2019,20191231,4,USD,EquityComponents=TreasuryStock;,,1522000.0,,q1,2020
0000105418-20-000007,StockholdersEquity,us-gaap/2019,20171231,0,USD,EquityComponents=AccumulatedOtherComprehensiveIncome;,,5880000.0,,q1,2020
0001047122-20-000009,StockholdersEquityIncludingPortionAttributableToNoncontrollingInterest,us-gaap/2019,20191231,0,USD,EquityComponents=AccumulatedOtherComprehensiveIncome;,,-9260000000.0,,q1,2020
0001568162-20-000007,StockIssuedDuringPeriodValueNewIssues,us-gaap/2019,20191231,4,USD,EquityComponents=AdditionalPaidInCapital;,,31579000.0,,q1,2020
0001104659-20-021555,AccountsPayableCurrent,us-gaap/2019,20191231,0,USD,,,5592000.0,,q1,2020
0000065984-20-000069,EscrowAccounts,0000065984-20-000069,20191231,0,USD,LegalEntity=EntergyMississippi;,EntergyMississippi,80201000.0,,q1,2020
0001628280-20-004390,DeferredTaxLiabilities,ifrs/2019,20191231,0,USD,TemporaryDifferenceUnusedTaxLossesAndUnusedTaxCredits=OntarioMiningTaxRelatedTemporaryDifferences;,,30729000.0,,q1,2020
0000315858-20-000029,RealEstateInvestmentsUnconsolidatedRealEstateAndOtherJointVentures,us-gaap/2018,20191231,0,USD,ScheduleOfEquityMethodInvestmentEquityMethodInvesteeName=AltisAtLakelineAustinInvestorsLlc;,,242000.0,,q1,2020
0000896159-20-000003,CashCashEquivalentsRestrictedCashAndRestrictedCashEquivalents,us-gaap/2019,20181231,0,USD,LegalEntity=OtherAceLimitedSubsidiariesAndEliminations;,OtherAceLimitedSubsidiariesAndEliminations,1989000000.0,,q1,2020
0001034054-20-000003,BusinessCombinationAcquisitionRelatedCostsAndAdjusments,0001034054-20-000003,20181231,4,USD,BusinessSegments=InternationalSiteLeasingRevenue;,,5693000.0,,q1,2020
0001104659-20-040587,ProceedsFromIssuanceOfCommonStock,us-gaap/2019,20200331,1,USD,SubsequentEventType=SubsequentEvent;SubsidiarySaleOfStock=PrivatePlacement;,,620000.0,,q1,2020
0001243429-20-000004,CashFlowsFromUsedInFinancingActivities,ifrs/2018,20171231,4,USD,SignificantInvestmentsInSubsidiaries=PJSCArcelorMittalKryvyiRih;,,0.0,,q1,2020
0001013871-20-000013,GainsLossesOnExtinguishmentOfDebt,us-gaap/2019,20171231,4,USD,ConsolidatedEntities=ParentCompany;,,-49000000.0,,q1,2020
0001206774-20-000650,IncreaseDecreaseInAccountsPayableAndOtherOperatingLiabilities,us-gaap/2019,20181231,4,USD,ConsolidatedEntities=ParentCompany;,,-22316000.0,,q1,2020
0000091576-20-000007,ShortTermInvestments,us-gaap/2019,20191231,0,USD,ConsolidatedEntities=ParentCompany;,,20000000.0,,q1,2020
0001504461-20-000013,DepreciationAndAmortization,us-gaap/2019,20191231,1,USD,ConsolidatedEntities=NonGuarantorSubsidiaries;ConsolidationItems=ReportableLegalEntities;,,3330000.0,,q1,2020
0001668428-20-000009,ProceedsFromSaleMaturityAndCollectionsOfInvestments,us-gaap/2019,20191231,4,USD,InformationByCategoryOfDebtSecurity=AvailableforsaleSecurities;,,4506000000.0,,q1,2020
0000906163-20-000026,Revenues,us-gaap/2018,20191231,4,USD,BusinessSegments=HomeBuilding;,,7220844000.0,,q1,2020
0001564590-20-009178,LoansAndLeasesReceivableGrossCarryingAmount,us-gaap/2019,20191231,0,USD,FinancingReceivablePortfolioSegment=HomeEquity;InternalCreditAssessment=UnlikelyToBeCollectedFinancingReceivable;,,0.0,,q1,2020
0000890547-20-000002,IncomeTaxExpenseBenefit,us-gaap/2019,20181231,4,USD,ConsolidatedEntities=Subsidiaries;ConsolidationItems=ReportableLegalEntities;LegalEntity=RevlonConsumerProductsCorporation;,,-10400000.0,,q1,2020
0001169445-20-000002,RevenueFromContractWithCustomerExcludingAssessedTax,us-gaap/2019,20181231,4,USD,BusinessSegments=AcuteCare;ConsolidationItems=OperatingSegments;ProductOrService=SystemSalesAndSupportRevenueRecurring;,,111936000.0,,q1,2020
0001002910-20-000077,NetIncomeLoss,us-gaap/2018,20181231,4,USD,BusinessSegments=AmerenIllinoisGas;ConsolidationItems=OperatingSegments;LegalEntity=AmerenIllinoisCompany;,,70000000.0,,q1,2020
0001739940-20-000006,NetCashProvidedByUsedInOperatingActivities,us-gaap/2019,20171231,4,USD,ConsolidatedEntities=OldCignaPreAcquisition;,,602000000.0,,q1,2020
0001213900-20-007917,SalesOfUsTreasurySecurities,0001213900-20-007917,20181231,4,USD,ConsolidatedEntities=SeriesOfFrontierFunds;LegalEntity=BalancedFund;,,2911825.0,,q1,2020
0000092122-20-000017,LongTermDebtMaturitiesRepaymentsOfPrincipalInYearFour,us-gaap/2019,20181231,0,USD,DebtInstrument=MaturityOfLongTermSeniorNotesAndDebtInYearFour;LegalEntity=GeorgiaPower;LongtermDebtType=SeniorNotes;,,100000000.0,,q1,2020
0001047469-20-001296,Liabilities,ifrs/2019,20191231,0,USD,SegmentConsolidationItems=OperatingSegments;Segments=InsuranceAndReinsuranceSegment;Subsegments1=FairfaxAsia;,,805100000.0,,q1,2020
0001564590-20-004218,NoninterestExpense,us-gaap/2019,20171231,4,USD,BusinessSegments=BankingSegment;ConsolidationItems=OperatingSegments;,,90632000.0,,q1,2020
0001628280-20-002536,ProfitLossAttributableToOwnersOfParent,ifrs/2019,20181231,4,USD,SegmentConsolidationItems=CentralPensionCostsSharebasedPaymentsInsurance;,,-90000000.0,,q1,2020
0001564590-20-011613,LoansAndLeasesReceivableAllowance,us-gaap/2019,20181231,0,USD,LoanRestructuringModification=RestructuredLoanModifiedThroughExtendedMaturityAndPaymentScheduleModification;,,2000.0,,q1,2020
0001558370-20-002267,PrepaidExpenseAndOtherAssetsCurrent,us-gaap/2019,20171231,0,USD,AdjustmentsForNewAccountingPronouncements=AccountingStandardsUpdate201602;NewAccountingPronouncementEarlyAdoption=AdjustmentsForNewAccountingPrincipleEarlyAdoption;Restatement=RestatementAdjustment;,,-3229000.0,,q1,2020
0001140361-20-004311,CurrentAssets,ifrs/2019,20191231,0,USD,SignificantInvestmentsInAssociates=AssociatesTen;,,10655000.0,"Windlectric Inc., the project entity, is owned 100% by Amherst Island Partnership which is accounted for under the equity method (Note 5).",q1,2020
0001493152-20-004848,NetIncomeLoss,us-gaap/2019,20181231,4,USD,EquityComponents=RetainedEarnings;,,-12713608.0,,q1,2020
0001104659-20-033198,StockIssuedDuringPeriodValueIssuedForServices,us-gaap/2019,20191231,4,USD,EquityComponents=RetainedEarnings;,,0.0,,q1,2020
0001104659-20-013529,NetIncomeLoss,us-gaap/2019,20190331,1,USD,EquityComponents=RetainedEarnings;,,-788000.0,,q1,2020
0001104659-20-026512,SharesOutstanding,us-gaap/2019,20180331,0,shares,EquityComponents=CommonStock;,,21034000.0,,q1,2020
0000804269-20-000006,StockholdersEquity,us-gaap/2019,20191231,0,USD,EquityComponents=CommonStock;,,0.0,,q1,2020
0001140361-20-005641,AdjustmentsToAdditionalPaidInCapitalFairValueEarnOut,0001140361-20-005641,20191231,4,USD,EquityComponents=AccumulatedOtherComprehensiveIncome;,,0.0,,q1,2020
0001560327-20-000046,SharesPaidForTaxWithholdingForShareBasedCompensation,us-gaap/2019,20171231,4,shares,EquityComponents=TreasuryStock;,,23000.0,,q1,2020
0000773840-20-000009,AdjustmentsToAdditionalPaidInCapitalSharebasedCompensationRequisiteServicePeriodRecognitionValue,us-gaap/2019,20181231,4,USD,EquityComponents=AdditionalPaidInCapital;,,175000000.0,,q1,2020
0001104659-20-039814,OtherExpenseByFunction,ifrs/2019,20181231,4,USD,SignificantInvestmentsInSubsidiaries=FairbanksGoldMiningInc;,,37900000.0,,q1,2020
0001185185-20-000068,InterestPayableCurrent,us-gaap/2019,20191231,0,USD,DebtInstrument=ConvertibleNotePayableOne;ShortTermDebtType=ConvertibleDebt;,,24291.0,,q1,2020
0001421517-20-000011,ShortTermInvestments,us-gaap/2019,20191231,0,USD,FairValueByMeasurementFrequency=FairValueMeasurementsRecurring;FinancialInstrument=USTreasurySecurities;,,2747000.0,,q1,2020
0001193125-20-077067,DeferredExpenses,0001193125-20-077067,20181231,0,EUR,GeographicalAreas=NL;,,66000000.0,,q1,2020
0001015328-20-000067,LoansAndLeasesReceivableNetOfDeferredIncome,us-gaap/2019,20191231,0,USD,FinancialInstrumentPerformanceStatus=PerformingFinancingReceivable;FinancingReceivablePortfolioSegment=CommercialPortfolioSegment;FinancingReceivableRecordedInvestmentByClassOfFinancingReceivable=PurchasedNonCoveredCommercial;,,28306000.0,,q1,2020
0001104659-20-013517,GainLossOnSaleOfBusiness,us-gaap/2019,20191231,1,USD,BusinessSegments=CoreBankingSegment;,,0.0,,q1,2020
0000860413-20-000054,LoansAndLeasesReceivableHeldForInvestment,0000860413-20-000054,20191231,0,USD,FinancingReceivableRecordedInvestmentByClassOfFinancingReceivable=ResidentialRealEstateConstructionFinancingReceivable;InternalCreditAssessment=SpecialMention;,,900000.0,,q1,2020
0001651717-20-000013,ComprehensiveIncome,ifrs/2019,20181231,4,EUR,,,178000000.0,,q1,2020
0001564590-20-005596,BusinessCombinationIntegrationRelatedCostsRecoveries,0001564590-20-005596,20181231,4,USD,,,11473000.0,,q1,2020
0001426945-20-000008,BusinessCombinationContingentConsiderationArrangementsChangeInAmountOfContingentConsiderationLiability1,us-gaap/2019,20181231,4,USD,,,410000.0,,q1,2020
0001564590-20-005742,Assets,us-gaap/2019,20181231,0,USD,,,12186525000.0,,q1,2020
0001104659-20-040373,CommitmentsAndContingencies,us-gaap/2019,20181231,0,USD,,,,,q1,2020
0001101302-20-000013,StockholdersEquityIncludingPortionAttributableToNoncontrollingInterest,us-gaap/2019,20161231,0,USD,,,899218000.0,,q1,2020
0001213900-20-005026,StockIssuedDuringPeriodValueIssuedForcommonStockAndWarrantsForCashDividends,0001213900-20-005026,20181231,1,USD,,,62000.0,,q1,2020
0000731766-20-000006,StockRepurchasedAndRetiredDuringPeriodShares,us-gaap/2019,20191231,4,shares,,,22000000.0,,q1,2020
0000916457-20-000007,TreasuryStockValueAcquiredCostMethod,us-gaap/2019,20171231,4,USD,,,8000000.0,,q1,2020
0001288847-20-000028,ResearchAndDevelopmentExpense,us-gaap/2019,20190331,1,USD,,,10546000.0,,q1,2020
0001590714-20-000023,ResearchAndDevelopmentExpense,us-gaap/2019,20191231,4,USD,,,42200000.0,,q1,2020
0001140361-20-004944,UnpaidInterestSettledInConnectionWithRelatedPartyFinancing,0001140361-20-004944,20171231,4,USD,,,0.0,,q1,2020
0001564590-20-009787,PreferredStockSharesAuthorized,us-gaap/2019,20191231,0,shares,,,10000000.0,,q1,2020
0001062822-20-000015,RevenueFromContractWithCustomerExcludingAssessedTax,us-gaap/2019,20181231,4,USD,,,26583000.0,,q1,2020
0000021665-20-000004,RevenueFromContractWithCustomerExcludingAssessedTax,us-gaap/2019,20180630,1,USD,,,3886000000.0,,q1,2020
0001672909-20-000007,RestrictedCashNoncurrent,us-gaap/2019,20181231,0,USD,,,1250000.0,,q1,2020
0001564590-20-005717,RevenueFromContractWithCustomerExcludingAssessedTax,us-gaap/2019,20180331,1,USD,,,1700436000.0,,q1,2020
0001370880-20-000008,RepaymentsOfConvertibleDebt,us-gaap/2019,20181231,4,USD,,,286817000.0,,q1,2020
0001193125-20-073092,ProceedsFromConvertibleDebtNetOfIssuanceCost,0001193125-20-073092,20171231,4,CNY,,,8463000000.0,,q1,2020
0001326160-20-000034,IncomeLossFromContinuingOperationsBeforeIncomeTaxesExtraordinaryItemsNoncontrollingInterest,us-gaap/2019,20191231,4,USD,LegalEntity=DukeEnergyCarolinas;,DukeEnergyCarolinas,1714000000.0,,q1,2020
0001683168-20-000704,GrossProfit,us-gaap/2018,20170430,2,USD,BusinessSegments=PatientReferralandProductSales;,,585.0,,q1,2020
0001628280-20-001590,OperatingIncomeLoss,us-gaap/2019,20171231,4,USD,ConsolidatedEntities=SubsidiaryIssuer;ConsolidationItems=ReportableLegalEntities;,,-207000.0,,q1,2020
0001628280-20-002543,CustomerAdvancesCurrent,us-gaap/2019,20181231,0,USD,ConsolidatedEntities=SubsidiaryIssuer;,,2200000.0,,q1,2020
0000746838-20-000059,CostOfRevenue,us-gaap/2019,20181231,4,USD,BusinessSegments=Technology;,,128200000.0,,q1,2020
0001493152-20-004285,OtherComprehensiveIncomeForeignCurrencyTransactionAndTranslationGainLossArisingDuringPeriodNetOfTax,us-gaap/2019,20190630,1,USD,EquityComponents=SubscriptionsReceivable;,,,,q1,2020
0001062993-20-001084,Assets,ifrs/2018,20191231,0,USD,ClassesOfAssets=EmbeddedDerivativeFinancialInstruments1;LevelsOfFairValueHierarchy=Level1OfFairValueHierarchy;Measurement=RecurringFairValueMeasurement;,,0.0,,q1,2020
0001443646-20-000022,RevenueFromContractWithCustomerExcludingAssessedTax,us-gaap/2019,20181231,1,USD,ContractWithCustomerSalesChannel=SalesChannelDirectlyToConsumer;,,1534912000.0,,q1,2020
0001462418-20-000016,CashCashEquivalentsRestrictedCashAndRestrictedCashEquivalents,us-gaap/2019,20171231,0,USD,,,108843000.0,,q1,2020
0001104659-20-041137,CashFlowsFromUsedInOperations,ifrs/2019,20171231,4,BRL,,,79323000.0,,q1,2020
0001213900-20-005987,CashAndCashEquivalentsAtCarryingValue,us-gaap/2019,20190131,0,USD,,,,,q1,2020
0001564590-20-003773,CashAndCashEquivalentsAtCarryingValue,us-gaap/2019,20191231,0,USD,,,112279000.0,,q1,2020
0001562762-20-000049,AdjustmentsForDividendIncome,ifrs/2019,20171231,4,GBP,ConsolidatedEntities=ParentCompany;,,0.0,,q1,2020
0001653477-20-000014,AccruedLiabilitiesCurrent,us-gaap/2019,20191231,0,USD,,,33300000.0,,q1,2020
0001014739-20-000013,AdjustmentsToAdditionalPaidInCapitalSharebasedCompensationRequisiteServicePeriodRecognitionValue,us-gaap/2019,20191231,4,USD,,,4170000.0,,q1,2020
0001562762-20-000111,ComprehensiveIncomeNetOfTax,us-gaap/2018,20171231,4,USD,,,52920000.0,,q1,2020
0001193125-20-071771,AdjustmentsToAdditionalPaidInCapitalSharebasedCompensationRequisiteServicePeriodRecognitionValue,us-gaap/2019,20181231,4,USD,EquityComponents=AdditionalPaidInCapital;,,543000.0,,q1,2020
0001564590-20-007568,StockIssuedDuringPeriodValueNewIssues,us-gaap/2019,20171231,4,USD,,,147993274.0,,q1,2020
0001131554-20-000025,StockIssuedDuringPeriodValueStockOptionsExercised,us-gaap/2018,20171231,4,USD,,,2460000.0,,q1,2020
0001471265-20-000016,StockIssuedDuringPeriodValueStockOptionsExercised,us-gaap/2019,20171231,4,USD,,,7001000.0,,q1,2020
0001564590-20-010837,StockIssuedDuringPeriodValueStockOptionsExercised,us-gaap/2019,20181231,4,USD,,,159000.0,,q1,2020
0001628280-20-004393,TradeAndOtherCurrentPayables,ifrs/2019,20190630,0,GBP,,,48502000.0,,q1,2020
0001381197-20-000006,SecuritiesReserveDepositRequiredAndMade,us-gaap/2019,20191231,0,USD,FairValueByFairValueHierarchyLevel=FairValueInputsLevel2;,,14027000000.0,,q1,2020
0000019584-20-000006,InterestExpense,us-gaap/2019,20171231,4,USD,ConsolidationItems=OperatingSegments;,,511000.0,,q1,2020
0001373670-20-000005,AdjustmentsRelatedToTaxWithholdingForShareBasedCompensation,us-gaap/2019,20171231,4,USD,EquityComponents=AdditionalPaidInCapital;,,-585000.0,,q1,2020
0001158463-20-000012,RevenueFromContractWithCustomerExcludingAssessedTax,us-gaap/2019,20181231,1,USD,,,1968000000.0,,q1,2020
0001558370-20-002153,Revenues,us-gaap/2018,20180930,1,USD,,,40448000.0,,q1,2020
0001437749-20-004691,PreferredStockSharesAuthorized,us-gaap/2019,20181231,0,shares,,,1000000.0,,q1,2020
0001437749-20-002612,PrepaidExpenseCurrent,us-gaap/2019,20190930,0,USD,,,351000.0,,q1,2020
0001193125-20-057751,PaymentsForOriginationAndPurchasesOfLoansHeldForSale,us-gaap/2019,20191231,4,USD,,,8896000000.0,,q1,2020
0001548123-20-000040,OperatingExpenses,us-gaap/2019,20191231,4,USD,,,1019430.0,,q1,2020
0000091419-20-000012,OtherComprehensiveIncomeLossNetOfTaxPortionAttributableToParent,us-gaap/2018,20190131,1,USD,,,-36900000.0,,q1,2020
0001516912-20-000020,OtherComprehensiveIncomeLossReclassificationAdjustmentFromAOCIForSaleOfSecuritiesBeforeTax,us-gaap/2019,20191231,4,USD,,,20000.0,,q1,2020
0001678848-20-000004,NetCashProvidedByUsedInOperatingActivities,us-gaap/2019,20181231,2,USD,,,-12390.0,,q1,2020
0001564590-20-014215,LongTermLoansPayable,us-gaap/2018,20190630,0,USD,,,13211000.0,,q1,2020
0001175454-20-000008,AmortizationOfIntangibleAssetsAndInvestmentIncomeAmortizationOfPremium,0001175454-20-000008,20171231,4,USD,,,217961000.0,,q1,2020
0001552275-20-000007,IncomeLossFromDiscontinuedOperationsNetOfTaxPerOutstandingLimitedPartnershipUnitBasic,us-gaap/2019,20181231,4,USD,EquityComponents=CommonUnits;,,-3.14,,q1,2020
0001214659-20-002127,LlcMembershipInterestSharesOutstanding,0001214659-20-002127,20171231,0,shares,PartnerCapitalComponents=SharesOfLlcInterest;,,830.5577,,q1,2020
0000092380-20-000024,IncomeTaxExpenseBenefit,us-gaap/2019,20191231,4,USD,AccumulatedOtherComprehensiveIncomeLossNetOfTax=InterestRateSwap;ReclassificationOutOfAccumulatedOtherComprehensiveIncome=ReclassificationOutOfAccumulatedOtherComprehensiveIncome;,,1000000.0,,q1,2020
0001628280-20-001083,TaxReceivableAgreementLiability,0001628280-20-001083,20191231,0,USD,BalanceSheetLocation=AccountsPayableAndAccruedLiabilities;TypeOfArrangement=TaxReceivableAgreement;,,0.0,,q1,2020
0001071236-20-000018,LoansAndLeasesReceivableGrossCarryingAmount,us-gaap/2019,20191231,0,USD,InternalCreditAssessment=UnlikelyToBeCollectedFinancingReceivable;,,0.0,,q1,2020
0001635261-20-000009,CashAndDueFromBanks,us-gaap/2019,20181231,0,USD,,,1558000.0,,q1,2020
0001104659-20-039814,NoncurrentInvestmentsInEquityInstrumentsDesignatedAtFairValueThroughOtherComprehensiveIncome,ifrs/2019,20191231,0,USD,ConsolidationItems=SubsidiaryIssuer;,,116500000.0,,q1,2020
0001650729-20-000004,CommonStockParOrStatedValuePerShare,us-gaap/2019,20181231,0,USD,ConsolidatedEntities=ParentCompany;,,0.01,,q1,2020
0001564590-20-005182,AdjustmentsToAdditionalPaidInCapitalSharebasedCompensationRequisiteServicePeriodRecognitionValue,us-gaap/2019,20181231,4,USD,,,140000000.0,,q1,2020
0001439095-20-000015,Assets,us-gaap/2019,20181231,0,USD,,,2434000000.0,,q1,2020
0001065696-20-000008,CashAndCashEquivalentsContinuingOperations,0001065696-20-000008,20171231,0,USD,,,279766000.0,,q1,2020
0001444838-20-000003,CommitmentsAndContingencies,us-gaap/2019,20191231,0,USD,,,,,q1,2020
0000875045-20-000005,TreasuryStockValueAcquiredCostMethod,us-gaap/2019,20181231,4,USD,,,3000000000.0,,q1,2020
0001029831-20-000006,AdjustmentsToAdditionalPaidInCapitalSharebasedCompensationRequisiteServicePeriodRecognitionValue,us-gaap/2019,20171231,4,USD,EquityComponents=AdditionalPaidInCapital;,,2484000.0,,q1,2020
0001262039-20-000011,WeightedAverageNumberOfDilutedSharesOutstanding,us-gaap/2019,20191231,4,shares,,,175000000.0,,q1,2020
0001636222-20-000036,WeightedAverageNumberOfDilutedSharesOutstanding,us-gaap/2019,20180630,1,shares,,,29528000.0,,q1,2020
0001022408-20-000004,StockIssuedDuringPeriodValueRestrictedStockAwardNetOfForfeitures,us-gaap/2019,20181231,1,USD,,,0.0,,q1,2020
0001545772-20-000007,Revenue,ifrs/2019,20181231,4,USD,,,7239000000.0,,q1,2020
0001437749-20-002308,SalesDiscountsNoncash,0001437749-20-002308,20181231,2,USD,,,490000.0,,q1,2020
0001289419-20-000041,ShareBasedCompensation,us-gaap/2019,20181231,4,USD,,,31700000.0,,q1,2020
0001564590-20-008689,StockGrantedDuringPeriodValueSharebasedCompensation,us-gaap/2019,20191231,4,USD,,,2114000.0,,q1,2020
0001665918-20-000012,RepaymentOfIndustrialRevenueBonds,0001665918-20-000012,20191231,4,USD,,,0.0,,q1,2020
0001558370-20-002742,ProceedsFromSaleOfMortgageLoansHeldForSale,us-gaap/2019,20191231,4,USD,,,44281000.0,,q1,2020
0001564590-20-003880,PaymentsOfStockIssuanceCosts,us-gaap/2019,20190930,3,USD,,,0.0,,q1,2020
0001489393-20-000009,ProceedsFromSaleOfEquitySecurities,0001489393-20-000009,20171231,4,USD,,,0.0,,q1,2020
0000919574-20-002636,PaymentsToFundLongtermLoansToRelatedParties,us-gaap/2019,20191231,4,USD,,,0.0,,q1,2020
0001140361-20-007545,PreferredStockSharesIssued,us-gaap/2019,20191231,0,shares,,,,,q1,2020
0001437749-20-004836,ProceedsFromIssuanceOfCommonStock,us-gaap/2019,20191231,4,USD,,,4856000.0,,q1,2020
0001628369-20-000014,OtherComprehensiveIncomeLossNetOfTax,us-gaap/2019,20191231,4,USD,,,-88400000.0,,q1,2020
0000040888-20-000003,OtherOperatingIncomeExpenseNet,us-gaap/2019,20171231,4,USD,,,300000.0,,q1,2020
0000887733-20-000004,OtherComprehensiveIncomeLossForeignCurrencyTransactionAndTranslationAdjustmentNetOfTax,us-gaap/2019,20191231,1,USD,,,436000.0,,q1,2020
0001433642-20-000012,PaymentsToAcquireNotesReceivable,us-gaap/2018,20191231,3,USD,,,157000.0,,q1,2020
0000914025-20-000010,OtherComprehensiveIncomeLossTaxPortionAttributableToParent1,us-gaap/2019,20191231,1,USD,,,-81000.0,,q1,2020
0000896262-20-000006,NetIncomeLossAttributableToNoncontrollingInterest,us-gaap/2018,20191231,4,USD,,,1074000.0,,q1,2020
0000107687-20-000012,OtherComprehensiveIncomeLossCashFlowHedgeGainLossAfterReclassificationTax,us-gaap/2019,20200229,2,USD,,,22000.0,,q1,2020
0000024090-20-000016,EarningsPerShareBasicAndDiluted,us-gaap/2019,20180630,1,USD,ClassOfStock=CommonClassB;,,-0.03,,q1,2020
0001178913-20-000863,Inventories,ifrs/2019,20191231,0,USD,Currency=USD;,,20703000.0,,q1,2020
0001104659-20-033398,OperatingIncomeLoss,us-gaap/2019,20191231,4,USD,BusinessSegments=Retail;,,1820077.0,,q1,2020
0001558370-20-001651,LoansHeldForInvestmentAllowance,0001558370-20-001651,20181231,0,USD,FinancingReceivableRecordedInvestmentByClassOfFinancingReceivable=ConsumerPortfolioSegment;,,267000.0,,q1,2020
0001029831-20-000006,ProceedsFromLinesOfCredit,us-gaap/2019,20191031,0,USD,LongtermDebtType=RevolvingCreditFacility;,,100000000.0,,q1,2020
0001584509-20-000044,InventoryNet,us-gaap/2019,20190930,0,USD,ConsolidationItems=ConsolidationEliminations;,,0.0,,q1,2020
0000764180-20-000018,ProceedsFromPaymentsForOtherFinancingActivities,us-gaap/2019,20191231,4,USD,ConsolidationItems=ConsolidationEliminations;,,0.0,,q1,2020
0000320017-20-000016,StockholdersEquityIncludingPortionAttributableToNoncontrollingInterest,us-gaap/2019,20171231,0,USD,EquityComponents=Parent;,,50507000.0,,q1,2020
0001628280-20-002098,DividendsCash,us-gaap/2019,20171231,4,USD,EquityComponents=RetainedEarnings;,,42200000.0,,q1,2020
0001493152-20-003978,StockholdersEquity,us-gaap/2019,20181231,0,USD,EquityComponents=CommonStock;,,799.0,,q1,2020
0000055785-20-000016,TreasuryStockValueAcquiredCostMethod,us-gaap/2018,20171231,4,USD,EquityComponents=TreasuryStock;,,927000000.0,,q1,2020
0000107263-20-000005,NoncontrollingInterestIncreaseFromSaleOfParentEquityInterest,us-gaap/2019,20171231,4,USD,EquityComponents=AccumulatedOtherComprehensiveIncome;,,0.0,,q1,2020
0000886835-20-000004,AccountsReceivableNetCurrent,us-gaap/2019,20191231,0,USD,,,332047000.0,,q1,2020
0001413329-20-000007,AccountsReceivableNetCurrent,us-gaap/2019,20181231,0,USD,,,2950000000.0,,q1,2020
0000851205-20-000002,AccretionAmortizationOfDiscountsAndPremiumsInvestments,us-gaap/2018,20171231,4,USD,,,-205000.0,,q1,2020
0001062993-20-001084,AccumulatedOtherComprehensiveIncome,ifrs/2018,20181231,0,USD,,,-58800000.0,,q1,2020
0001138639-20-000029,DebtCurrent,us-gaap/2019,20181231,0,USD,,,0.0,,q1,2020
0000096943-20-000017,CostOfGoodsAndServicesSold,us-gaap/2019,20171231,4,USD,,,974501000.0,,q1,2020
0001213900-20-003785,Deposits,us-gaap/2019,20190630,0,USD,,,195836000.0,,q1,2020
0001494319-20-000009,DeferredIncomeTaxAssetsNet,us-gaap/2019,20191231,0,USD,,,21300000.0,,q1,2020
0001534504-20-000030,PaymentForContingentConsiderationLiabilityInvestingActivities,us-gaap/2018,20171231,4,USD,LegalEntity=PbfLlc;,PbfLlc,0.0,,q1,2020
0000916540-20-000007,IntangibleAssetsNetExcludingGoodwill,us-gaap/2019,20191231,0,USD,ConsolidatedEntities=NonGuarantorSubsidiaries;,,311409000.0,,q1,2020
0000712034-20-000013,Depreciation,us-gaap/2019,20191231,4,USD,BusinessSegments=AccoBrandsNorthAmerica;,,17300000.0,,q1,2020
0001104659-20-027221,PropertyPlantAndEquipment,ifrs/2019,20191231,0,USD,ClassesOfPropertyPlantAndEquipment=OfficeEquipment;,,20067000.0,,q1,2020
0001437749-20-001469,CashAndCashEquivalentsPeriodIncreaseDecrease,us-gaap/2019,20181231,1,USD,,,13235000.0,,q1,2020
0000913778-20-000003,PartnersCapital,us-gaap/2019,20180331,0,USD,TaxCreditSeries=SeriesThirty;,,-1236200.0,,q1,2020
0001564590-20-008151,CashCashEquivalentsRestrictedCashAndRestrictedCashEquivalentsIncludingDisposalGroupAndDiscontinuedOperations,us-gaap/2019,20191231,0,USD,ConsolidatedEntities=ParentCompany;,,24883000.0,,q1,2020
0001213900-20-002171,ComprehensiveIncomeNetOfTax,us-gaap/2019,20181031,1,USD,,,1017066.0,,q1,2020
0000062709-20-000010,AdjustmentsToAdditionalPaidInCapitalSharebasedCompensationRequisiteServicePeriodRecognitionValue,us-gaap/2019,20181231,4,USD,EquityComponents=AdditionalPaidInCapital;,,66000000.0,,q1,2020
0001606909-20-000018,StockholdersEquityIncludingPortionAttributableToNoncontrollingInterest,us-gaap/2019,20171231,0,USD,EquityComponents=AdditionalPaidInCapital;,,154943728.0,,q1,2020
0001477932-20-000448,StockholdersEquityNoteSubscriptionsReceivable,us-gaap/2019,20190930,0,USD,,,,,q1,2020
0001019056-20-000013,StockIssuedDuringPeriodValueNewIssues,us-gaap/2019,20190930,4,USD,,,28000.0,,q1,2020
0001564590-20-013258,StraightLineRentAdjustments,us-gaap/2019,20191231,4,USD,,,733000.0,,q1,2020
0001564590-20-005365,TimeDeposits,us-gaap/2019,20191231,0,USD,,,5757456000.0,,q1,2020
0001558370-20-002569,TreasuryStockShares,us-gaap/2019,20191231,0,shares,,,925364.0,,q1,2020
0000310826-20-000016,AssetsRelatedToSeparateAccountsVariableUniversalLife,0000310826-20-000016,20181231,0,USD,FairValueByFairValueHierarchyLevel=FairValueInputsLevel3;FairValueByMeasurementFrequency=FairValueMeasurementsRecurring;,,0.0,,q1,2020
0001104659-20-019849,PropertyPlantAndEquipmentNet,us-gaap/2019,20190930,0,USD,,,16815201.0,,q1,2020
0001564590-20-002415,PropertyPlantAndEquipmentNet,us-gaap/2019,20190930,0,USD,,,573600000.0,,q1,2020
0001307748-20-000020,RevenueFromContractWithCustomerExcludingAssessedTax,us-gaap/2019,20181231,1,USD,,,57256000.0,,q1,2020
0001193125-20-049115,ProceedsFromIssuanceOfConvertibleSeniorNotesNetOfIssuanceCosts,0001193125-20-049115,20181231,4,USD,,,166885000.0,,q1,2020
0000931336-20-000006,RepaymentsOfOtherDebt,us-gaap/2019,20171231,4,USD,,,2360000000.0,,q1,2020
0001493152-20-001273,RetainedEarningsAccumulatedDeficit,us-gaap/2019,20180930,0,USD,,,-22974740.0,,q1,2020
0001539894-20-000015,PaymentsToAcquireAvailableForSaleSecuritiesDebt,us-gaap/2018,20180331,1,USD,,,21452000.0,,q1,2020
0001558370-20-002561,PaymentsToAcquireAvailableForSaleSecuritiesDebt,us-gaap/2018,20191231,4,USD,,,8725000.0,,q1,2020
0001564590-20-007570,PaymentsOfCapitalDistribution,us-gaap/2019,20191231,4,USD,,,975509.0,,q1,2020
0000921082-20-000004,PaymentsOfStockIssuanceCosts,us-gaap/2019,20171231,4,USD,,,1283000.0,,q1,2020
0001564618-20-000025,OtherLiabilities,us-gaap/2019,20181231,0,USD,,,50570000.0,,q1,2020
0000018926-20-000009,OtherLiabilitiesCurrent,us-gaap/2019,20191231,0,USD,,,386000000.0,,q1,2020
0001564590-20-010058,OtherComprehensiveIncomeUnrealizedHoldingGainLossOnSecuritiesArisingDuringPeriodNetOfTax,us-gaap/2018,20181231,4,USD,,,157000.0,,q1,2020
0001564590-20-002901,OtherLiabilitiesNoncurrent,us-gaap/2019,20190930,0,USD,,,1053900000.0,,q1,2020
0000823277-20-000006,NetIncomeLossAttributableToNoncontrollingInterest,us-gaap/2019,20181130,1,USD,,,-389000.0,,q1,2020
0001214659-20-002132,OilAndGasPropertySuccessfulEffortMethodAccumulatedDepreciationDepletionAndAmortization,us-gaap/2019,20181231,0,USD,,,25525000.0,,q1,2020
0001564590-20-004829,OtherComprehensiveIncomeLossCashFlowHedgeGainLossAfterReclassificationAndTaxParent,us-gaap/2019,20191231,4,USD,,,-9000000.0,,q1,2020
0001564590-20-013794,NonCashSettlementRestrictedStockUnitAwardLiability,0001564590-20-013794,20191231,4,USD,,,201000.0,,q1,2020
0001558370-20-001666,NetIncomeLoss,us-gaap/2019,20190630,1,USD,,,243276000.0,,q1,2020
0001140361-20-005108,NetCashProvidedByUsedInFinancingActivities,us-gaap/2019,20171231,4,USD,,,7453000.0,,q1,2020
0001640334-20-000037,NetCashProvidedByUsedInFinancingActivities,us-gaap/2019,20180630,2,USD,,,177388.0,,q1,2020
0001193125-20-084305,NoncurrentProvisionsForEmployeeBenefits,ifrs/2019,20181231,0,EUR,,,131000.0,,q1,2020
0001564590-20-004355,NonoperatingIncomeExpense,us-gaap/2019,20181231,4,USD,,,-5485000.0,,q1,2020
0001564590-20-005266,NetIncomeLoss,us-gaap/2019,20180930,1,USD,,,103858000.0,,q1,2020
0001166928-20-000013,Liabilities,us-gaap/2019,20191231,0,USD,,,2261871000.0,,q1,2020
0001104659-20-039594,IncreaseDecreaseInPrepaidDeferredExpenseAndOtherAssets,us-gaap/2019,20181231,3,USD,,,-2352000.0,,q1,2020
0000717588-20-000012,IncomeTaxesPaid,us-gaap/2019,20161231,4,USD,,,,,q1,2020
0001628280-20-002560,IncreaseDecreaseInOperatingCapital,us-gaap/2019,20171231,4,USD,,,-33506000.0,,q1,2020
0001038773-20-000062,InformationTechnologyAndDataProcessing,us-gaap/2019,20181231,4,USD,,,1906000.0,,q1,2020
0001437749-20-001555,IncomeTaxExpenseBenefit,us-gaap/2019,20181231,1,USD,,,-499000.0,,q1,2020
0001213900-20-006629,IncomeLossFromContinuingOperationsPerBasicAndDilutedShare,us-gaap/2019,20190930,1,USD,,,-1.85,,q1,2020
0001564590-20-002838,IncreaseDecreaseInContractWithCustomerAsset,us-gaap/2019,20191231,3,USD,,,6799000.0,,q1,2020
0000917273-20-000005,IncreaseDecreaseInPrepaidDeferredExpenseAndOtherAssets,us-gaap/2018,20181231,4,USD,,,4084000.0,,q1,2020
0000072741-20-000008,EquityMethodInvestments,us-gaap/2019,20191231,0,USD,ScheduleOfEquityMethodInvestmentEquityMethodInvesteeName=OffshoreWindBusinessNorthEastOffshoreAndBayStateWind;,,649300000.0,,q1,2020
0001140361-20-004146,IncreaseDecreaseInAccountsPayable,us-gaap/2019,20181231,4,USD,,,69600000.0,,q1,2020
0001628280-20-001784,GainLossFromInvestingActivities,0001628280-20-001784,20191231,4,USD,,,399000000.0,,q1,2020
0001564590-20-007473,IncomeLossFromDiscontinuedOperationsNetOfTaxAttributableToReportingEntity,us-gaap/2019,20180630,1,USD,,,2165000.0,,q1,2020
0001558370-20-001041,RevenueFromContractWithCustomerExcludingAssessedTax,us-gaap/2019,20191231,4,USD,BusinessSegments=NevadaSegment;ConsolidationItems=OperatingSegments;Subsegments=Phoenix;,,195000000.0,,q1,2020
0001558370-20-002390,InvestmentOwnedPercentOfNetAssets,us-gaap/2018,20181231,0,pure,ClassOfStock=GlobalTwoClass;InvestmentByTertiaryType=Energy;Investments=OpenShortContracts;InvestmentSecondaryCategorization=USFuturesPositions;InvestmentType=FuturesContracts;,,0.0027,,q1,2020
0001304280-20-000007,NetCashProvidedByUsedInInvestingActivities,us-gaap/2018,20181231,3,USD,,,-434000000.0,,q1,2020
0001606498-20-000018,Liabilities,us-gaap/2019,20191231,0,USD,,,534400000.0,,q1,2020
0001654954-20-002505,MiscellaneousOtherOperatingExpense,ifrs/2019,20191231,4,USD,,,166900000.0,,q1,2020
0001666071-20-000054,LiabilitiesAndStockholdersEquity,us-gaap/2018,20181231,0,USD,,,153763000.0,,q1,2020
0001483798-20-000033,LiabilitiesAndStockholdersEquity,us-gaap/2019,20121231,0,USD,,,0.0,,q1,2020
0001437749-20-004519,LiabilitiesAndStockholdersEquity,us-gaap/2019,20181231,0,USD,,,417157877.0,,q1,2020
0001576018-20-000014,InterestExpenseDomesticDepositLiabilities,us-gaap/2018,20171231,4,USD,,,2800000.0,,q1,2020
0001628280-20-001914,InventoryGross,us-gaap/2019,20191231,0,USD,,,277900000.0,,q1,2020
0001437749-20-001481,IncreaseDecreaseInPrepaidDeferredExpenseAndOtherAssets,us-gaap/2019,20180930,3,USD,,,-266622.0,,q1,2020
0001552781-20-000182,InterestIncomeExpenseNet,us-gaap/2019,20171231,1,USD,,,8057000.0,,q1,2020
0001558370-20-002617,InterestIncomeExpenseNet,us-gaap/2019,20190630,1,USD,,,53946000.0,,q1,2020
0001681459-20-000004,IncomeTaxExpenseBenefit,us-gaap/2019,20171231,4,USD,,,545500000.0,,q1,2020
0001654954-20-002505,ProfitLoss,ifrs/2019,20171231,4,USD,SignificantInvestmentsInAssociates=NuanceGroupChicagoLlc;,,-1000000.0,,q1,2020
0001104659-20-009350,LoansPayableToBankCurrent,us-gaap/2019,20180930,0,USD,ShortTermDebtType=CZBANKLoanTwo;,,873617.0,,q1,2020
0000822416-20-000007,CostOfGoodsAndServicesSold,us-gaap/2019,20181231,1,USD,NatureOfExpense=FairValueAdjustmentToInventory;,,9000000.0,,q1,2020
0001562762-20-000105,AdditionalAllowanceRecognisedInProfitOrLossAllowanceAccountForCreditLossesOfFinancialAssets,ifrs/2019,20191231,4,EUR,DepartureFromRequirementOfIFRS=UnderlyingResultsExcludingAdjustmentsFromIfrs;GeographicalAreas=DE;Segments=GeographicalSegmentsBanking;,,-40000000.0,,q1,2020
0001109357-20-000053,RevenueFromContractWithCustomerIncludingAssessedTax,us-gaap/2019,20191231,4,USD,ConsolidationItems=OperatingSegments;LegalEntity=BaltimoreGasAndElectricCompany;ProductOrService=ElectricityUsRegulated;PublicUtilityRegulatedOrUnregulatedStatus=RegulatedOperation;,,12000000.0,,q1,2020
0001580808-20-000014,IncreaseDecreaseInAccountsPayable,us-gaap/2018,20191231,4,USD,,,-621000.0,,q1,2020
0001213900-20-006807,DividendsPaid,ifrs/2019,20181231,4,USD,,,-54580000.0,,q1,2020
0001193125-20-091982,DueToAffiliateCurrent,us-gaap/2019,20191231,0,USD,,,1523000.0,,q1,2020
0001618835-20-000047,FairValueAdjustmentOfPurchaseRights,0001618835-20-000047,20190531,0,USD,,,19600000.0,,q1,2020
0001558370-20-003165,CostsAndExpenses,us-gaap/2018,20181231,4,USD,,,2502000.0,,q1,2020
0001525221-20-000006,GainLossOnDispositionOfAssets,us-gaap/2019,20181231,4,USD,,,1575000.0,,q1,2020
0001574842-20-000013,OtherAssetsNoncurrent,us-gaap/2019,20190131,0,USD,ConsolidatedEntities=Subsidiaries;ConsolidationItems=ReportableLegalEntities;,,38096000.0,,q1,2020
0001437107-20-000006,RepaymentsOfNotesPayable,us-gaap/2019,20181231,4,USD,ConsolidatedEntities=NonGuarantorSubsidiariesOfDiscoveryCommunicationsLlc;ConsolidationItems=ReportableLegalEntities;,,0.0,,q1,2020
0000072741-20-000008,NoncontrollingInterestIncreaseinContributionsFromParent,0000072741-20-000008,20191231,4,USD,EquityComponents=AdditionalPaidInCapital;LegalEntity=TheConnecticutLightAndPowerCompany;,,125000000.0,,q1,2020
0001193125-20-080455,AvailableForSaleSecurities,us-gaap/2019,20181231,0,USD,FairValueByAssetClass=USTreasurySecurities;,,1845000.0,,q1,2020
0001060822-20-000004,EarningsPerShareBasic,us-gaap/2019,20190930,1,USD,,,1.35,,q1,2020
0001564590-20-004636,CurrentLiabilitiesBeforeClientFundObligations,0001564590-20-004636,20191231,0,USD,,,90744000.0,,q1,2020
0000883943-20-000026,EarningsPerShareDiluted,us-gaap/2019,20180731,1,USD,,,-0.2,,q1,2020
0000020212-20-000019,EquityMethodInvestmentDividendsOrDistributions,us-gaap/2019,20171231,4,USD,,,18000000.0,,q1,2020
0000020286-20-000011,AvailableForSaleSecuritiesDebtSecurities,us-gaap/2019,20181231,0,USD,FairValueByFairValueHierarchyLevel=FairValueInputsLevel2;InvestmentType=DebtSecurities;,,10617000000.0,,q1,2020
0001564590-20-007046,LongTermDebt,us-gaap/2019,20191231,0,USD,DebtInstrument=KansasEquityFundZeroPercentDueTwoThousandTwentyThree;,,12000.0,,q1,2020
0001193125-20-083397,IssueOfEquity,ifrs/2019,20191231,4,GBP,ComponentsOfEquity=SharePremium;,,0.0,,q1,2020
0001193125-20-069151,DividendsRecognisedAsDistributionsToNoncontrollingInterests,ifrs/2019,20181231,4,USD,ComponentsOfEquity=NoncontrollingInterests;,,60000000.0,,q1,2020
0001104659-20-032921,UnrealizedGainLossOnOpenCommodityFuturesAndClearedSwapContracts,0001104659-20-032921,20181231,0,USD,DerivativeInstrumentRisk=LmeZincFuturesLxMay2019ContractsExpiringMay2019;InvestmentsGeographicRegion=Foreign;InvestmentType=OpenFuturesContractsLong;LegalEntity=UnitedStatesCommodityIndexFund;,,-10853.0,,q1,2020
0001564590-20-011878,ContractWithCustomerLiabilityCurrent,us-gaap/2019,20200131,0,USD,,,257692000.0,,q1,2020
0001493152-20-004717,ContractWithCustomerLiabilityCurrent,us-gaap/2019,20191231,0,USD,,,500000.0,,q1,2020
0001104659-20-041187,Depreciation,us-gaap/2019,20181231,4,CNY,,,12017000.0,,q1,2020
0001213900-20-004843,FairValueNetDerivativeAssetLiabilityMeasuredOnRecurringBasisChangeInUnrealizedGainLoss,us-gaap/2019,20180930,3,USD,,,,,q1,2020
0000019584-20-000006,EarningsPerShareDiluted,us-gaap/2019,20191231,4,USD,,,13.31,,q1,2020
0001564590-20-007969,DerivativeLiabilityRelatedToDebt,0001564590-20-007969,20191231,4,USD,,,0.0,,q1,2020
0001564590-20-006848,DiscontinuedOperationIncomeLossFromDiscontinuedOperationDuringPhaseOutPeriodNetOfTax,us-gaap/2019,20190630,1,USD,,,-22000.0,,q1,2020
0001562762-20-000049,DividendsPaidAndOtherCouponPaymentsOnEquityInstrumentsClassifiedAsFinancingActivities,0001562762-20-000049,20171231,4,GBP,,,1273000000.0,,q1,2020
0000040211-20-000017,InterestExpense,us-gaap/2019,20171231,4,USD,BusinessSegments=Asc;,,5200000.0,,q1,2020
0001745041-20-000003,InterestExpense,us-gaap/2019,20191231,4,USD,BusinessSegments=InternationalSegment;,,0.0,,q1,2020
0001689923-20-000006,CashAndCashEquivalentsAtCarryingValue,us-gaap/2019,20181231,0,USD,FairValueByFairValueHierarchyLevel=FairValueInputsLevel2;FairValueByMeasurementFrequency=FairValueMeasurementsRecurring;FinancialInstrument=CommercialPaper;,,0.0,,q1,2020
0001213900-20-005978,RepurchaseOfRestrictedStock,0001213900-20-005978,20190131,2,USD,ClassOfStock=CommonClassA;ConsolidatedEntities=ParentCompany;,,,,q1,2020
0001104659-20-032004,CommonStockValue,us-gaap/2019,20191231,0,USD,,,5000.0,,q1,2020
0001140361-20-004834,DeferredIncomeTaxAssetsNet,us-gaap/2019,20191231,0,USD,,,34000.0,,q1,2020
0001140361-20-003706,PaymentsRelatedToTaxWithholdingForShareBasedCompensation,us-gaap/2019,20181231,4,USD,ConsolidatedEntities=ParentCompany;,,136000.0,,q1,2020
0001370368-20-000045,ProceedsFromPaymentsForFederalFundsSoldAndSecuritiesPurchasedUnderAgreementsToResellNet,us-gaap/2019,20171231,4,CHF,ConsolidatedEntities=ParentCompany;,,0.0,,q1,2020
0001267238-20-000004,ProceedsFromSaleOfAvailableForSaleSecuritiesEquity,us-gaap/2018,20171231,4,USD,ConsolidatedEntities=ParentCompany;,,9700000.0,,q1,2020
0001668428-20-000009,ShareBasedCompensation,us-gaap/2019,20161231,1,USD,ConsolidatedEntities=ParentCompany;,,1000000.0,,q1,2020
0001628280-20-002192,OtherComprehensiveIncomeUnrealizedGainLossOnDerivativesArisingDuringPeriodNetOfTax,us-gaap/2019,20171231,4,USD,DerivativeInstrumentRisk=ForeignExchangeForward;HedgingDesignation=DesignatedAsHedgingInstrument;IncomeStatementLocation=CostOfSales;,,-55377000.0,,q1,2020
0000814052-20-000023,ProfitLossAttributableToNoncontrollingInterests,ifrs/2019,20171231,4,EUR,SignificantInvestmentsInSubsidiaries=TelefonicaBrazil;,,336000000.0,,q1,2020
0001193125-20-047353,BuildingsAndImprovementsGross,us-gaap/2019,20191231,0,USD,RealEstateAndAccumulatedDepreciationDescriptionOfProperty=ChurchsChickenVictoriaTXTwo;,,182000.0,,q1,2020
0001193125-20-077067,InvestmentsForRiskOfPolicyholders,ifrs/2019,20181231,0,EUR,ClassesOfFinancialInstruments=FinancialGuaranteeContracts;GeographicalAreas=US;,,235000000.0,,q1,2020
0001104659-20-026118,TradingIncomeExpense,ifrs/2019,20191231,4,GBP,GeographicalAreas=US;,,148000000.0,,q1,2020
0000813920-20-000015,LiabilitiesCurrent,us-gaap/2019,20181231,0,USD,ConsolidatedEntities=ParentCompany;ConsolidationItems=ReportableLegalEntities;,,69306000.0,,q1,2020
0001213900-20-000197,IncreaseDecreaseThroughSharebasedPaymentTransactions,ifrs/2019,20190630,2,USD,ComponentsOfEquity=RetainedEarnings;,,,,q1,2020
0001562401-20-000037,PartnersCapitalAccountDistributionsCommonUnits,0001562401-20-000037,20191231,4,USD,LegalEntity=AmericanHomes4RentLimitedPartnership;PartnerCapitalComponents=CommonStock;PartnerTypeOfPartnersCapitalAccount=LimitedPartner;,,10554000.0,,q1,2020
0001133421-20-000006,EarningsPerShareDiluted,us-gaap/2019,20181231,4,USD,ChangeInAccountingEstimateByType=ContractsAccountedForUnderPercentageOfCompletion;,,2.61,,q1,2020
0001564590-20-009610,DerivativeGainLossOnDerivativeNet,us-gaap/2019,20191231,4,USD,DerivativeInstrumentRisk=InterestRateSwap;HedgingDesignation=Nondesignated;IncomeStatementLocation=InterestExpense;,,2000.0,,q1,2020
0000891293-20-000012,PreferredStockDividendsAndOtherAdjustments,us-gaap/2019,20181231,4,USD,ClassOfStock=SeriesOPreferredStock;CounterpartyName=BVFPartnersL.P.;,,100000.0,,q1,2020
0001564590-20-005182,AccretionExpenseIncludingAssetRetirementObligations,us-gaap/2019,20191231,4,USD,,,33000000.0,,q1,2020
0001174947-20-000132,AccountsNotesAndLoansReceivableNetCurrent,us-gaap/2019,20191231,0,USD,,,23436000.0,,q1,2020
0001049782-20-000008,AvailableForSaleSecuritiesDebtSecurities,us-gaap/2019,20181231,0,USD,FairValueByMeasurementFrequency=FairValueMeasurementsRecurring;FinancialInstrument=MortgageBackedSecuritiesIssuedByUSGovernmentSponsoredEnterprises;,,165089000.0,,q1,2020
0001628280-20-004133,AvailableForSaleSecuritiesDebtSecuritiesCurrent,us-gaap/2019,20200131,0,USD,FairValueByFairValueHierarchyLevel=FairValueInputsLevel1;FinancialInstrument=MoneyMarketFunds;,,0.0,,q1,2020
0001089819-20-000004,IncreaseDecreaseInPensionAndPostretirementObligations,us-gaap/2019,20171231,4,USD,LegalEntity=ClecoPower;,ClecoPower,4849000.0,,q1,2020
0001104659-20-024324,StockholdersEquityIncludingPortionAttributableToNoncontrollingInterest,us-gaap/2019,20181231,0,USD,EquityComponents=NetIncomeLoss;,,-30621000.0,,q1,2020
0001437749-20-004689,ProvisionForLoanAndLeaseLosses,us-gaap/2019,20181231,4,USD,FinancingReceivablePortfolioSegment=ConstructionRealEstate;,,-97000.0,,q1,2020
0001564590-20-007550,InvestmentInterestRate,us-gaap/2019,20191231,0,pure,ConsolidatedEntities=AffiliatedEntity;InvestmentType=MoneyMarketFunds;,,0.0147,,q1,2020
0001104659-20-025681,CostSoftwareLicensesSupport,0001104659-20-025681,20191231,4,EUR,SegmentConsolidationItems=OperatingSegments;Segments=ApplicationsTechnologyAndServices;,,1972000000.0,,q1,2020
0001193125-20-064341,LeaseInterestPaidClassifiedAsOperatingActivities,0001193125-20-064341,20191231,4,EUR,NewIFRSs=Ifrs16;,,69000000.0,,q1,2020
0001047469-20-000960,Revenue,ifrs/2019,20191231,4,EUR,SegmentConsolidationItems=EliminationOfIntersegmentAmounts;Segments=LatinAmericaSegment;,,-251000.0,,q1,2020
0000071691-20-000003,CommonStockParOrStatedValuePerShare,us-gaap/2019,20191231,0,USD,,,0.1,,q1,2020
0001104659-20-037784,CashCashEquivalentsRestrictedCashAndRestrictedCashEquivalents,us-gaap/2019,20181231,0,USD,,,4120796.0,,q1,2020
0001564590-20-007457,CashCashEquivalentsRestrictedCashAndRestrictedCashEquivalents,us-gaap/2019,20161231,0,USD,,,4712000000.0,,q1,2020
0001437749-20-005342,CashAndCashEquivalentsPeriodIncreaseDecrease,us-gaap/2019,20191231,4,USD,,,264000.0,,q1,2020
0001095073-20-000006,CommonStockParOrStatedValuePerShare,us-gaap/2019,20181231,0,USD,ConsolidatedEntities=ParentCompany;,,0.01,,q1,2020
0000883237-20-000059,AmortizationOfIntangibleAssetsAndContingentAmortization,0000883237-20-000059,20181231,4,USD,,,25142000.0,,q1,2020
0001558370-20-000762,Assets,us-gaap/2019,20181231,0,USD,,,22650000000.0,,q1,2020
0001751783-20-000007,BankOwnedLifeInsuranceIncome,us-gaap/2019,20191231,4,USD,,,398000.0,,q1,2020
0001564590-20-008692,TreasuryStockShares,us-gaap/2019,20181231,0,shares,,,212500.0,,q1,2020
0001594686-20-000008,AdjustmentsToAdditionalPaidInCapitalSharebasedCompensationRequisiteServicePeriodRecognitionValue,us-gaap/2019,20181231,4,USD,EquityComponents=AdditionalPaidInCapital;,,7480000.0,,q1,2020
0001493152-20-005045,StockIssuedDuringPeriodValueConversionOfDeferredSalaries,0001493152-20-005045,20181231,4,USD,,,650100.0,,q1,2020
0001449794-20-000002,SecuritiesSoldUnderAgreementsToRepurchase,us-gaap/2019,20181231,0,USD,,,18883000.0,,q1,2020
0000077543-20-000008,RepaymentsOfDebt,us-gaap/2019,20191231,4,USD,,,870277000.0,,q1,2020
0001438133-20-000014,ResearchAndDevelopmentExpense,us-gaap/2018,20191231,4,USD,,,45199000.0,,q1,2020
0000063754-20-000022,SpecialCharges,0000063754-20-000022,20181130,1,USD,,,2400000.0,,q1,2020
0000318300-20-000106,StockholdersEquity,us-gaap/2019,20161231,0,USD,,,435261000.0,,q1,2020
0001564590-20-007363,StockholdersEquity,us-gaap/2019,20161231,0,USD,,,724522000.0,,q1,2020
0000225648-20-000007,Revenues,us-gaap/2019,20181231,4,USD,,,1868000000.0,,q1,2020
0001079973-20-000178,Revenues,us-gaap/2020,20200131,3,USD,,,0.0,,q1,2020
0000046619-20-000006,PreferredStockSharesAuthorized,us-gaap/2019,20200131,0,shares,,,10000000.0,,q1,2020
0001171843-20-000207,PropertyPlantAndEquipmentNet,us-gaap/2019,20191130,0,USD,,,1367276.0,,q1,2020
0001651308-20-000020,RepaymentsOfLongTermDebt,us-gaap/2018,20181231,4,USD,,,8736000.0,,q1,2020
0000004969-20-000023,ProceedsFromRepaymentsOfShortTermDebt,us-gaap/2019,20181231,4,USD,,,-482000000.0,,q1,2020
0000895417-20-000019,ProceedsFromIssuanceOfCommonStock,us-gaap/2019,20181231,4,USD,,,78755000.0,,q1,2020
0001315399-20-000003,ProceedsFromSaleAndCollectionOfLoansHeldforsale,us-gaap/2019,20191231,4,USD,,,1285000.0,,q1,2020
0001683168-20-000308,PreferredStockValue,us-gaap/2019,20190930,0,USD,,,0.0,,q1,2020
0000928054-20-000035,PreferredStockSharesIssued,us-gaap/2019,20191231,0,shares,,,0.0,,q1,2020
0001558370-20-002654,ProceedsFromIssuanceOfSharesUnderOptionalPurchasePlan,0001558370-20-002654,20171231,4,USD,,,3543000.0,,q1,2020
0001654954-20-001285,PaymentsToAcquirePropertyPlantAndEquipment,us-gaap/2019,20181231,2,USD,,,3547.0,,q1,2020
0001606268-20-000008,PreferredStockDividendsIncomeStatementImpact,us-gaap/2019,20191231,4,USD,,,8091000.0,,q1,2020
0000025232-20-000004,PaymentsToMinorityShareholders,us-gaap/2019,20191231,4,USD,,,2411000.0,,q1,2020
0001103021-20-000042,PaymentsOfFinancingCosts,us-gaap/2019,20181231,4,USD,,,450000.0,,q1,2020
0001558370-20-001171,NetIncomeLossAttributableToRedeemableNoncontrollingInterest,us-gaap/2019,20171231,4,USD,,,2930000.0,,q1,2020
0001640334-20-000639,OperatingLeaseLiabilityCurrent,us-gaap/2019,20191231,0,USD,,,23964.0,,q1,2020
0001582568-20-000010,NetIncomeLossAllocatedToLimitedPartners,us-gaap/2018,20190630,1,USD,,,22166000.0,,q1,2020
0001214659-20-000521,LongTermNotesPayable,us-gaap/2019,20181031,0,USD,,,32941.0,,q1,2020
0001264931-20-000015,InterestCapitalizedIntoConvertibleNotePayable,0001264931-20-000015,20171231,4,USD,,,,,q1,2020
0001193125-20-071633,LiabilitiesAndStockholdersEquity,us-gaap/2019,20181231,0,USD,,,287651000.0,,q1,2020
0001564590-20-005689,LiabilitiesNoncurrent,us-gaap/2019,20191231,0,USD,,,3669860000.0,,q1,2020
0001707925-20-000015,LongTermDebtAndCapitalLeaseObligations,us-gaap/2019,20191231,0,USD,,,10693000000.0,,q1,2020
0001391609-20-000009,Liabilities,us-gaap/2018,20190531,0,USD,,,3832389.0,,q1,2020
0001558370-20-001499,InterestPaidNet,us-gaap/2019,20191231,4,USD,,,34458000.0,,q1,2020
0001558370-20-001651,InterestPaidNet,us-gaap/2019,20191231,4,USD,,,168535000.0,,q1,2020
0001558370-20-001872,InterestExpenseOther,us-gaap/2019,20181231,4,USD,,,25095000.0,,q1,2020
0000918160-20-000029,InterestExpense,us-gaap/2019,20171231,4,USD,,,152300000.0,,q1,2020
0001493152-20-002564,IncomeLossFromContinuingOperationsBeforeIncomeTaxesExtraordinaryItemsNoncontrollingInterest,us-gaap/2019,20181231,1,USD,,,-449708.0,,q1,2020
0000881453-20-000018,GeneralAndAdministrativeExpense,us-gaap/2019,20191231,4,USD,,,264155000.0,,q1,2020
0001332349-20-000045,GeneralAndAdministrativeExpense,us-gaap/2019,20181231,4,USD,,,259475000.0,,q1,2020
0001654954-20-000416,IncreaseDecreaseInAccruedIncomeTaxesPayable,us-gaap/2019,20191130,2,USD,,,4000.0,,q1,2020
0000827052-20-000026,IncomeLossFromDiscontinuedOperationsNetOfTaxPerBasicShare,us-gaap/2019,20190331,1,USD,,,0.0,,q1,2020
0000947484-20-000012,NetIncomeLossAvailableToCommonStockholdersBasic,us-gaap/2019,20181231,4,USD,ConsolidatedEntities=Subsidiaries;ConsolidationItems=ReportableLegalEntities;,,861273000.0,,q1,2020
0001654954-20-003510,SharesOutstanding,us-gaap/2019,20181231,0,shares,EquityComponents=SeriesSeedPreferredStock;,,0.0,,q1,2020
0001493152-20-003679,EffectOfExchangeRateOnCashCashEquivalentsRestrictedCashAndRestrictedCashEquivalentsIncludingDisposalGroupAndDiscontinuedOperations,us-gaap/2019,20190930,3,USD,,,-54653.0,,q1,2020
0001534701-20-000070,NetCashProvidedByUsedInFinancingActivities,us-gaap/2019,20181231,4,USD,ConsolidatedEntities=GuarantorSubsidiaries;ConsolidationItems=ReportableLegalEntities;,,-3185000000.0,,q1,2020
0001594466-20-000041,RevenueFromContractWithCustomerExcludingAssessedTax,us-gaap/2018,20181231,4,USD,ProductOrService=ProductAndServiceOther;,,11684000.0,,q1,2020
0001564590-20-006795,Goodwill,us-gaap/2019,20191231,0,USD,BusinessAcquisition=NorstelAB;,,43000000.0,,q1,2020
0001558370-20-001862,DeferredRentCreditCurrent,us-gaap/2019,20181231,0,USD,,,115000.0,,q1,2020
0001193125-20-058202,EarningsPerShareBasic,us-gaap/2019,20191231,4,USD,,,1.95,,q1,2020
0001262463-20-000133,DepreciationAndAmortization,us-gaap/2019,20191231,4,USD,,,61000.0,,q1,2020
0001564590-20-011411,EmployeeRelatedLiabilitiesCurrent,us-gaap/2019,20200229,0,USD,ConsolidatedEntities=NonGuarantorSubsidiaries;ConsolidationItems=ReportableLegalEntities;,,410000000.0,,q1,2020
0001020569-20-000029,NetIncomeLossAttributableToNoncontrollingInterest,us-gaap/2019,20181231,4,USD,ConsolidatedEntities=NonGuarantorSubsidiaries;ConsolidationItems=ReportableLegalEntities;,,1198000.0,,q1,2020
0001193125-20-047353,LandAndLandImprovements,us-gaap/2019,20191231,0,USD,RealEstateAndAccumulatedDepreciationDescriptionOfProperty=CVSMyrtleBeachSC;,,828000.0,,q1,2020
0001159508-20-000012,InterBankBalances,0001159508-20-000012,20191231,0,EUR,CarryingAmountsOfAssetsAndLiabilitiesRecognisedInItsFinancialStatementsRelatingToDbsInterests=RepackagingAndInvestmentEntities;,,1000000.0,,q1,2020
0001213900-20-002587,LongTermDebtCurrent,us-gaap/2019,20190331,0,USD,,,467000.0,,q1,2020
0001477932-20-001118,IncreaseDecreaseInDueToRelatedParties,us-gaap/2019,20191231,4,USD,,,254515.0,,q1,2020
0001598014-20-000008,IncreaseDecreaseInOtherOperatingLiabilities,us-gaap/2019,20171130,4,USD,,,18700000.0,,q1,2020
0001636422-20-000016,Goodwill,us-gaap/2019,20191231,0,USD,,,3694000.0,,q1,2020
0001437749-20-004451,StockIssuedDuringPeriodValueConversionOfConvertibleSecurities,us-gaap/2019,20181231,4,USD,ConversionOfStockByUniqueDescription=ConversionOfCRGIntoSeriesAPreferredStock;EquityComponents=AdditionalPaidInCapital;,,42794000.0,,q1,2020
0001104659-20-039721,IncreaseDecreaseInAccountsAndOtherReceivables,us-gaap/2019,20191130,1,USD,,,-4469000.0,,q1,2020
0001046025-20-000037,IncomeTaxExpenseBenefit,us-gaap/2018,20190630,1,USD,,,3202000.0,,q1,2020
0000078814-20-000009,IncomeTaxExpenseBenefit,us-gaap/2019,20190331,1,USD,,,7820000.0,,q1,2020
0001437749-20-005304,IncreaseDecreaseInContractWithCustomerLiability,us-gaap/2019,20171231,4,USD,,,-361000.0,,q1,2020
0001570585-20-000023,EffectOfExchangeRateOnCashCashEquivalentsRestrictedCashAndRestrictedCashEquivalentsIncludingDisposalGroupAndDiscontinuedOperations,us-gaap/2019,20171231,4,USD,,,115300000.0,,q1,2020
0001079973-20-000032,FairValueNetDerivativeAssetLiabilityMeasuredOnRecurringBasisChangeInUnrealizedGainLoss,us-gaap/2019,20180930,1,USD,,,-85.0,,q1,2020
0000879526-20-000021,GrossProfit,us-gaap/2019,20170630,1,USD,,,67679000.0,,q1,2020
0001219601-20-000006,ForeignCurrencyTransactionGainLossBeforeTax,us-gaap/2019,20191231,4,USD,ConsolidatedEntities=GuarantorSubsidiaries;RelatedPartyTransactionsByRelatedParty=CrownAmericasLlcCrownAmericasCapitalCorpAndCrownAmericasCapitalCorpTwo;,,-1000000.0,,q1,2020
0001410384-20-000025,DeferredImplementationCostsNoncurrent,0001410384-20-000025,20191231,0,USD,,,15848000.0,,q1,2020
0001494319-20-000009,DeferredIncomeTaxExpenseBenefit,us-gaap/2019,20181231,4,USD,,,2800000.0,,q1,2020
0001059556-20-000005,EarningsPerShareDiluted,us-gaap/2019,20171231,4,USD,,,5.15,,q1,2020
0000720858-20-000009,EarningsFromOtherInvestments,0000720858-20-000009,20191231,4,USD,,,2209000.0,,q1,2020
0001437749-20-001155,DividendsPaidWithStock,0001437749-20-001155,20181130,4,USD,,,207000.0,,q1,2020
0001193125-20-000684,EmployeeRelatedLiabilitiesCurrent,us-gaap/2018,20191130,0,USD,,,51835000.0,,q1,2020
0000059558-20-000012,NetInvestmentIncome,us-gaap/2019,20181231,4,USD,DerivativeInstrumentsGainLossByHedgingRelationship=CashFlowHedging;HedgingDesignation=DesignatedAsHedgingInstrument;OtherComprehensiveIncomeLocation=OtherComprehensiveIncome;,,4000000.0,,q1,2020
0001193125-20-086405,GeneralPartnersCapitalAccount,us-gaap/2019,20191231,0,USD,CapitalUnitsByClass=CapitalUnitClassZ;,,388047.0,,q1,2020
0001104659-20-038278,OperatingExpense,ifrs/2019,20181231,4,CAD,SegmentConsolidationItems=ElectricVehicles;,,16604687.0,,q1,2020
0001620533-20-000006,DeferredTaxAssetsLiabilitiesNetNoncurrent,us-gaap/2019,20181231,0,USD,,,242533000.0,,q1,2020
0000012208-20-000012,EarningsPerShareBasic,us-gaap/2019,20181231,4,USD,,,12.25,,q1,2020
0001359841-20-000027,EarningsPerShareBasic,us-gaap/2019,20181231,4,USD,,,1.48,,q1,2020
0001654954-20-002485,DerivativeAssets,us-gaap/2019,20181231,0,USD,FairValueByFairValueHierarchyLevel=FairValueInputsLevel3;LegalEntity=TeucriumCornFund;,,0.0,,q1,2020
0001704711-20-000025,OperatingLeaseLiabilityCurrent,us-gaap/2019,20181231,0,USD,AdjustmentsForNewAccountingPronouncements=AccountingStandardsUpdate201602;,,7380000.0,,q1,2020
0001628280-20-002567,PaymentsForProceedsFromShortTermInvestments,us-gaap/2019,20191231,4,USD,ConsolidatedEntities=ParentCompany;,,-3200000.0,,q1,2020
0001637757-20-000003,DerivativeLiabilitiesNoncurrent,us-gaap/2019,20181231,0,USD,ConsolidatedEntities=NonGuarantorSubsidiaries;ConsolidationItems=ReportableLegalEntities;,,17000000.0,,q1,2020
0001610466-20-000018,StockholdersEquityIncludingPortionAttributableToNoncontrollingInterest,us-gaap/2019,20161231,0,USD,LegalEntity=ShellPipelineCompanyLP;PartnerTypeOfPartnersCapitalAccount=SubordinatedUnits;,,-390000000.0,,q1,2020
0000950103-20-003040,IntangibleAssetsAndGoodwill,ifrs/2019,20181231,0,BRL,CarryingAmountAccumulatedDepreciationAmortisationAndImpairmentAndGrossCarryingAmount=GrossCarryingAmount;ClassesOfIntangibleAssetsOtherThanGoodwill=IntangibleAssetsUnderDevelopment;,,389677000.0,,q1,2020
0001035201-20-000002,RepaymentsOfLongTermDebt,us-gaap/2019,20181231,4,USD,ConsolidatedEntities=ParentCompany;ConsolidationItems=ReportableLegalEntities;,,0.0,,q1,2020
0001564590-20-004829,PaymentsOfDividends,us-gaap/2019,20181231,4,USD,ConsolidatedEntities=GuarantorSubsidiaries;ConsolidationItems=ReportableLegalEntities;,,0.0,,q1,2020
0001193125-20-079260,SaleOfUnitsNetOfUnderwritersDiscountAndOfferingCostsValue,0001193125-20-079260,20191231,4,USD,,,377441970.0,,q1,2020
0001564590-20-007105,WeightedAverageNumberOfDilutedSharesOutstanding,us-gaap/2019,20181231,4,shares,,,122624000.0,,q1,2020
0001558370-20-003272,WeightedAverageNumberOfSharesOutstandingBasic,us-gaap/2019,20190131,4,shares,,,59864000.0,,q1,2020
0001052918-20-000055,ProceedsFromOtherEquity,us-gaap/2020,20181231,4,USD,,,0.0,,q1,2020
0001175483-20-000005,Revenues,us-gaap/2019,20180930,1,USD,,,87419000.0,,q1,2020
0001628280-20-002552,Revenues,us-gaap/2019,20190930,1,USD,,,192873000.0,,q1,2020
0001140361-20-004416,OtherComprehensiveIncomeLossReclassificationAdjustmentForDerivativesNotQualifyingAsHedgesNetOfTax,0001140361-20-004416,20171231,4,USD,,,-1239000.0,,q1,2020
0001023128-20-000018,PaymentsToAcquirePropertyPlantAndEquipment,us-gaap/2019,20171231,4,USD,,,105400000.0,,q1,2020
0001564590-20-003802,ProceedsFromRepaymentsOfCommercialPaper,us-gaap/2019,20181231,3,USD,,,-1509000000.0,,q1,2020
0001178913-20-000718,OtherComprehensiveIncomeThatWillBeReclassifiedToProfitOrLossNetOfTax,ifrs/2019,20171231,4,USD,,,157000000.0,,q1,2020
0000714562-20-000031,OtherRealEstate,us-gaap/2019,20191231,0,USD,,,3625000.0,,q1,2020
0001562762-20-000064,PaymentsForProceedsFromOtherInvestingActivities,us-gaap/2019,20171231,4,USD,,,-976000000.0,,q1,2020
0000811156-20-000004,OtherNonoperatingIncome,us-gaap/2019,20181231,4,USD,,,2000000.0,,q1,2020
0001705110-20-000003,OtherComprehensiveIncomeLossAvailableForSaleSecuritiesAdjustmentNetOfTax,us-gaap/2019,20181231,4,USD,,,3000.0,,q1,2020
0001610682-20-000047,PaymentsOfFinancingCosts,us-gaap/2019,20171231,4,USD,,,0.0,,q1,2020
0001561660-20-000027,OtherNonoperatingIncomeExpense,us-gaap/2019,20181231,4,USD,,,-11000000.0,,q1,2020
0000816761-20-000008,OtherComprehensiveIncomeLossForeignCurrencyTransactionAndTranslationAdjustmentNetOfTax,us-gaap/2019,20181231,4,USD,,,-13000000.0,,q1,2020
0001564590-20-006806,OperatingIncomeLoss,us-gaap/2019,20181231,4,USD,,,41798000.0,,q1,2020
0001193125-20-068594,MandatoryReserveDepositsAtCentralBanks,ifrs/2019,20171231,0,GBP,,,395000000.0,,q1,2020
0001104659-20-033195,LongtermDeposits,ifrs/2019,20171231,0,DKK,,,2729000.0,,q1,2020
0000064803-20-000007,MinorityInterest,us-gaap/2019,20191231,0,USD,,,306000000.0,,q1,2020
0001174922-20-000024,LiabilitiesAndStockholdersEquity,us-gaap/2018,20181231,0,USD,,,13216269000.0,,q1,2020
0001140361-20-005636,InterestBearingDepositLiabilities,us-gaap/2019,20181231,0,USD,,,3961277000.0,,q1,2020
0000891482-20-000011,IncreaseDecreaseInDeferredRevenue,us-gaap/2019,20191231,4,USD,,,5985000.0,,q1,2020
0001564590-20-005566,IncomeTaxExpenseBenefit,us-gaap/2019,20171231,4,USD,,,-50314000.0,,q1,2020
0001605484-20-000011,IncomeTaxRelatingToRemeasurementsOfDefinedBenefitPlansOfOtherComprehensiveIncome,ifrs/2018,20171231,4,EUR,,,18000000.0,,q1,2020
0001096906-20-000111,GrossProfit,us-gaap/2019,20171231,1,USD,,,6470000.0,,q1,2020
0001104659-20-021555,IncreaseDecreaseInAccountsPayable,us-gaap/2019,20191231,1,USD,,,479000.0,,q1,2020
0001120193-20-000004,GrossProfit,us-gaap/2019,20171231,4,USD,BusinessSegments=MarketTechnology;ConsolidationItems=OperatingSegments;ProductOrService=MarketTechnologyServices;,,247000000.0,,q1,2020
0001740797-20-000003,EmployeeRelatedLiabilitiesCurrent,us-gaap/2019,20190331,0,USD,,,68135.0,,q1,2020
0001326801-20-000013,CostsAndExpenses,us-gaap/2019,20181231,4,USD,,,30925000000.0,,q1,2020
0000950103-20-006122,CurrentFinancialLiabilitiesAtFairValueThroughProfitOrLoss,ifrs/2019,20191231,0,TWD,,,18859000.0,,q1,2020
0001403431-20-000021,GainLossOnDispositionOfAssets1,us-gaap/2019,20181231,4,USD,,,0.0,,q1,2020
0001628280-20-003843,GainLossOnSaleOfEquityInvestments,us-gaap/2019,20171231,4,USD,,,1061000.0,,q1,2020
0001564590-20-002450,GainLossOnInvestmentsAndDerivativeInstruments,0001564590-20-002450,20191231,1,USD,,,203000000.0,,q1,2020
0001018963-20-000004,GrossProfit,us-gaap/2019,20171231,4,USD,ConsolidatedEntities=ParentCompany;ConsolidationItems=ReportableLegalEntities;,,-14600000.0,,q1,2020
0001558370-20-002563,StockholdersEquityIncludingPortionAttributableToNoncontrollingInterest,us-gaap/2019,20171231,0,USD,EquityComponents=JuniorSeriesaConvertiblePreferredStock;,,2014000.0,,q1,2020
0001564590-20-010220,EarningsPerShareBasicAndDiluted,us-gaap/2019,20180930,1,USD,,,-7.39,,q1,2020
0000077877-20-000010,DeferredTaxLiabilitiesNoncurrent,us-gaap/2019,20191231,0,USD,,,195841000.0,,q1,2020
0001104659-20-039814,OtherComprehensiveIncomeNetOfTaxGainsLossesFromInvestmentsInEquityInstruments,ifrs/2019,20181231,4,USD,ConsolidationItems=Guarantor;,,-24200000.0,,q1,2020
0001628280-20-001083,OtherEquityActivityValue,0001628280-20-001083,20181231,4,USD,EquityComponents=MemberUnits;LegalEntity=SummitMaterialsLlc;,,-1943000.0,,q1,2020
0000867773-20-000010,IncomeLossFromContinuingOperationsBeforeIncomeTaxesMinorityInterestAndIncomeLossFromEquityMethodInvestments,us-gaap/2019,20181231,4,USD,BusinessSegments=SunPowerEnergyServices;ConsolidationItems=OperatingSegments;,,151095000.0,,q1,2020
0001657853-20-000007,PaymentsForProceedsFromBusinessesAndInterestInAffiliates,us-gaap/2019,20171231,4,USD,ConsolidatedEntities=SubsidiaryIssuer;ConsolidationItems=ReportableLegalEntities;LegalEntity=TheHertzCorporation;,,-7000000.0,,q1,2020
0001564590-20-006736,LongTermDebtCurrent,us-gaap/2019,20191231,0,USD,ConsolidationItems=ReportableLegalEntities;LegalEntity=WillisNorthAmericaInc;,,197000000.0,,q1,2020
0001213900-20-007685,StockIssuedDuringPeriodValuePrivatePlacementUnits,0001213900-20-007685,20191231,3,USD,ClassOfStock=CommonClassB;,,,,q1,2020
0000007789-20-000011,LoansAndLeasesReceivableAllowance,us-gaap/2019,20171231,0,USD,FinancingReceivableRecordedInvestmentByClassOfFinancingReceivable=InstallmentPortFolioSegment;,,5298000.0,,q1,2020
0001213900-20-008033,DepreciationDepletionAndAmortization,us-gaap/2019,20191231,4,USD,Geographical=NorthAmerica;,,137000.0,,q1,2020
0001104659-20-020473,FinanceLeaseRightOfUseAssetAmortization,us-gaap/2019,20191231,2,USD,ConsolidationItems=IntersegmentElimination;,,0.0,,q1,2020
0001069202-20-000004,Goodwill,us-gaap/2019,20181231,0,USD,ConsolidationItems=ConsolidationEliminations;,,0.0,,q1,2020
0001437749-20-003547,StockIssuedDuringPeriodValueAcquisitions,us-gaap/2019,20171231,4,USD,EquityComponents=RetainedEarnings;,,0.0,,q1,2020
0001477932-20-001073,StockIssuedDuringPeriodValueNewIssues,us-gaap/2019,20190331,1,USD,EquityComponents=RetainedEarnings;,,,,q1,2020
0001193125-20-044221,DividendsPreferredStockCash,us-gaap/2019,20171231,4,USD,EquityComponents=Parent;,,249000000.0,,q1,2020
0001213900-20-003785,AdjustmentsToAdditionalPaidInCapitalDividendsInExcessOfRetainedEarnings,us-gaap/2019,20191231,2,USD,EquityComponents=RetainedEarnings;,,686000.0,,q1,2020
0001213900-20-006629,PaymentsForEmployeeWithholdingTaxesRelatedToSharebasedAwards,0001213900-20-006629,20180930,1,USD,EquityComponents=RetainedEarnings;,,,,q1,2020
0001683168-20-000468,StockholdersEquity,us-gaap/2019,20190930,0,USD,EquityComponents=CommonStock;,,2000.0,,q1,2020
0001493152-20-005127,StockIssuedDuringPeriodSharesStockOptionsExercised,us-gaap/2019,20191231,4,shares,EquityComponents=CommonStock;,,21619.0,,q1,2020
0001213900-20-005186,StockIssuedDuringPeriodValueShareBasedCompensationGross,us-gaap/2019,20191231,4,USD,EquityComponents=CommonStock;,,5.0,,q1,2020
0001213900-20-003935,OtherComprehensiveIncomeForeignCurrencyTransactionAndTranslationGainLossArisingDuringPeriodNetOfTax,us-gaap/2019,20191231,1,USD,EquityComponents=CommonStock;,,,,q1,2020
0001254699-20-000003,Taxliabilityallocationtowhollyownedparent,0001254699-20-000003,20191231,4,USD,EquityComponents=AdditionalPaidInCapital;,,0.0,,q1,2020
0001437749-20-005145,OtherComprehensiveIncomeLossForeignCurrencyTransactionAndTranslationAdjustmentNetOfTax,us-gaap/2019,20171231,4,USD,EquityComponents=TreasuryStock;,,,,q1,2020
0001558370-20-000911,SpecialChargesAndWriteDownValueOfAssets,0001558370-20-000911,20191231,4,USD,BusinessSegments=ExpressJetAirlinesInc;,,3361000.0,,q1,2020
0001628280-20-001083,Goodwill,us-gaap/2019,20181231,0,USD,BusinessAcquisition=SeriesOfIndividuallyImmaterialBusinessAcquisitions;LegalEntity=SummitMaterialsLlc;,,154120000.0,,q1,2020
0001101215-20-000049,RestrictedCashAndInvestmentsCurrent,us-gaap/2019,20191231,0,USD,ScheduleOfRedemptionSettlementAssetsByType=CorporateBondSecurities;,,536400000.0,,q1,2020
0001081316-20-000003,CostsAndExpenses,us-gaap/2019,20171231,4,USD,LegalEntity=SierraPacificPowerCompany;,SierraPacificPowerCompany,615000000.0,,q1,2020
0001360604-20-000025,CommonStockDividendsPerShareCashPaid,us-gaap/2019,20181231,4,USD,LegalEntity=HealthcareTrustofAmericaHoldingsLP;,HealthcareTrustofAmericaHoldingsLP,1.23,,q1,2020
0001326160-20-000034,RegulatedAndUnregulatedOperatingRevenue,us-gaap/2019,20191231,1,USD,LegalEntity=PiedmontNaturalGas;,PiedmontNaturalGas,425000000.0,,q1,2020
0000916540-20-000007,RevenueFromContractWithCustomerExcludingAssessedTax,us-gaap/2019,20171231,4,USD,ConsolidatedEntities=NonGuarantorSubsidiaries;,,1893304000.0,,q1,2020
0001336047-20-000006,NetIncomeLoss,us-gaap/2019,20191231,4,USD,ConsolidatedEntities=SubsidiaryIssuer;ConsolidationItems=ReportableLegalEntities;,,227200000.0,,q1,2020
0001564590-20-008959,ClassOfWarrantOrRightOutstanding,us-gaap/2019,20191231,0,shares,,,9153522.0,,q1,2020
0000877890-20-000051,TreasuryStockSharesAcquired,us-gaap/2019,20200131,0,shares,CounterpartyName=ASRCounterparty;SubsequentEventType=SubsequentEvent;,,6500000.0,,q1,2020
0001219601-20-000006,Goodwill,us-gaap/2019,20181231,0,USD,BusinessSegments=AmericasBeverage;ConsolidationItems=OperatingSegments;,,842000000.0,,q1,2020
0001095651-20-000012,OtherInvestments,us-gaap/2019,20181231,0,USD,BusinessSegments=OperatingProperty;ConsolidationItems=OperatingSegments;,,65643000.0,,q1,2020
0001140361-20-006857,IncomeTaxExpenseBenefit,us-gaap/2019,20181231,4,USD,ConsolidatedEntities=ParentCompany;,,-800000.0,,q1,2020
0001418135-20-000007,PaymentsOfDividends,us-gaap/2018,20180930,3,USD,ConsolidatedEntities=ParentCompany;,,208000000.0,,q1,2020
0000004977-20-000044,Revenues,us-gaap/2019,20191231,4,USD,ConsolidatedEntities=ParentCompany;,,330000000.0,,q1,2020
0000040888-20-000003,CashCashEquivalentsRestrictedCashAndRestrictedCashEquivalents,us-gaap/2019,20171231,0,USD,AdjustmentsForNewAccountingPronouncements=AccountingStandardsUpdate201409;InitialApplicationPeriodCumulativeEffectTransition=DifferenceBetweenRevenueGuidanceInEffectBeforeAndAfterTopic606;,,0.0,,q1,2020
0001136352-20-000003,Liabilities,us-gaap/2019,20191231,0,USD,ConsolidatedEntities=NonGuarantorSubsidiaries;ConsolidationItems=ReportableLegalEntities;,,149100000.0,,q1,2020
0001628280-20-004212,Assets,ifrs/2018,20171231,0,USD,ClassesOfAssets=AvailableforsaleEquitySecuritiesMember;LevelsOfFairValueHierarchy=Level2OfFairValueHierarchy;,,0.0,,q1,2020
0001104659-20-032031,CommonStockSharesIssued,us-gaap/2019,20191231,0,shares,,,97685178.0,,q1,2020
0001121781-20-000011,CommonStockValue,us-gaap/2019,20181231,0,USD,,,2877000.0,,q1,2020
0001493152-20-000472,DeferredRevenueNoncurrent,us-gaap/2019,20191130,0,USD,,,923712.0,,q1,2020
0000835403-20-000003,DeferredTaxAssets,ifrs/2019,20181231,0,GBP,,,106000000.0,,q1,2020
0000074046-20-000009,DeferredTaxAssetsNetNoncurrent,us-gaap/2019,20200131,0,USD,,,7445000.0,,q1,2020
0000842180-20-000006,DerivativeFinancialLiabilitiesHeldForTrading,ifrs/2019,20191231,0,EUR,Breakdownoftypesofinstrumentaxis=Otcoptions;Derivativesaxis=Foreignexchangeandgoldrisk;,,10260000000.0,,q1,2020
0001137774-20-000065,AccumulatedOtherComprehensiveIncomeLossNetOfTax,us-gaap/2019,20181231,0,USD,EquityComponents=DeferredCostsPolicyAcquisitionAndSalesInducementsAndValuationOfBusinessAcquiredPreTax;InvestmentType=AccumulatedOtherThanTemporaryImpairment;,,-1000000.0,,q1,2020
0001140361-20-003746,PropertyPlantAndEquipment,ifrs/2019,20181031,0,USD,ContinuingAndDiscontinuedOperations=SUSEBusinessSegment;,,5700000.0,,q1,2020
0000310158-20-000005,Revenues,us-gaap/2019,20191231,4,USD,BusinessSegments=Pharmaceuticalsegment;ConsolidationItems=OperatingSegments;ProductOrService=Nuvaring;,,879000000.0,,q1,2020
0001338065-20-000008,AdvancesToEquityMethodInvestments,0001338065-20-000008,20171231,4,USD,ConsolidationItems=ConsolidationEliminations;,,0.0,,q1,2020
0001628280-20-002113,Revenues,us-gaap/2019,20191231,4,USD,Geographical=US;,,7885000000.0,,q1,2020
0001640334-20-000268,ConversionOfPreferredStockSeriesAndConversionLiabilityIntoCommonStockValue,0001640334-20-000268,20181231,4,USD,ClassOfStock=SeriesBPreferredStock;,,-822201.0,,q1,2020
0000895126-20-000061,MinorityInterestDecreaseFromDistributionsToNoncontrollingInterestHolders,us-gaap/2019,20181231,4,USD,EquityComponents=NoncontrollingInterest;,,5000000.0,,q1,2020
0000101830-20-000008,ProfitLoss,us-gaap/2018,20190630,1,USD,EquityComponents=NoncontrollingInterest;,,-3000000.0,,q1,2020
0001656472-20-000033,StockholdersEquityIncludingPortionAttributableToNoncontrollingInterest,us-gaap/2019,20191231,0,USD,EquityComponents=AdditionalPaidInCapital;,,23234000.0,,q1,2020
0001601046-20-000005,AdjustmentForAmortization,us-gaap/2019,20200131,1,USD,,,56000000.0,,q1,2020
0000822818-20-000002,AccountsReceivableNetCurrent,us-gaap/2019,20181231,0,USD,,,606952000.0,,q1,2020
0001213900-20-004183,AmortizationOfDebtDiscountPremium,us-gaap/2019,20190930,3,USD,,,1706706.0,,q1,2020
0001193125-20-076091,AssetsCurrent,us-gaap/2019,20190831,0,USD,,,5028685000.0,,q1,2020
0001554795-20-000066,InterestIncomeExpenseNet,us-gaap/2019,20180331,1,USD,Scenario=SelectedQuarterlyConsolidatedFinancialData;,,7993000.0,,q1,2020
0001193125-20-080490,RevenueFromContractsWithCustomersIncludingExciseTax,0001193125-20-080490,20171231,4,USD,GeographicalAreas=RestOfEuropeExcludingFrance;,,83255000000.0,,q1,2020
0001140361-20-007337,PartnersCapitalAccountSubscribed,0001140361-20-007337,20181231,4,shares,CapitalUnitsByClass=CapitalUnitClassB;,,974.513,,q1,2020
0001070412-20-000011,AccountsReceivableNetCurrent,us-gaap/2019,20181231,0,USD,ConcentrationRiskByBenchmark=AccountsReceivable;ConcentrationRiskByType=CustomerConcentrationRisk;MajorCustomers=GasCustomers;,,232638000.0,,q1,2020
0001178913-20-000718,DividendsPaid,ifrs/2019,20171231,4,USD,ComponentsOfEquity=RetainedEarnings;,,177000000.0,,q1,2020
0001437749-20-006224,RevenueFromContractWithCustomerExcludingAssessedTax,us-gaap/2019,20181231,4,USD,BusinessSegments=CrudeOilTruckingServices;CounterpartyName=RelatedParty;ProductOrService=VariableReimbursementRevenue;,,,,q1,2020
0001664703-20-000013,CostOfRevenue,us-gaap/2019,20190630,1,USD,ErrorCorrectionsAndPriorPeriodAdjustmentsRestatementByRestatementPeriodAndAmount=DepreciationOfEnergyServers;ProductOrService=Installation;Restatement=RestatementAdjustment;,,-5230000.0,,q1,2020
0001140361-20-004911,AvailableForSaleSecuritiesDebtSecurities,us-gaap/2019,20191231,0,USD,FairValueByFairValueHierarchyLevel=FairValueInputsLevel1;FairValueByMeasurementFrequency=FairValueMeasurementsRecurring;FinancialInstrument=CollateralizedMortgageObligations;,,0.0,,q1,2020
0001609471-20-000004,CostOfGoodsAndServicesSold,us-gaap/2019,20191231,4,USD,ProductOrService=ManagementService;,,13046000.0,,q1,2020
0001193125-20-039954,Assets,us-gaap/2019,20191231,0,USD,BusinessSegments=AsiaPacificAndMiddleEastSegment;ConsolidationItems=OperatingSegments;,,14716000000.0,,q1,2020
0001213900-20-007917,SaleOfPrivateInvestmentCompanies,0001213900-20-007917,20181231,4,USD,ConsolidatedEntities=SeriesOfFrontierFunds;LegalEntity=BalancedFund;,,11968285.0,,q1,2020
0001437749-20-005145,StockIssuedDuringPeriodValueNewIssues,us-gaap/2019,20181231,4,USD,EquityComponents=RetainedEarnings;SubsidiarySaleOfStock=PublicOffering;,,,,q1,2020
0001437749-20-006546,IncomeTaxExpenseBenefit,us-gaap/2019,20191231,4,USD,BusinessSegments=Corporate;,,-637000.0,,q1,2020
0001477932-20-001325,ConsolidationOfNuleafJointVenture,0001477932-20-001325,20191231,4,USD,EquityComponents=PreferredStock;,,,,q1,2020
0000031791-20-000003,DepreciationDepletionAndAmortization,us-gaap/2019,20171231,4,USD,BusinessSegments=SegmentContinuingOperations;,,105000000.0,,q1,2020
0001213900-20-007991,StockIssuedDuringPeriodSharesCommonStockResultingFromInducementOfConsultingAgreement,0001213900-20-007991,20181231,4,shares,ClassOfStock=PreferredClassA;,,,,q1,2020
0000216085-20-000011,TreasuryStockShares,us-gaap/2019,20191231,0,shares,ClassOfStock=ConvertibleCommonStock;,,522000.0,,q1,2020
0001213900-20-007541,CommonStockSharesOutstanding,us-gaap/2019,20181231,0,shares,ClassOfStock=CommonClassA;,,0.0,,q1,2020
0001564590-20-005663,IncomeLossFromContinuingOperationsBeforeIncomeTaxesExtraordinaryItemsNoncontrollingInterest,us-gaap/2019,20181231,4,USD,Geographical=CA;,,19000000.0,,q1,2020
0001140859-20-000008,OtherLiabilitiesNoncurrent,us-gaap/2019,20191231,0,USD,VariableInterestEntitiesByClassificationOfEntity=VariableInterestEntityPrimaryBeneficiary;,,48209000.0,,q1,2020
0001096343-20-000039,StockIssuedDuringPeriodValueAcquisitions,us-gaap/2019,20181231,4,USD,EquityComponents=RetainedEarnings;,,0.0,,q1,2020
0000818479-20-000006,StockIssuedDuringPeriodValueStockOptionsExercised,us-gaap/2019,20191231,4,USD,EquityComponents=Parent;,,108600000.0,,q1,2020
0001564590-20-009069,FiniteLivedIntangibleAssetsNet,us-gaap/2019,20191231,0,USD,FiniteLivedIntangibleAssetsByMajorClass=CustomerRelationships;,,40365000.0,,q1,2020
0001185185-20-000310,DividendsCommonStockCash,us-gaap/2019,20181231,4,USD,EquityComponents=RetainedEarnings;,,924000.0,,q1,2020
0001437749-20-003943,NetIncomeLoss,us-gaap/2019,20181231,4,USD,EquityComponents=RetainedEarnings;,,105268000.0,,q1,2020
0001140361-20-002341,OtherComprehensiveIncomeLossNetOfTax,us-gaap/2019,20181231,1,USD,EquityComponents=RetainedEarnings;,,0.0,,q1,2020
0000029989-20-000005,ProfitLoss,us-gaap/2019,20171231,4,USD,EquityComponents=NoncontrollingInterest;,,103800000.0,,q1,2020
0001059262-20-000006,StockholdersEquityIncludingPortionAttributableToNoncontrollingInterest,us-gaap/2019,20161231,0,USD,EquityComponents=CommonStock;,,0.0,,q1,2020
0001493152-20-005509,StockIssuedDuringThePeriodValueExerciseOfWarrants,0001493152-20-005509,20191231,4,USD,EquityComponents=AdditionalPaidInCapital;,,4500000.0,,q1,2020
0001174947-20-000445,TreasuryStockValueAcquiredCostMethod,us-gaap/2019,20191231,4,USD,EquityComponents=TreasuryStock;,,1897000.0,,q1,2020
0001047469-20-001584,StockholdersEquity,us-gaap/2019,20191231,0,USD,EquityComponents=AccumulatedOtherComprehensiveIncome;,,-1763000.0,,q1,2020
0001535929-20-000012,AccumulatedOtherComprehensiveIncomeLossNetOfTax,us-gaap/2019,20191231,0,USD,,,3331000000.0,,q1,2020
0001213900-20-007926,AssetsCurrent,us-gaap/2019,20191231,0,USD,,,108000.0,,q1,2020
0000749251-20-000008,RevenueFromContractWithCustomerExcludingAssessedTax,us-gaap/2019,20171231,4,USD,Geographical=UnitedStatesAndCanada;,,2092366000.0,,q1,2020
0000887936-20-000017,RevenueFromContractWithCustomerExcludingAssessedTax,us-gaap/2019,20181231,4,USD,BusinessSegments=ForensicAndLitigationConsulting;,,520333000.0,,q1,2020
0000875357-20-000017,TotalFeesAndCommissions,0000875357-20-000017,20191231,4,USD,ProductOrService=Checkcardfeerevenue;,,22030000.0,,q1,2020
0001558370-20-001005,TreasuryStockValueAcquiredCostMethod,us-gaap/2019,20191231,4,USD,EquityComponents=TreasuryStockCommon;,,950000000.0,,q1,2020
0001558370-20-000945,DebtInstrumentInterestRateStatedPercentage,us-gaap/2019,20191231,0,pure,DebtInstrument=SeniorNotes7.75Due2026;LegalEntity=DISHDBSCorporation;,,0.0775,,q1,2020
0001623613-20-000011,RevenueFromContractWithCustomerExcludingAssessedTax,us-gaap/2018,20181231,4,USD,ProductOrService=Gastroenterology;,,1115100000.0,,q1,2020
0001213900-20-004276,CommonStockValue,us-gaap/2019,20191231,0,USD,,,27308992.0,,q1,2020
0001213900-20-005621,CostOfGoodsAndServicesSold,us-gaap/2019,20200131,1,USD,,,776000.0,,q1,2020
0001042776-20-000045,NetIncomeLoss,us-gaap/2018,20171231,4,USD,ConsolidatedEntities=SubsidiaryIssuer;ConsolidationItems=ReportableLegalEntities;,,-28451000.0,,q1,2020
0001193125-20-083242,ProfitLoss,ifrs/2019,20181231,4,RUB,SegmentConsolidationItems=MaterialReconcilingItemsForeignExchangeLossGainFromRevaluationOfCashProceedsReceivedFromSecondaryPublicOffering;,,433000000.0,,q1,2020
0001493152-20-005173,RevenueFromContractWithCustomerExcludingAssessedTax,us-gaap/2019,20191231,4,USD,ProductOrService=ManagedSecurityServices;,,208023.0,,q1,2020
0001628280-20-002312,NonoperatingIncomeExpense,us-gaap/2019,20181231,4,USD,BusinessSegments=Lending;ConsolidationItems=OperatingSegments;,,388000.0,,q1,2020
0001562762-20-000053,CashAndBankBalancesAtCentralBanks,ifrs/2019,20191231,0,GBP,ConsolidatedEntities=BarclaysBankGroup;ProductsAndServices=OtherFinancialInstitutions;TypesOfRisks=CreditRisk;,,0.0,,q1,2020
0001562762-20-000053,DeferredTaxAssets,ifrs/2019,20191231,0,GBP,CategoriesOfRelatedParties=UnitedStatesBranchTaxGroup;ConsolidatedEntities=BarclaysBankGroup;,,1015000000.0,,q1,2020
0001062993-20-000168,CostOfRevenue,us-gaap/2019,20191130,1,USD,ProductOrService=InternalEngineeringSupports;,,6847.0,,q1,2020
0001715629-20-000003,StockholdersEquityIncludingPortionAttributableToNoncontrollingInterest,us-gaap/2018,20171231,0,USD,EquityComponents=RetainedEarnings;LegalEntity=FelCorLodgingLP;,,4131000.0,,q1,2020
0001437749-20-002612,WarrantsAndRightsOutstanding,us-gaap/2019,20191231,0,USD,ClassOfWarrantOrRight=MontageWarrant;,,13000.0,,q1,2020
0001477932-20-000844,AccruedLiabilitiesCurrent,us-gaap/2019,20191231,0,USD,AwardDate=OnJune112019;,,146.0,,q1,2020
0000713676-20-000042,LoansAndLeasesReceivableAllowance,us-gaap/2019,20191231,0,USD,Scenario=ScenarioForecast;,,3205000000.0,,q1,2020
0001280058-20-000011,AccumulatedOtherComprehensiveIncomeLossNetOfTax,us-gaap/2019,20191231,0,USD,OtherComprehensiveIncomeLocation=CashFlowHedging;,,-1323000.0,,q1,2020
0001564590-20-007355,CommonStockSharesOutstanding,us-gaap/2019,20191231,0,shares,ClassOfStock=NonvotingCommonStock;,,0.0,,q1,2020
0001035002-20-000007,OtherComprehensiveIncomeLossBeforeTax,us-gaap/2019,20171231,4,USD,ConsolidationItems=ConsolidationEliminations;,,-438000000.0,,q1,2020
0000863436-20-000009,OtherComprehensiveIncomeLossNetOfTax,us-gaap/2019,20191231,4,USD,EquityComponents=AccumulatedNetGainLossFromDesignatedOrQualifyingCashFlowHedges;,,-3716000.0,,q1,2020
0000064040-20-000055,RevenueFromContractWithCustomerExcludingAssessedTax,us-gaap/2019,20171231,4,USD,ConsolidationItems=IntersegmentElimination;,,-110000000.0,,q1,2020
0001437749-20-001900,StockholdersEquity,us-gaap/2019,20190630,0,USD,EquityComponents=RetainedEarnings;,,-28533000.0,,q1,2020
0000892482-20-000007,StockRedeemedOrCalledDuringPeriodShares,us-gaap/2018,20191231,4,shares,EquityComponents=CommonStock;,,27000.0,,q1,2020
0001493152-20-005003,ProfitLoss,us-gaap/2019,20190930,4,USD,EquityComponents=CommonStock;,,,,q1,2020
0001483798-20-000021,StockholdersEquity,us-gaap/2019,20120630,0,USD,EquityComponents=CommonStock;,,3000.0,,q1,2020
0001437749-20-005469,StockIssuedDuringPeriodValueConversionOfConvertibleSecurities,us-gaap/2019,20181231,4,USD,EquityComponents=CommonStock;,,554.0,,q1,2020
0001564590-20-011207,StockIssuedDuringPeriodValueEmployeeStockPurchasePlan,us-gaap/2019,20181231,4,USD,EquityComponents=CommonStock;,,2000.0,,q1,2020
0001585364-20-000013,OtherComprehensiveIncomeLossNetOfTaxPortionAttributableToParent,us-gaap/2019,20191231,4,USD,EquityComponents=AccumulatedOtherComprehensiveIncome;,,54800000.0,,q1,2020
0000897101-20-000148,OtherComprehensiveIncomeForeignCurrencyTransactionAndTranslationGainLossBeforeReclassificationAndTax,us-gaap/2019,20191231,4,USD,EquityComponents=AccumulatedOtherComprehensiveIncome;,,66000.0,,q1,2020
0001564590-20-007763,StockIssuedDuringPeriodValueShareBasedCompensation,us-gaap/2019,20171231,4,USD,EquityComponents=AdditionalPaidInCapital;,,4571000.0,,q1,2020
0000939057-20-000120,DeferredIncomeTaxExpenseBenefit,us-gaap/2019,20191231,4,USD,,,-4000.0,,q1,2020
0001590714-20-000023,DeferredIncomeTaxExpenseBenefit,us-gaap/2019,20181231,4,USD,,,-54700000.0,,q1,2020
0001193125-20-026877,FiniteLivedIntangibleAssetsNet,us-gaap/2019,20180930,0,USD,ConsolidationItems=ConsolidationEliminations;LegalEntity=AcquisitionCorpIssuer;,,0.0,,q1,2020
0000793952-20-000008,DefinedBenefitPlanAssetsForPlanBenefitsNoncurrent,us-gaap/2019,20181231,0,USD,RetirementPlanType=DefinedBenefitPostretirementHealthCoverage;,,0.0,,q1,2020
0001193125-20-047353,RealEstateInvestmentPropertyAtCost,us-gaap/2019,20191231,0,USD,RealEstateAndAccumulatedDepreciationDescriptionOfProperty=TacoBuenoAbileneTXOne;,,1328000.0,,q1,2020
0001564590-20-005276,CostOfGoodsAndServicesSold,us-gaap/2019,20180331,1,USD,BusinessSegments=TruckPartsAndOther;,,4535500000.0,,q1,2020
0001193125-20-068594,OtherComprehensiveIncomeNetOfTaxChangeInFairValueOfFinancialLiabilityAttributableToChangeInCreditRiskOfLiability,ifrs/2019,20171231,4,GBP,ComponentsOfEquity=EquityAttributableToOwnersOfParent;,,-22000000.0,,q1,2020
0001017413-20-000013,AccrualsClassifiedAsCurrent,ifrs/2019,20191231,0,CAD,Maturity=NotLaterThanOneYear;TypesOfRisks=LiquidityRisk;,,2611000000.0,,q1,2020
0001193125-20-035808,GeneralFundAssets,0001193125-20-035808,20191231,0,CAD,GeographicalAreas=CA;Segments=SunLifeFinancialCorporate;,,3202000000.0,,q1,2020
0001564590-20-006801,PropertyPlantAndEquipmentNet,us-gaap/2019,20181231,0,USD,ConsolidatedEntities=ParentCompany;,,0.0,,q1,2020
0001584423-20-000006,CashCashEquivalentsRestrictedCashAndRestrictedCashEquivalents,us-gaap/2019,20171231,0,USD,ConsolidatedEntities=NonGuarantorSubsidiaries;ConsolidationItems=ReportableLegalEntities;,,783000.0,,q1,2020
0000103730-20-000013,OperatingLeaseRightOfUseAsset,us-gaap/2019,20181231,0,USD,AdjustmentsForNewAccountingPronouncements=NewAccountingPronouncement;PropertyPlantAndEquipmentByType=BuildingAndBuildingImprovements;,,86058000.0,,q1,2020
0000202058-20-000011,Assets,us-gaap/2019,20191231,0,USD,BusinessSegments=AviationSystems;,,7569000000.0,,q1,2020
0001193125-20-082866,Goodwill,ifrs/2019,20181231,0,USD,GeographicalAreas=OtherNorthAmericaCountries;,,1891000000.0,,q1,2020
0001338065-20-000008,PartnersCapitalAccountDistributions,us-gaap/2018,20191231,0,USD,PartnerTypeOfPartnersCapitalAccount=SeriesBPreferredLimitedPartners;,,4000000.0,,q1,2020
0001193125-20-056815,UnrealizedGainLossOnInvestments,us-gaap/2019,20191231,4,USD,BusinessSegments=ProsharesUltraSilver;InvestmentType=Swap;,,25135898.0,,q1,2020
0001193125-20-067508,NoncurrentRestrictedCashAndCashEquivalents,ifrs/2019,20191231,0,USD,Segments=CosalaOperationsSegment;,,145000.0,,q1,2020
0001562762-20-000077,IntangibleAssetsNetExcludingGoodwill,us-gaap/2019,20181231,0,USD,FiniteLivedIntangibleAssetsByMajorClass=OtherIntangibleAssets;,,10000000.0,,q1,2020
0001489393-20-000009,Revenues,us-gaap/2019,20171231,4,USD,Geographical=DE;,,2746000000.0,,q1,2020
0001527541-20-000025,PreferredStockAccretionOfRedemptionDiscount,us-gaap/2019,20181231,4,USD,ClassOfStock=SeriesBPreferredStock;EquityComponents=PreferredStock;,,87000.0,,q1,2020
0001654954-20-003363,OtherComprehensiveIncomeLossNetOfTax,us-gaap/2019,20181231,4,USD,EquityComponents=OtherComprehensiveIncome;,,-2396.0,,q1,2020
0001656936-20-000007,DerivativeInstrumentsNotDesignatedAsHedgingInstrumentsGainLossNet,us-gaap/2018,20191231,4,USD,ConsolidationItems=ConsolidationEliminations;,,0.0,,q1,2020
0000006955-20-000003,EffectOfExchangeRateOnCashAndCashEquivalents,us-gaap/2019,20181130,1,USD,ConsolidationItems=ConsolidationEliminations;,,0.0,,q1,2020
0001564590-20-008427,PreferredStockSharesAuthorized,us-gaap/2019,20191231,0,shares,ClassOfStock=SeriesAPreferredStock;,,400000.0,,q1,2020
0001493152-20-001062,IncomeTaxExpenseBenefit,us-gaap/2019,20191231,1,USD,BusinessSegments=Corporate;,,95000.0,,q1,2020
0000066382-20-000002,StockholdersEquityIncludingPortionAttributableToNoncontrollingInterest,us-gaap/2018,20190531,0,USD,EquityComponents=RetainedEarnings;,,712700000.0,,q1,2020
0001493152-20-001058,StockholdersEquityIncludingPortionAttributableToNoncontrollingInterest,us-gaap/2019,20190930,0,USD,EquityComponents=RetainedEarnings;,,-39424000.0,,q1,2020
0001654954-20-003419,StockIssuedDuringPeriodValueIssuedForServices,us-gaap/2019,20191231,4,USD,EquityComponents=RetainedEarnings;,,0.0,,q1,2020
0001574197-20-000004,OtherComprehensiveIncomeLossNetOfTax,us-gaap/2019,20181231,4,USD,EquityComponents=Parent;,,-718000.0,,q1,2020
0000051253-20-000007,GainLossOnSaleOfPropertyPlantEquipment,us-gaap/2019,20181231,4,USD,BusinessSegments=CorporateAndOther;,,1177000.0,,q1,2020
0001640334-20-000268,StockholdersEquity,us-gaap/2018,20190930,0,USD,EquityComponents=RetainedEarnings;,,-37025334.0,,q1,2020
0000858470-20-000012,IncomeLossFromEquityMethodInvestments,us-gaap/2019,20171231,4,USD,ScheduleOfEquityMethodInvestmentEquityMethodInvesteeName=MeadePipelineCoLLC;,,-18000.0,,q1,2020
0000351569-20-000019,DeferredIncomeTaxExpenseBenefit,us-gaap/2019,20171231,4,USD,ConsolidatedEntities=ParentCompany;,,-4620000.0,,q1,2020
0001694426-20-000011,AssetRetirementObligationsNoncurrent,us-gaap/2019,20181231,0,USD,,,75500000.0,,q1,2020
0001439095-20-000015,Assets,us-gaap/2019,20191231,0,USD,,,2325000000.0,,q1,2020
0001564590-20-007459,CommitmentsAndContingencies,us-gaap/2019,20181231,0,USD,,,,,q1,2020
0001104659-20-007928,WeightedAverageNumberOfSharesOutstandingBasic,us-gaap/2019,20181231,4,shares,,,43159000.0,,q1,2020
0001628280-20-003186,WeightedAverageNumberOfSharesOutstandingBasic,us-gaap/2019,20181231,4,shares,,,16487000.0,,q1,2020
0001646972-20-000006,StockholdersEquityOther,us-gaap/2019,20181130,1,USD,,,1600000.0,,q1,2020
0001331463-20-000050,TransferToOtherRealEstate,us-gaap/2019,20191231,4,USD,,,2020000.0,,q1,2020
0001047469-20-000885,SellingGeneralAndAdministrativeExpense,us-gaap/2019,20191231,4,USD,,,40329000.0,,q1,2020
0001564590-20-012674,PropertyPlantAndEquipment,ifrs/2019,20181231,0,CNY,,,168000000.0,,q1,2020
0001477932-20-001351,PropertyPlantAndEquipmentNet,us-gaap/2019,20190731,0,USD,,,145138.0,,q1,2020
0001564590-20-006375,RealEstateTaxExpense,us-gaap/2019,20171231,4,USD,,,13730000.0,,q1,2020
0001140361-20-006095,ProceedsFromSaleOfPropertyPlantAndEquipment,us-gaap/2019,20191231,4,USD,,,442000.0,,q1,2020
0001140361-20-004386,OtherRealEstateOwnedAndRepossessedAssetsWritedown,0001140361-20-004386,20171231,4,USD,,,3034000.0,,q1,2020
0001193125-20-058848,PaymentsToAcquireBusinessesNetOfCashAcquired,us-gaap/2019,20171231,4,USD,,,0.0,,q1,2020
0001493152-20-004674,OtherLiabilities,us-gaap/2019,20181231,0,USD,,,1872000.0,,q1,2020
0001564590-20-006408,OperatingExpenses,us-gaap/2019,20171231,4,USD,,,22254000.0,,q1,2020
0000805676-20-000040,OtherRealEstateAndForeclosedAssets,us-gaap/2019,20181231,0,USD,,,4303000.0,,q1,2020
0001558370-20-001165,PaymentsForProceedsFromOtherInvestingActivities,us-gaap/2019,20181231,4,USD,,,0.0,,q1,2020
0001388430-20-000003,NetIncomeLossFromContinuingOperationsAvailableToCommonShareholdersBasic,us-gaap/2019,20180630,1,USD,,,19503000.0,,q1,2020
0000012927-20-000014,OtherComprehensiveIncomeLossReclassificationAdjustmentFromAOCIPensionAndOtherPostretirementBenefitPlansForNetGainLossNetOfTax,us-gaap/2019,20191231,4,USD,,,-464000000.0,,q1,2020
0001047469-20-000945,NetCashProvidedByUsedInFinancingActivities,us-gaap/2018,20191031,3,USD,,,7179000.0,,q1,2020
0001277902-20-000022,NetIncomeLoss,us-gaap/2019,20180930,1,USD,,,3579000.0,,q1,2020
0000216228-20-000005,LiabilitiesAndStockholdersEquity,us-gaap/2019,20181231,0,USD,,,3846800000.0,,q1,2020
0000785161-20-000011,Liabilities,us-gaap/2019,20191231,0,USD,,,4148000000.0,,q1,2020
0001299130-20-000008,Liabilities,us-gaap/2019,20191231,0,USD,,,93068000.0,,q1,2020
0001654954-20-001984,IncreaseDecreaseInDeposits,us-gaap/2018,20181231,4,USD,,,,,q1,2020
0001564590-20-004019,IncreaseDecreaseInDeposits,us-gaap/2019,20191231,1,USD,,,6534000.0,,q1,2020
0001564590-20-005570,IncreaseDecreaseInOperatingAssets,us-gaap/2019,20171231,4,USD,,,13913000.0,,q1,2020
0000079879-20-000008,IncomeLossFromContinuingOperationsPerBasicShare,us-gaap/2018,20171231,4,USD,,,5.34,,q1,2020
0001370946-20-000015,RevenueFromContractWithCustomerExcludingAssessedTax,us-gaap/2019,20191231,4,USD,BusinessSegments=IntersegmentElimination;Geographical=AsiaPacific;,,0.0,,q1,2020
0000101778-20-000023,IncreaseDecreaseInAccountsPayableAndAccruedLiabilities,us-gaap/2019,20191231,4,USD,,,-187000000.0,,q1,2020
0000028917-20-000041,IncomeTaxExpenseBenefit,us-gaap/2018,20200131,4,USD,,,22810000.0,,q1,2020
0001664703-20-000013,CostOfRevenue,us-gaap/2019,20190331,1,USD,ProductOrService=Product;Restatement=ScenarioPreviouslyReported;,,124000000.0,,q1,2020
0000073124-20-000101,HeldToMaturitySecurities,us-gaap/2019,20191231,0,USD,FinancialInstrument=CoveredBonds;,,3006700000.0,,q1,2020
0001728949-20-000011,EquipmentAndServices,0001728949-20-000011,20181231,1,USD,,,3754000000.0,,q1,2020
0001628280-20-003011,EquityAttributableToOwnersOfParent,ifrs/2019,20171231,0,CAD,,,9162900000.0,,q1,2020
0001564590-20-009788,FinanceIncome,ifrs/2019,20191231,4,GBP,,,1049000.0,,q1,2020
0001628280-20-001155,GeneralAndAdministrativeExpense,us-gaap/2018,20191231,3,USD,,,236023000.0,,q1,2020
0001493152-20-004440,StockIssuedDuringPeriodValueReverseMerger,0001493152-20-004440,20181231,4,USD,EquityComponents=CommonStockReceivable;,,,,q1,2020
0000077360-20-000006,OperatingIncomeLoss,us-gaap/2019,20171231,4,USD,ConsolidatedEntities=GuarantorSubsidiaries;,,-600000.0,,q1,2020
0001564590-20-009076,PaymentsOfDividends,us-gaap/2019,20191231,4,USD,ConsolidatedEntities=NonGuarantorSubsidiaries;,,0.0,,q1,2020
0001439288-20-000017,OtherLiabilitiesCurrent,us-gaap/2019,20190331,0,USD,CategoriesOfOtherLiabilities=AccruedIncomeTaxesCurrent;,,20300000.0,,q1,2020
0001564590-20-014294,MortgageLoansOnRealEstateCommercialAndConsumerNet,us-gaap/2019,20191231,0,USD,Geographical=Sutter;,,3815000.0,,q1,2020
0001104659-20-021587,TradeAndOtherCurrentPayables,ifrs/2019,20181231,0,CAD,UnconsolidatedStructuredEntities=UnconsolidatedStructuredEntities;,,19000000.0,,q1,2020
0001104659-20-028557,CashFlowsUsedInObtainingControlOfSubsidiariesOrOtherBusinessesClassifiedAsInvestingActivities,ifrs/2019,20171231,4,USD,,,1450000000.0,,q1,2020
0001564590-20-009044,BusinessCombinationAcquisitionRelatedCosts,us-gaap/2019,20181231,4,USD,,,9803000.0,,q1,2020
0001213900-20-001428,BadDebtRecoveryExpense,0001213900-20-001428,20191130,1,USD,,,2981.0,,q1,2020
0001509991-20-000052,CashCashEquivalentsRestrictedCashAndRestrictedCashEquivalentsPeriodIncreaseDecreaseIncludingExchangeRateEffect,us-gaap/2019,20191231,4,USD,,,43730000.0,,q1,2020
0000913778-20-000003,IncreaseDecreaseInDueToAffiliates,us-gaap/2019,20191231,3,USD,TaxCreditSeries=SeriesTwentyTwo;,,0.0,,q1,2020
0000914748-20-000002,RetainedEarningsAccumulatedDeficit,us-gaap/2019,20190331,0,USD,Restatement=ScenarioPreviouslyReported;,,4321830000.0,,q1,2020
0001104659-20-027017,PaymentsToAcquirePropertyPlantAndEquipment,us-gaap/2019,20191231,4,USD,BusinessSegments=SupportServices;,,10330000.0,,q1,2020
0001193125-20-082389,AccruedLiabilitiesAndOtherLiabilities,us-gaap/2019,20191231,0,USD,BusinessSegments=VivintInc;,,1000000.0,,q1,2020
0000078128-20-000005,CashCashEquivalentsRestrictedCashAndRestrictedCashEquivalentsPeriodIncreaseDecreaseIncludingExchangeRateEffect,us-gaap/2019,20171231,4,USD,ConsolidatedEntities=ParentCompany;,,,,q1,2020
0000021076-20-000004,AccumulatedDepreciationDepletionAndAmortizationPropertyPlantAndEquipment,us-gaap/2018,20191231,0,USD,,,2185000000.0,,q1,2020
0001518715-20-000047,ComprehensiveIncomeNetOfTax,us-gaap/2019,20181231,4,USD,,,31710000.0,,q1,2020
0001167609-20-000003,SeparateAccountAssets,us-gaap/2019,20181231,0,USD,FairValueByMeasurementFrequency=FairValueMeasurementsRecurring;,,4268000000.0,,q1,2020
0001558370-20-001661,DepreciationAndAmortization,us-gaap/2019,20171231,4,USD,DerivativeInstrumentsGainLossByHedgingRelationship=CashFlowHedging;,,509957000.0,,q1,2020
0001697500-20-000006,AdjustmentsToAdditionalPaidInCapitalSharebasedCompensationRequisiteServicePeriodRecognitionValue,us-gaap/2019,20191231,4,USD,EquityComponents=AdditionalPaidInCapital;,,3030000.0,,q1,2020
0000356037-20-000004,WeightedAverageNumberOfDilutedSharesOutstanding,us-gaap/2018,20181231,1,shares,,,3966000.0,,q1,2020
0001047122-20-000009,RepaymentsOfLongTermDebt,us-gaap/2019,20191231,4,USD,,,0.0,,q1,2020
0001437749-20-003965,ResearchAndDevelopmentExpense,us-gaap/2019,20181231,4,USD,,,41759000.0,,q1,2020
0001579877-20-000038,ShortTermBorrowings,us-gaap/2019,20181231,0,USD,,,160000000.0,,q1,2020
0001062993-20-001315,StockholdersEquity,us-gaap/2019,20190430,0,USD,,,3225897.0,,q1,2020
0001213900-20-006147,ProceedsFromSaleOfOtherInvestments,us-gaap/2019,20181231,4,USD,,,680000.0,,q1,2020
0000950103-20-006422,ProfitLoss,ifrs/2019,20181231,4,TWD,,,27424309000.0,,q1,2020
0001273685-20-000022,ProfitLossFromRealEstateOperations,us-gaap/2019,20181231,4,USD,,,6163000.0,,q1,2020
0000802681-20-000092,ProvisionForLoanAndLeaseLosses,us-gaap/2019,20190930,1,USD,,,919000.0,,q1,2020
0001564590-20-011218,ProfitLoss,us-gaap/2019,20181231,4,USD,,,-67476000.0,,q1,2020
0001104659-20-040370,RealEstateInvestmentPropertyAccumulatedDepreciation,us-gaap/2019,20191231,0,USD,,,40230000.0,,q1,2020
0001442145-20-000012,ProceedsFromRepaymentsOfDebt,us-gaap/2019,20171231,4,USD,,,0.0,,q1,2020
0001564590-20-006075,PremiumsCommissionsAndFeesReceivable,0001564590-20-006075,20181231,0,USD,,,844815000.0,,q1,2020
0001012477-20-000007,OtherOperatingActivitiesCashFlowStatement,us-gaap/2018,20171231,4,USD,,,-968000.0,,q1,2020
0001558370-20-003389,PaymentsRelatedToTaxWithholdingForShareBasedCompensation,us-gaap/2019,20180131,4,USD,,,6114000.0,,q1,2020
0001628280-20-002657,NetCashProvidedByUsedInInvestingActivities,us-gaap/2019,20171231,4,USD,,,-1908581000.0,,q1,2020
0001628280-20-002743,IncomeLossFromEquityMethodInvestmentsNetOfDividendsOrDistributions,us-gaap/2018,20171231,4,USD,BusinessSegments=IndustrialActivities;,,107000000.0,,q1,2020
0001558370-20-003016,Provisions,ifrs/2019,20191231,0,MXN,ClassesOfProvisions=ProvisionForOffBalanceSheetRisk;,,1075000000.0,,q1,2020
0001558370-20-000537,MineralPropertiesNet,us-gaap/2019,20191231,0,USD,BusinessSegments=RoyaltyInterestSegment;,,707694000.0,,q1,2020
0001607062-20-000067,ConversionOfPreferredSeriesI,0001607062-20-000067,20190131,2,USD,EquityComponents=SubTotal;,,-1.0,,q1,2020
0001564590-20-009887,IssueOfEquity,ifrs/2018,20191231,4,USD,ComponentsOfEquity=EquityAttributableToOwnersOfParent;,,500402000.0,,q1,2020
0001171843-20-002175,ProfitLoss,ifrs/2019,20171231,4,USD,ComponentsOfEquity=EquityAttributableToOwnersOfParent;,,9384000.0,,q1,2020
0001193125-20-000685,Liabilities,ifrs/2018,20181231,0,USD,LevelsOfFairValueHierarchy=Level2OfFairValueHierarchy;Measurement=RecurringFairValueMeasurement;,,208000000.0,,q1,2020
0000842180-20-000006,IncreaseDecreaseThroughSharebasedPaymentTransactions,ifrs/2019,20181231,4,EUR,ComponentsOfEquity=RevaluationSurplus;,,0.0,,q1,2020
0001628280-20-001784,ProfitLossBeforeTax,ifrs/2018,20181231,4,USD,SegmentConsolidationItems=OperatingSegmentsIncludingAdjustments;Segments=Corporate1;,,461000000.0,,q1,2020
0000804753-20-000007,CashAndCashEquivalentsAtCarryingValue,us-gaap/2019,20161231,0,USD,,,170861000.0,,q1,2020
0001493152-20-005149,CashAndCashEquivalentsAtCarryingValue,us-gaap/2019,20191231,0,USD,,,3245000.0,,q1,2020
0000913144-20-000024,ComprehensiveIncomeNetOfTaxAttributableToNoncontrollingInterest,us-gaap/2019,20191231,4,USD,ConsolidatedEntities=ParentCompany;,,0.0,,q1,2020
0001558370-20-000490,StockIssuedDuringPeriodValueEmployeeStockPurchasePlan,us-gaap/2019,20181231,1,USD,EquityComponents=AdditionalPaidInCapital;,,34000.0,,q1,2020
0001628280-20-001676,StockIssuedDuringPeriodValueConversionOfUnits,us-gaap/2019,20191231,3,USD,,,278248000.0,,q1,2020
0001493152-20-001114,StockIssuedDuringPeriodValueIssuedForServices,us-gaap/2019,20190930,1,USD,,,3500.0,,q1,2020
0000887921-20-000006,TreasuryStockValue,us-gaap/2019,20181231,0,USD,,,31900000.0,,q1,2020
0001493152-20-001058,WeightedAverageNumberOfDilutedSharesOutstanding,us-gaap/2019,20181231,1,shares,,,,,q1,2020
0000890163-20-000013,ResearchAndDevelopmentExpense,us-gaap/2019,20191231,4,USD,,,427095.0,,q1,2020
0001213900-20-008074,ResearchAndDevelopmentExpense,us-gaap/2019,20191231,4,USD,,,492000.0,,q1,2020
0001558370-20-002771,ServicingFeesAmount,0001558370-20-002771,20181231,4,USD,,,5741000.0,,q1,2020
0001437749-20-001155,ProfitLoss,us-gaap/2019,20191130,4,USD,,,130844000.0,,q1,2020
0001345016-20-000009,ReleaseOfEscrowDeposit,0001345016-20-000009,20191231,4,USD,,,28750000.0,,q1,2020
0001564590-20-005646,RetainedEarningsAccumulatedDeficit,us-gaap/2019,20181231,0,USD,,,638912000.0,,q1,2020
0001286225-20-000011,PreferredStockParOrStatedValuePerShare,us-gaap/2019,20181231,0,USD,,,1.0,,q1,2020
0000318154-20-000017,ProceedsFromPaymentsForOtherFinancingActivities,us-gaap/2019,20171231,4,USD,,,51000000.0,,q1,2020
0001709164-20-000007,ProceedsFromSaleOfPropertyPlantAndEquipment,us-gaap/2018,20171231,4,USD,,,21000.0,,q1,2020
0001520138-20-000026,ProfessionalFees,us-gaap/2019,20180930,1,USD,,,17380.0,,q1,2020
0001104659-20-033398,ProfitLossFromSubsidiaries,0001104659-20-033398,20181231,4,USD,,,654075.0,,q1,2020
0001095073-20-000006,OtherShortTermInvestments,us-gaap/2019,20181231,0,USD,,,240987000.0,,q1,2020
0001559865-20-000006,PaymentsToAcquirePropertyPlantAndEquipment,us-gaap/2018,20171231,4,USD,,,11290000.0,,q1,2020
0001566912-20-000015,PaymentsForProceedsFromDepositsOnRealEstateAcquisitions,us-gaap/2019,20181231,4,USD,,,2329000.0,,q1,2020
0001590364-20-000002,PaymentsForAdvanceToAffiliate,us-gaap/2019,20171231,4,USD,,,30309000.0,,q1,2020
0001718512-20-000013,OtherComprehensiveIncomeUnrealizedHoldingGainLossOnSecuritiesArisingDuringPeriodNetOfTax,us-gaap/2019,20181231,4,USD,,,0.0,,q1,2020
0000916457-20-000007,LongTermDebt,us-gaap/2019,20191231,0,USD,,,11857000000.0,,q1,2020
0000802481-20-000009,OperatingLeaseLiabilityNoncurrent,us-gaap/2019,20191231,0,USD,,,235382000.0,,q1,2020
0001558370-20-001217,OtherComprehensiveIncomeDefinedBenefitPlanNetPriorServiceCostsCreditArisingDuringPeriodNetOfTax,us-gaap/2019,20171231,4,USD,,,1038000.0,,q1,2020
0001213900-20-008056,OperatingLeasePaymentsUse,us-gaap/2019,20191231,4,USD,,,1622.0,,q1,2020
0000101830-20-000008,OtherComprehensiveIncomeLossDerivativesQualifyingAsHedgesNetOfTax,us-gaap/2018,20181231,3,USD,,,-8000000.0,,q1,2020
0001725579-20-000014,PaymentsForRedemptionOfIncentiveUnits,0001725579-20-000014,20191231,4,USD,,,0.0,,q1,2020
0001477932-20-001236,OtherNonoperatingIncomeExpense,us-gaap/2019,20190831,4,USD,,,-497920.0,,q1,2020
0001751788-20-000007,PaymentsForRepurchaseOfCommonStock,us-gaap/2019,20171231,4,USD,,,0.0,,q1,2020
0000798941-20-000014,PaymentsToAcquirePropertyPlantAndEquipment,us-gaap/2018,20181231,4,USD,,,140444000.0,,q1,2020
0001558370-20-001167,PaymentsToAcquirePropertyPlantAndEquipment,us-gaap/2019,20171231,4,USD,,,24272000.0,,q1,2020
0001420800-20-000005,PaymentsToAcquireBusinessesNetOfCashAcquired,us-gaap/2018,20171231,4,USD,,,346764000.0,,q1,2020
0001679688-20-000014,PaymentsToAcquireRealEstateAndRelatedIntangibleAssetsAndLeasingCommissions,0001679688-20-000014,20181231,4,USD,,,1349467000.0,,q1,2020
0001493152-20-001942,OperatingExpenses,us-gaap/2019,20191231,2,USD,,,6853000.0,,q1,2020
0000912593-20-000041,PaymentsForCapitalImprovements,us-gaap/2019,20171231,4,USD,,,288537000.0,,q1,2020
0001558370-20-003383,OtherComprehensiveIncomeUnrealizedHoldingGainLossOnSecuritiesArisingDuringPeriodNetOfTax,us-gaap/2019,20180131,4,USD,,,11000.0,,q1,2020
0001694665-20-000017,OtherNonoperatingIncomeExpense,us-gaap/2018,20181231,4,USD,,,-406000.0,,q1,2020
0001193125-20-055331,OperatingIncomeLoss,us-gaap/2019,20180630,1,USD,,,14531000.0,,q1,2020
0001193125-20-058202,OperatingIncomeLoss,us-gaap/2019,20190930,1,USD,,,24072000.0,,q1,2020
0001334978-20-000003,NonoperatingIncomeExpense,us-gaap/2019,20190630,1,USD,,,-9203000.0,,q1,2020
0000884614-20-000008,LiabilitiesCurrent,us-gaap/2019,20190930,0,USD,,,2026900000.0,,q1,2020
0001175454-20-000008,LiabilitiesCurrent,us-gaap/2019,20191231,0,USD,,,4463068000.0,,q1,2020
0001493152-20-004558,LaborAndRelatedExpense,us-gaap/2019,20181231,4,USD,,,1984301.0,,q1,2020
0001640334-20-000232,IncreaseDecreaseInPrepaidExpense,us-gaap/2018,20181231,4,USD,,,-198235.0,,q1,2020
0000091576-20-000007,IncomeTaxesPaidNet,us-gaap/2019,20191231,4,USD,,,18000000.0,,q1,2020
0001387131-20-003356,IncreaseDecreaseInDueFromAffiliatesCurrent,us-gaap/2019,20191231,4,USD,,,-44933.0,,q1,2020
0001413898-20-000022,IncreaseDecreaseInEmployeeRelatedLiabilities,us-gaap/2019,20180331,1,USD,,,-2089000.0,,q1,2020
0001493152-20-003981,IncreaseDecreaseInOperatingLeaseLiability,0001493152-20-003981,20200131,2,USD,,,-6077.0,,q1,2020
0000320575-20-000003,IncreaseDecreaseInOtherNoncurrentLiabilities,us-gaap/2019,20181231,4,USD,,,-426000.0,,q1,2020
0001564590-20-007455,IncreaseDecreaseInAccruedTaxesPayable,us-gaap/2019,20171231,4,USD,,,867000.0,,q1,2020
0001558370-20-002364,NetCashProvidedByUsedInOperatingActivities,us-gaap/2019,20190131,2,USD,ConsolidatedEntities=GuarantorSubsidiaries;ConsolidationItems=ReportableLegalEntities;LegalEntity=FerrellgasLP;,,24696000.0,,q1,2020
0001378789-20-000004,AmortizationofDebtIssuanceCostsandDiscountsIncludingLeasePremiums,0001378789-20-000004,20191231,4,USD,ConsolidatedEntities=GuarantorSubsidiaries;ConsolidationItems=ReportableLegalEntities;DebtInstrument=AerCapTrustAICDCNotes;,,0.0,,q1,2020
0001072627-20-000036,Assets,us-gaap/2018,20180331,0,USD,ErrorCorrectionsAndPriorPeriodAdjustmentsRestatementByRestatementPeriodAndAmount=AdjustmentsforErrorCorrection2;,,22345000.0,,q1,2020
0000102212-20-000017,GainLossOnMortgageBankingActivitiesNet,0000102212-20-000017,20171231,4,USD,,,4023000.0,,q1,2020
0001564590-20-010617,IncomeLossFromContinuingOperationsBeforeIncomeTaxesMinorityInterestAndIncomeLossFromEquityMethodInvestments,us-gaap/2019,20181231,4,USD,,,-4636000.0,,q1,2020
0001078207-20-000015,IncomeLossFromDiscontinuedOperationsNetOfTaxAttributableToReportingEntity,us-gaap/2018,20191231,1,USD,,,-176000.0,,q1,2020
0001747079-20-000038,CostsAndExpenses,us-gaap/2019,20180331,1,USD,,,79929000.0,,q1,2020
0001015328-20-000067,HeldToMaturitySecurities,us-gaap/2019,20191231,0,USD,,,1134400000.0,,q1,2020
0001493152-20-004083,EmbeddedDerivativeLiabilityAssociatedWithBridgeLoan,0001493152-20-004083,20191231,4,USD,,,,,q1,2020
0000701347-20-000004,NoninterestIncome,us-gaap/2019,20181231,4,USD,BusinessSegments=CorporateAndOther;ConsolidationItems=OperatingSegments;ProductOrService=InvestmentSecuritiesGainsLosses;,,0.0,,q1,2020
0001511337-20-000006,EarningsPerShareBasic,us-gaap/2018,20191231,1,USD,,,0.17,,q1,2020
0001140361-20-004834,EarningsPerShareBasicAndDiluted,us-gaap/2019,20190630,1,USD,,,-0.28,,q1,2020
0001628280-20-002699,EarningsPerShareBasicAndDiluted,us-gaap/2019,20181231,4,USD,,,-3.93,,q1,2020
0001558370-20-002082,DividendsPreferredStockCash,us-gaap/2018,20190930,1,USD,,,2297000.0,,q1,2020
0000733076-20-000004,AvailableForSaleSecuritiesDebtSecurities,us-gaap/2019,20181231,0,USD,FairValueByFairValueHierarchyLevel=FairValueInputsLevel2;FairValueByMeasurementFrequency=FairValueMeasurementsRecurring;,,58055000000.0,,q1,2020
0001324424-20-000009,AdjustmentsToAdditionalPaidInCapitalSharebasedCompensationRequisiteServicePeriodRecognitionValue,us-gaap/2019,20171231,4,USD,EquityComponents=AdditionalPaidInCapital;,,148000000.0,,q1,2020
0001178913-20-000927,AdjustmentsForIncreaseDecreaseInDeferredIncomeFromHotMobile,0001178913-20-000927,20191231,4,ILS,,,-31000000.0,,q1,2020
0001636050-20-000009,AdjustmentstoAdditionalPaidinCapitalRelatedPartyCapitalContribution,0001636050-20-000009,20180930,1,USD,,,422000.0,,q1,2020
0001504461-20-000013,AssetsCurrent,us-gaap/2019,20191231,0,USD,,,1341512000.0,,q1,2020
0001504461-20-000013,PartnersCapitalIncludingPortionAttributableToNoncontrollingInterest,us-gaap/2019,20191231,0,USD,PartnerCapitalComponents=NoncontrollingInterest;,,74739000.0,,q1,2020
0000875357-20-000017,AvailableForSaleSecuritiesDebtSecurities,us-gaap/2019,20191231,0,USD,FairValueByFairValueHierarchyLevel=FairValueInputsLevel3;FairValueByMeasurementFrequency=FairValueMeasurementsRecurring;FinancialInstrument=MortgageBackedSecuritiesIssuedByUSGovernmentSponsoredEnterprises;,,0.0,,q1,2020
0001558370-20-001494,StockholdersEquity,us-gaap/2019,20191231,0,USD,EconomicPerformanceGroup=LibertyBravesGroup;,,378000000.0,,q1,2020
0001213900-20-004782,TradeAndOtherCurrentPayables,ifrs/2019,20181231,0,USD,Maturity=LaterThanOneYearAndNotLaterThanTwoYears;,,,,q1,2020
0001552275-20-000007,PartnersCapital,us-gaap/2019,20191231,0,USD,LimitedPartnersCapitalAccountByClass=CommonUnits;,,758000000.0,,q1,2020
0001628280-20-002559,OtherComprehensiveIncomeLossReclassificationAdjustmentFromAOCIPensionAndOtherPostretirementBenefitPlansForNetGainLossBeforeTax,us-gaap/2019,20181231,4,USD,RetirementPlanType=PensionPlan;,,-34000.0,,q1,2020
0001410384-20-000025,CashAndCashEquivalentsAtCarryingValue,us-gaap/2019,20191231,0,USD,CashAndCashEquivalents=MoneyMarketFunds;,,14518000.0,,q1,2020
0001628280-20-003659,CommonStockValue,us-gaap/2019,20180930,0,USD,Restatement=ScenarioPreviouslyReported;,,304000.0,,q1,2020
0000759944-20-000030,CashCashEquivalentsRestrictedCashAndRestrictedCashEquivalents,us-gaap/2019,20181231,0,USD,ConsolidatedEntities=ParentCompany;,,961000000.0,,q1,2020
0000811596-20-000010,ContractWithCustomerAssetNetCurrent,us-gaap/2019,20181231,0,USD,,,54900000.0,,q1,2020
0001386278-20-000020,CashCashEquivalentsRestrictedCashAndRestrictedCashEquivalentsPeriodIncreaseDecreaseIncludingExchangeRateEffect,us-gaap/2019,20171231,4,USD,,,265334000.0,,q1,2020
0001477932-20-001718,CapitalLeaseObligationsNoncurrent,us-gaap/2019,20181231,0,USD,,,,,q1,2020
0001564590-20-003566,ComprehensiveIncomeNetOfTax,us-gaap/2019,20191231,2,USD,,,-15000.0,,q1,2020
0001628280-20-004231,ComprehensiveIncomeNetOfTax,us-gaap/2019,20200131,4,USD,,,-336267000.0,,q1,2020
0001493152-20-003981,ComprehensiveIncomeNetOfTaxIncludingPortionAttributableToNoncontrollingInterest,us-gaap/2019,20200131,2,USD,,,-585043.0,,q1,2020
0001564590-20-014267,StockholdersEquityIncludingPortionAttributableToNoncontrollingInterest,us-gaap/2019,20161231,0,USD,,,244864000.0,,q1,2020
0001564590-20-005272,StockIssuedDuringPeriodSharesStockOptionsExercised,us-gaap/2019,20191231,4,shares,,,707849.0,,q1,2020
0000768835-20-000033,TreasuryStockShares,us-gaap/2019,20200131,0,shares,,,78458000.0,,q1,2020
0001474903-20-000011,Revenues,us-gaap/2019,20190630,1,USD,,,73857890.0,,q1,2020
0001628280-20-003884,RegulatoryLiabilityNoncurrent,us-gaap/2018,20181231,0,USD,,,218998000.0,,q1,2020
0001564590-20-010259,ProceedsFromStockOptionsExercised,us-gaap/2019,20191231,4,CNY,,,146954000.0,,q1,2020
0001592386-20-000003,SecuritiesSoldUnderAgreementsToRepurchase,us-gaap/2019,20191231,0,USD,,,340742000.0,,q1,2020
0001109546-20-000008,RepaymentsOfDebt,us-gaap/2019,20191231,4,USD,,,105000000.0,,q1,2020
0001111335-20-000003,ProfitLoss,us-gaap/2018,20190331,1,USD,,,16000000.0,,q1,2020
0001564590-20-010804,ProceedsFromSaleOfLoansOriginatedForSale,0001564590-20-010804,20171231,4,USD,,,11082000.0,,q1,2020
0001561680-20-000021,ProfitLoss,us-gaap/2019,20190930,1,USD,,,62861000.0,,q1,2020
0001596993-20-000006,RestrictedCashAndCashEquivalentsNoncurrent,us-gaap/2019,20191231,0,USD,,,35630353.0,,q1,2020
0000110019-20-000003,PropertyPlantAndEquipmentGross,us-gaap/2019,20191231,0,USD,,,3593186000.0,,q1,2020
0001493152-20-002830,ProfessionalFees,us-gaap/2019,20190331,4,USD,,,1620370.0,,q1,2020
0001463101-20-000021,OtherNonoperatingIncomeExpense,us-gaap/2019,20180930,1,USD,,,-379000.0,,q1,2020
0001213900-20-003630,OfficeAndMiscellaneous,0001213900-20-003630,20181231,3,USD,,,206903.0,,q1,2020
0001108827-20-000009,OtherComprehensiveIncomeDefinedBenefitPlansNetUnamortizedGainLossArisingDuringPeriodNetOfTax,us-gaap/2018,20181231,4,USD,,,-4200000.0,,q1,2020
0001005201-20-000021,NoncashOrPartNoncashAcquisitionValueOfAssetsAcquired1,us-gaap/2018,20171231,4,USD,,,19900000.0,,q1,2020
0001178913-20-000737,Liabilities,us-gaap/2019,20181231,0,USD,,,206850000.0,,q1,2020
0000095953-20-000021,NetIncomeLoss,us-gaap/2019,20180630,1,USD,,,3677000.0,,q1,2020
0001295401-20-000025,LeasingIncome,0001295401-20-000025,20181231,4,USD,,,3071000.0,,q1,2020
0000006955-20-000003,LiabilitiesCurrent,us-gaap/2019,20190831,0,USD,,,300401000.0,,q1,2020
0001575189-20-000018,LongTermDebtNoncurrent,us-gaap/2019,20181231,0,USD,,,1515911000.0,,q1,2020
0001000753-20-000013,IntangibleAssetsNetIncludingGoodwill,us-gaap/2018,20181231,0,USD,,,12726000.0,,q1,2020
0001199835-20-000070,InterestPaid,us-gaap/2019,20180930,3,USD,,,,,q1,2020
0001564590-20-010843,IncomeTaxesPaid,us-gaap/2019,20181231,4,USD,,,1350000.0,,q1,2020
0001564590-20-007443,InterestPaidNet,us-gaap/2019,20181231,4,USD,,,48450000.0,,q1,2020
0001784031-20-000003,InterestPaidNet,us-gaap/2019,20191231,4,USD,,,903000.0,,q1,2020
0001437749-20-006014,LaborAndRelatedExpense,us-gaap/2019,20181231,4,USD,,,11802000.0,,q1,2020
0001193125-20-086292,InterestAndDividendIncomeOperating,us-gaap/2019,20181231,4,USD,,,604950.0,,q1,2020
0001178913-20-000541,InvestmentIncomeNet,us-gaap/2019,20171231,4,USD,,,849000.0,,q1,2020
0000917520-20-000010,OtherComprehensiveIncomeLossNetOfTaxPortionAttributableToParent,us-gaap/2019,20191231,4,USD,EquityComponents=AccumulatedGainLossNetCashFlowHedgeParent;,,-21812000.0,,q1,2020
0001564590-20-006432,StockholdersEquityIncludingPortionAttributableToNoncontrollingInterest,us-gaap/2019,20191231,0,USD,EquityComponents=AccumulatedDefinedBenefitPlansAdjustmentNetUnamortizedGainLoss;RetirementPlanType=PensionPlansDefinedBenefit;,,-93174000.0,,q1,2020
0001193125-20-048258,ConsumerLoans,ifrs/2019,20191031,0,CAD,FairValueMeasurement=NotCarriedAtFairValue;Measurement=AtCarryingValue;,,67200000000.0,,q1,2020
0001070154-20-000008,LoansAndLeasesReceivableGrossCarryingAmount,us-gaap/2019,20181231,0,USD,AccountsNotesLoansAndFinancingReceivableByReceivableType=OriginatedLoan;EquitySecuritiesByIndustry=CommercialAndIndustrialSector;FinancingReceivablePortfolioSegment=CommercialPortfolioSegment;FinancingReceivableRecordedInvestmentByClassOfFinancingReceivable=CommercialAndIndustrial;,,2321131000.0,,q1,2020
0001562762-20-000105,ProfitLossAttributableToOwnersOfParent,ifrs/2019,20171231,4,EUR,ProductsAndServices=BankingActivities;Segments=RetailBelgium;,,491000000.0,,q1,2020
0000915389-20-000016,GainsLossesOnExtinguishmentOfDebt,us-gaap/2019,20191231,4,USD,,,0.0,,q1,2020
0000063908-20-000022,IncreaseDecreaseInAccountsPayable,us-gaap/2019,20191231,4,USD,,,-26800000.0,,q1,2020
0001483798-20-000012,IncreaseDecreaseInAccountsPayable,us-gaap/2019,20120331,1,USD,,,,,q1,2020
0001171843-20-002175,EquityAttributableToOwnersOfParent,ifrs/2019,20181231,0,USD,,,70463000.0,,q1,2020
0001104659-20-036526,ExpenseWaiver,0001104659-20-036526,20190331,1,USD,,,20977.0,,q1,2020
0001564590-20-008959,CostsAndExpenses,us-gaap/2019,20181231,4,USD,,,258621000.0,,q1,2020
0001262463-20-000009,GainLossOnInvestments,us-gaap/2019,20190930,3,USD,,,-107961.0,,q1,2020
0001061219-20-000014,NonoperatingIncomeExpense,us-gaap/2019,20191231,4,USD,ConsolidatedEntities=SubsidiaryIssuer;,,-1224000000.0,,q1,2020
0001628280-20-002318,WeightedAverageNumberOfSharesOutstandingBasic,us-gaap/2019,20181231,4,shares,ClassOfStock=CommonClassB;LegalEntity=ESHHospitalityInc.;,,189389000.0,,q1,2020
0000072909-20-000003,RegulatoryLiabilityCurrent,us-gaap/2019,20191231,0,USD,RegulatoryLiability=PlantRemovalCosts;,,0.0,,q1,2020
0001564590-20-000510,RestructuringCharges,us-gaap/2019,20191130,1,USD,RestructuringPlan=TwoThousandAndTwentyMarginAccelerationPlanToGrowthPlan;,,4801000.0,,q1,2020
0001104659-20-024879,ShortTermInvestments,us-gaap/2019,20181231,0,USD,CashCashEquivalentsAndShortTermInvestments=CashAndEquivalentsAndMarketableSecuritiesAndShorttermInvestmentsChangesInFairValueRecordedInOtherComprehensiveIncome;,,302000000.0,,q1,2020
0000092380-20-000024,EarningsPerShareBasic,us-gaap/2019,20191231,1,USD,,,0.98,,q1,2020
0001564590-20-008982,DividendsCommonStockCash,us-gaap/2019,20170630,0,USD,,,4600000.0,,q1,2020
0001298946-20-000032,EarningsPerShareDiluted,us-gaap/2019,20180630,1,USD,,,0.14,,q1,2020
0001628280-20-001784,NetOperatingIncome,0001628280-20-001784,20191231,4,USD,SegmentConsolidationItems=OperatingSegmentsIncludingAdjustments;Segments=GlobalPrivateBanking;,,1826000000.0,,q1,2020
0001640334-20-000582,StockholdersEquity,us-gaap/2019,20171231,0,USD,EquityComponents=CommonStock;,,33623.0,,q1,2020
0001091818-20-000029,StockholdersEquity,us-gaap/2019,20191231,0,USD,EquityComponents=CommonStock;,,2240.0,,q1,2020
0001104659-20-024194,StockIssuedDuringPeriodValueStockOptionsExercised,us-gaap/2019,20171231,4,USD,EquityComponents=TreasuryStock;,,2166000.0,,q1,2020
0001493152-20-004306,AccountsPayableCurrent,us-gaap/2019,20191231,0,USD,,,2227000.0,,q1,2020
0001493152-20-004642,AccumulatedOtherComprehensiveIncomeLossNetOfTax,us-gaap/2019,20180430,0,USD,,,2249000.0,,q1,2020
0001564590-20-001132,CommonStockSharesIssued,us-gaap/2019,20190831,0,shares,,,3594000.0,,q1,2020
0001493152-20-004848,CommonStockSharesAuthorized,us-gaap/2019,20181231,0,shares,,,41666666.0,,q1,2020
0000916457-20-000007,CommonStockSharesOutstanding,us-gaap/2019,20181231,0,shares,,,105.2,,q1,2020
0001564590-20-008465,CommonStockValueOutstanding,us-gaap/2019,20191231,0,USD,,,1652000.0,,q1,2020
0001346980-20-000035,CostOfGoodsAndServicesSold,us-gaap/2018,20191231,4,USD,,,0.0,,q1,2020
0001104659-20-020146,CostOfGoodsAndServicesSold,us-gaap/2019,20191231,1,USD,ProductOrService=Platforms;,,162508.0,,q1,2020
0001360604-20-000025,NetIncomeLoss,us-gaap/2019,20171231,4,USD,LegalEntity=HealthcareTrustofAmericaHoldingsLP;PartnerTypeOfPartnersCapitalAccount=LimitedPartner;,,1538000.0,,q1,2020
0001193125-20-052322,DepreciationAndAmortisationExpense,ifrs/2019,20181231,4,USD,ExpenseCategories=CostGoodsAndServicesSold;,,29000000.0,,q1,2020
0000040987-20-000010,CashCashEquivalentsRestrictedCashAndRestrictedCashEquivalents,us-gaap/2019,20161231,0,USD,,,242879000.0,,q1,2020
0001542447-20-000017,StockIssuedDuringPeriodSharesDividendReinvestmentPlan,us-gaap/2019,20180331,1,shares,ClassOfStock=CommonClassI;,,21479.0,,q1,2020
0001104657-20-000013,Assets,us-gaap/2019,20191231,0,USD,BusinessSegments=PerformanceAlloysandComposites;,,400022000.0,,q1,2020
0001017386-20-000028,Assets,us-gaap/2018,20180731,0,USD,,,12505.0,,q1,2020
0001564590-20-006804,CommitmentsAndContingencies,us-gaap/2019,20181231,0,USD,,,,,q1,2020
0001628280-20-001613,TotalStockholdersEquityBeforeAccumulatedOtherComprehensiveIncomeLossandNoncontrollingInterest,0001628280-20-001613,20191231,0,USD,,,2437118000.0,,q1,2020
0001324424-20-000009,ShortTermInvestments,us-gaap/2019,20191231,0,USD,,,526000000.0,,q1,2020
0001558370-20-002829,RestructureAndImpairmentCharges,0001558370-20-002829,20200131,4,USD,,,48332000.0,,q1,2020
0000809248-20-000005,RestructuringSettlementAndImpairmentProvisions,us-gaap/2019,20181231,1,USD,,,300000.0,,q1,2020
0001004434-20-000011,SellingGeneralAndAdministrativeExpense,us-gaap/2019,20191231,4,USD,,,376800000.0,,q1,2020
0001481832-20-000010,RecognitionOfDeferredRevenue,us-gaap/2018,20171231,4,USD,,,2347000.0,,q1,2020
0001193125-20-050268,RelatedPartyTransactionDueFromToRelatedPartyCurrent,us-gaap/2019,20191231,0,CAD,,,1007000000.0,,q1,2020
0000099780-20-000025,Revenues,us-gaap/2019,20180331,1,USD,,,533200000.0,,q1,2020
0001494448-20-000012,OtherIncome,us-gaap/2019,20171231,4,USD,,,322000.0,,q1,2020
0001286225-20-000011,PreferredStockSharesOutstanding,us-gaap/2019,20191231,0,shares,,,0.0,,q1,2020
0000824410-20-000004,ProceedsFromSaleOfOtherRealEstate,us-gaap/2019,20171231,4,USD,,,1275000.0,,q1,2020
0000003545-20-000039,ProceedsFromPaymentsToAcquireNotesReceivable,0000003545-20-000039,20181231,1,USD,,,4000.0,,q1,2020
0001558370-20-003378,OtherComprehensiveIncomeNetOfTaxChangeInFairValueOfFinancialLiabilityAttributableToChangeInCreditRiskOfLiability,ifrs/2019,20171231,4,DKK,,,16000000.0,,q1,2020
0000310522-20-000121,NetGainsRelatedToTheDispositionofAcquiredPropertyandPreforeclosureSalesIncludingCreditEnhancements,0000310522-20-000121,20171231,4,USD,,,2426000000.0,,q1,2020
0000095953-20-000021,PaymentsOfDividendsCommonStock,us-gaap/2019,20191231,4,USD,,,0.0,,q1,2020
0001564590-20-002838,PaymentsOfDividendsCommonStock,us-gaap/2019,20181231,3,USD,,,2851000.0,,q1,2020
0001558370-20-002592,NotesAssumed1,us-gaap/2019,20191231,4,USD,,,,,q1,2020
0001606268-20-000008,OtherAssetsNoncurrent,us-gaap/2019,20181231,0,USD,,,11130000.0,,q1,2020
0001140361-20-003820,MinorityInterestDecreaseFromDistributionsToNoncontrollingInterestHolders,us-gaap/2019,20171231,4,USD,,,862000.0,,q1,2020
0001558370-20-000726,NetCashProvidedByUsedInOperatingActivities,us-gaap/2019,20181231,4,USD,,,2081987000.0,,q1,2020
0001193125-20-044221,NetIncomeLoss,us-gaap/2019,20180630,1,USD,,,-176000000.0,,q1,2020
0000776867-20-000009,PaymentsToAcquireBusinessesAndInterestInAffiliates,us-gaap/2019,20181231,4,USD,,,295200000.0,,q1,2020
0001193125-20-074902,OtherNonoperatingIncomeExpense,us-gaap/2019,20191231,4,USD,,,1543000.0,,q1,2020
0000827054-20-000029,PaymentsOfFinancingCosts,us-gaap/2019,20191231,3,USD,,,1800000.0,,q1,2020
0001580836-20-000004,NetCashProvidedByUsedInOperatingActivitiesContinuingOperations,us-gaap/2019,20190131,3,USD,,,-19025.0,,q1,2020
0001493152-20-004918,OperatingIncomeLoss,us-gaap/2019,20181231,4,USD,,,-959947.0,,q1,2020
0001193125-20-041888,NetIncreaseDecreaseInNetAssetsInLiquidation,0001193125-20-041888,20191231,3,USD,,,-427092000.0,,q1,2020
0001628280-20-002576,NetCashProvidedByUsedInFinancingActivities,us-gaap/2019,20191231,4,USD,,,60465000.0,,q1,2020
0001104659-20-031395,NetCashProvidedByUsedInInvestingActivities,us-gaap/2019,20191231,4,USD,,,-12444000.0,,q1,2020
0001564590-20-000838,Liabilities,us-gaap/2019,20191130,0,USD,,,54538000.0,,q1,2020
0000084246-20-000010,LongTermNotesPayable,us-gaap/2019,20181231,0,USD,,,149115000.0,,q1,2020
0001552800-20-000005,LesseeOperatingLeasesChangesDuringPeriod,0001552800-20-000005,20171231,4,USD,,,3884000.0,,q1,2020
0001628280-20-003485,InvestmentIncomeInterest,us-gaap/2019,20191231,4,USD,,,173000000.0,,q1,2020
0000049754-20-000007,IncreaseDecreaseInReceivables,us-gaap/2019,20171231,4,USD,,,8430000.0,,q1,2020
0000352541-20-000021,InterestExpense,us-gaap/2019,20181231,4,USD,,,247000000.0,,q1,2020
0001564590-20-007409,IncreaseDecreaseInAccruedLiabilities,us-gaap/2019,20171231,4,USD,,,2394000.0,,q1,2020
0001564590-20-010131,IncreaseDecreaseInAccountsReceivable,us-gaap/2019,20181231,4,USD,,,1572000.0,,q1,2020
0001564590-20-007127,IncreaseDecreaseInOtherOperatingCapitalNet,us-gaap/2019,20171231,4,USD,,,16771000.0,,q1,2020
0001193125-20-068594,GainsLossesOnExchangeDifferencesOnTranslationNetOfTax,ifrs/2019,20191231,4,GBP,,,-3000000.0,,q1,2020
0000842180-20-000006,Assets,ifrs/2019,20181231,0,EUR,Financialinstrumentsatfairvaluebylevelsassetsaxis=Derivativeshedgeaccounting;LevelsOfFairValueHierarchy=Level2OfFairValueHierarchy;,,2882000000.0,,q1,2020
0001564590-20-008959,Dividends,us-gaap/2019,20191231,4,USD,,,15889000.0,,q1,2020
0000787250-20-000017,CostsAndExpenses,us-gaap/2018,20191231,4,USD,,,615800000.0,,q1,2020
0000912242-20-000004,EquityMethodInvestments,us-gaap/2019,20191231,0,USD,,,1519697000.0,,q1,2020
0001592000-20-000004,FiniteLivedIntangibleAssetsAccumulatedAmortization,us-gaap/2019,20191231,0,USD,,,545900000.0,,q1,2020
0001166691-20-000008,PaymentsOfDividends,us-gaap/2019,20191231,4,USD,ConsolidatedEntities=ParentCompany;ConsolidationItems=ReportableLegalEntities;,,3735000000.0,,q1,2020
0001193125-20-086441,Revenue,ifrs/2019,20191231,4,GBP,ExchangeRates=CurrentRates;Segments=UnitedStatesSegment;,,10373000000.0,,q1,2020
0001193125-20-049120,ResidentialMortgageLoans,0001193125-20-049120,20191031,0,CAD,CategoriesOfFinancialAssets=StageOne;CreditImpairmentOfFinancialInstruments=FinancialInstrumentsNotCreditimpaired;InternalCreditGrades=Low;TypeOfMeasurementOfExpectedCreditLosses=TwelvemonthExpectedCreditLosses;,,17315000000.0,,q1,2020
0001437749-20-003144,DebtAndEquitySecuritiesRealizedGainLoss,us-gaap/2019,20191231,4,USD,,,-214435.0,,q1,2020
0001108827-20-000009,EarningsPerShareDiluted,us-gaap/2018,20191231,1,USD,,,-0.46,,q1,2020
0001137774-20-000065,EquitySecuritiesFvNi,us-gaap/2019,20181231,0,USD,,,6238000000.0,,q1,2020
0001739940-20-000006,OtherAssetsCurrent,us-gaap/2019,20181231,0,USD,ConsolidatedEntities=ParentCompany;,,14000000.0,,q1,2020
0001628280-20-002411,PaymentsForProceedsFromBusinessesAndInterestInAffiliates,us-gaap/2019,20191231,4,USD,ConsolidatedEntities=ParentCompany;,,0.0,,q1,2020
0001193125-20-056815,CommitmentsAndContingencies,us-gaap/2019,20181231,0,USD,BusinessSegments=ProsharesUltraProThreexCrudeOilEtf;,,,,q1,2020
0000950103-20-004862,PropertyPlantAndEquipment,ifrs/2019,20181231,0,CLP,CarryingAmountAccumulatedDepreciationAmortisationAndImpairmentAndGrossCarryingAmount=AccumulatedDepreciationAndAmortisation;ClassesOfPropertyPlantAndEquipment=OfficeEquipment;,,-135463000000.0,,q1,2020
0001564590-20-007989,RevenueFromContractWithCustomerExcludingAssessedTax,us-gaap/2019,20191231,4,USD,BusinessSegments=AllOtherSegments;TimingOfTransferOfGoodOrService=TransferredAtPointInTime;,,68000000.0,,q1,2020
0001628280-20-003032,OperatingIncomeLoss,us-gaap/2019,20200131,1,USD,BusinessSegments=Education;ConsolidationItems=OperatingSegments;,,11200000.0,,q1,2020
0001666700-20-000006,OtherNoncashIncomeExpense,us-gaap/2019,20181231,4,USD,LegalEntity=TotalCompany;,TotalCompany,-720000000.0,,q1,2020
0001483798-20-000045,ConvertibleDebtNoncurrent,us-gaap/2019,20141231,0,USD,,,,,q1,2020
0001558370-20-001658,EarningsPerShareDiluted,us-gaap/2018,20190331,1,USD,,,-0.2,,q1,2020
0001193125-20-080953,ImpairmentLossReversalOfImpairmentLossRecognisedInProfitOrLoss,ifrs/2019,20181231,4,USD,IndividualAssetsOrCashgeneratingUnits=SecondRefiningUnitInRnest;,,22000000.0,,q1,2020
0001199835-20-000076,CommonStockValue,us-gaap/2019,20181231,0,USD,,,332817.0,,q1,2020
0001024725-20-000004,RestructuringCostsAndAssetImpairmentCharges,us-gaap/2019,20191231,4,USD,ConsolidatedEntities=ParentCompany;,,0.0,,q1,2020
0000706863-20-000044,StockIssuedDuringPeriodValueDividendReinvestmentPlan,us-gaap/2019,20181231,4,USD,ConsolidatedEntities=ParentCompany;,,30000.0,,q1,2020
0001415404-20-000005,RevenueFromContractWithCustomerExcludingAssessedTax,us-gaap/2019,20181231,4,USD,ProductOrService=EquipmentProduct;,,119657000.0,,q1,2020
0000827052-20-000026,StockholdersEquityIncludingPortionAttributableToNoncontrollingInterest,us-gaap/2019,20171231,0,USD,EquityComponents=PreferredStock;LegalEntity=SouthernCaliforniaEdisonCompany;,,2245000000.0,,q1,2020
0001582568-20-000010,PartnersCapitalAccountUnitBasedCompensation,us-gaap/2018,20171231,4,USD,LegalEntity=PbfLlc;LimitedPartnersCapitalAccountByClass=NoncontrollingInterest;,,0.0,,q1,2020
0001035002-20-000007,OtherComprehensiveIncomeLossNetOfTax,us-gaap/2019,20171231,4,USD,ConsolidatedEntities=ParentCompany;ConsolidationItems=ReportableLegalEntities;,,470000000.0,,q1,2020
0000887733-20-000004,PaymentsOfFinancingCosts,us-gaap/2019,20191231,1,USD,ConsolidatedEntities=GuarantorSubsidiaries;ConsolidationItems=ReportableLegalEntities;,,,,q1,2020
0001437749-20-004092,GrossProfit,us-gaap/2019,20191231,4,USD,Geographical=OtherForeignCountries;,,33498000.0,,q1,2020
0001585689-20-000013,CostOfGoodsAndServicesSold,us-gaap/2019,20191231,4,USD,ConsolidatedEntities=ParentCompany;ProductOrService=CostofReimbursableExpense;,,0.0,,q1,2020
0001654954-20-002485,InvestmentOwnedAtFairValue,us-gaap/2019,20181231,0,USD,InvestmentSecondaryCategorization=EnableMidstreamPartnersLPFour;InvestmentType=CommercialPaper;LegalEntity=TeucriumCornFund;,,4975785.0,,q1,2020
0001752836-20-000060,RevenueFromContractWithCustomerExcludingAssessedTax,us-gaap/2019,20171231,4,USD,BusinessSegments=NorthAmericaSegment;ConsolidationItems=OperatingSegments;ProductOrService=SupplyChain;,,1795000000.0,,q1,2020
0001628280-20-002326,OtherLiabilities,us-gaap/2019,20191231,0,USD,VariableInterestEntitiesByClassificationOfEntity=VariableInterestEntityPrimaryBeneficiary;,,45000000.0,,q1,2020
0000020286-20-000011,OtherInvestments,us-gaap/2019,20191231,0,USD,InvestmentType=RealEstateInvestment;,,29000000.0,,q1,2020
0001558370-20-002663,HeldToMaturitySecuritiesFairValue,us-gaap/2019,20191231,0,USD,FairValueByFairValueHierarchyLevel=FairValueInputsLevel3;FairValueByMeasurementBasis=EstimateOfFairValueFairValueDisclosure;,,,,q1,2020
0001437749-20-002109,StockholdersEquity,us-gaap/2019,20171231,0,USD,EquityComponents=AccumulatedDefinedBenefitPlansAdjustmentNetTransitionAssetObligation;,,-32122000.0,,q1,2020
0001564590-20-005365,AvailableForSaleSecuritiesDebtSecurities,us-gaap/2019,20191231,0,USD,FinancialInstrument=MortgageBackedSecuritiesIssuedByUSGovernmentSponsoredEnterprises;,,6180940000.0,,q1,2020
0001558370-20-001217,Revenues,us-gaap/2019,20191231,4,USD,Geographical=IT;,,141867000.0,,q1,2020
0001622353-20-000006,DividendsCommonStock,us-gaap/2019,20191031,0,USD,ClassOfStock=CommonClassA;,,7936000.0,,q1,2020
0000898173-20-000007,StockholdersEquity,us-gaap/2019,20181231,0,USD,EquityComponents=RetainedEarnings;,,-909186000.0,,q1,2020
0001558370-20-002605,NewAccountingPronouncementOrChangeInAccountingPrincipleCumulativeEffectOfChangeOnEquityOrNetAssets,0001558370-20-002605,20181231,4,USD,EquityComponents=Parent;,,9206000.0,,q1,2020
0001219601-20-000006,OtherComprehensiveIncomeLossNetOfTax,us-gaap/2019,20191231,4,USD,EquityComponents=Parent;,,243000000.0,,q1,2020
0001564590-20-011172,StockholdersEquity,us-gaap/2019,20171231,0,USD,EquityComponents=AccumulatedOtherComprehensiveIncome;,,-713000.0,,q1,2020
0001564590-20-007765,StockholdersEquityIncludingPortionAttributableToNoncontrollingInterest,us-gaap/2019,20171231,0,USD,EquityComponents=AccumulatedOtherComprehensiveIncome;,,256000.0,,q1,2020
0000886346-20-000019,StockIssuedDuringPeriodSharesShareBasedCompensation,us-gaap/2019,20171231,4,shares,EquityComponents=TreasuryStock;,,72694.0,,q1,2020
0001361658-20-000012,StockRepurchasedDuringPeriodValue,us-gaap/2019,20171231,4,USD,EquityComponents=TreasuryStock;,,601000000.0,,q1,2020
0000846913-20-000019,TreasuryStockValueAcquiredCostMethod,us-gaap/2019,20171231,4,USD,EquityComponents=TreasuryStock;,,258000.0,,q1,2020
0000846913-20-000019,AccountsReceivableNetCurrent,us-gaap/2019,20191231,0,USD,,,6473000.0,,q1,2020
0000052827-20-000011,EarningsPerShareDiluted,us-gaap/2019,20171231,4,USD,,,1.16,,q1,2020
0001564590-20-009170,CostOfGoodsAndServicesSold,us-gaap/2019,20181231,4,USD,IncomeStatementLocation=SellingExpense;,,9700000.0,,q1,2020
0001558370-20-001041,AssetsCurrent,us-gaap/2019,20191231,0,USD,ConsolidatedEntities=NonGuarantorSubsidiaries;ConsolidationItems=ReportableLegalEntities;,,13577000000.0,,q1,2020
0001390844-20-000003,CommonStockValue,us-gaap/2019,20191231,0,USD,,,800000.0,,q1,2020
0001564590-20-004233,CostOfGoodsAndServicesSold,us-gaap/2019,20181231,2,USD,,,13516000.0,,q1,2020
0001437749-20-006403,RevenueFromContractWithCustomerIncludingAssessedTax,us-gaap/2019,20191231,4,USD,ConsolidationItems=IntersegmentElimination;ProductOrService=TotalAssetManagementFees;,,-1083000.0,,q1,2020
0001120970-20-000015,LiabilitiesHeldforsaleNotPartofDisposalGroupCurrent,0001120970-20-000015,20181231,0,USD,DisposalGroupClassification=DisposalGroupHeldforsaleNotDiscontinuedOperations;LongLivedAssetsHeldForSaleByAssetType=LucerneMineReclamation;,,0.0,,q1,2020
0001104659-20-040795,RepaymentsOfBorrowingsClassifiedAsFinancingActivities,ifrs/2019,20191231,4,AUD,BorrowingsByName=MacaLimitedLoan;,,6000000.0,,q1,2020
0001095651-20-000012,OtherInvestments,us-gaap/2019,20181231,0,USD,BusinessSegments=LandandDevelopmentSegment;ConsolidationItems=OperatingSegments;,,65312000.0,,q1,2020
0001104659-20-026118,ProceedsFromIssueOfOrdinaryShares,ifrs/2019,20191231,4,GBP,ComponentsOfEquity=ShareCapitalSharePremiumPaidInEquityAndMergerReserve;,,17000000.0,,q1,2020
0001564590-20-008884,IncomeTaxExpenseBenefit,us-gaap/2019,20181231,4,USD,BusinessSegments=BankSegment;ConsolidationItems=OperatingSegments;,,5653000.0,,q1,2020
0001553023-20-000025,LongTermDebt,us-gaap/2019,20191231,0,USD,DebtInstrument=A2.900SeniorNotesDue2024;FairValueByMeasurementBasis=EstimateOfFairValueFairValueDisclosure;LongtermDebtType=SeniorNotes;,,602100000.0,,q1,2020
0001193125-20-064341,ProfitLossBeforeFinanceCosts,0001193125-20-064341,20191231,4,EUR,CategoriesOfRelatedParties=JointVenturesAndAssociates;ContinuingAndDiscontinuedOperations=ContinuingOperation;,,79000000.0,,q1,2020
0001315255-20-000029,RestructuringCharges,us-gaap/2019,20171231,4,USD,RestructuringCostAndReserve=OneTimeTerminationBenefits;,,16600000.0,,q1,2020
0001542447-20-000017,SharesOutstanding,us-gaap/2019,20181231,0,shares,ClassOfStock=CommonClassA;EquityComponents=CommonStock;,,3574584.0,,q1,2020
0001628280-20-002543,PaymentsForRepurchaseOfCommonStock,us-gaap/2019,20191231,4,USD,ConsolidationItems=ConsolidationEliminations;,,0.0,,q1,2020
0001628280-20-003097,Liabilities,us-gaap/2018,20191231,0,USD,VariableInterestEntitiesByClassificationOfEntity=VariableInterestEntityPrimaryBeneficiary;,,1534473000.0,,q1,2020
0001193125-20-057751,FeesAndCommissionsMortgageBankingAndServicing,us-gaap/2019,20191231,4,USD,ConsolidationItems=IntersegmentElimination;,,0.0,,q1,2020
0001445866-20-000291,ProfitLoss,us-gaap/2019,20191231,4,USD,EquityComponents=RetainedEarnings;,,4803.0,,q1,2020
0001437749-20-004261,AdjustmentsToAdditionalPaidInCapitalDeemedDividends,0001437749-20-004261,20191231,4,USD,EquityComponents=RetainedEarnings;,,,,q1,2020
0000067716-20-000010,NetIncomeLoss,us-gaap/2019,20181231,4,USD,EquityComponents=RetainedEarnings;,,272318000.0,,q1,2020
0001477932-20-000448,ProfitLoss,us-gaap/2019,20190930,4,USD,EquityComponents=CommonStock;,,,,q1,2020
0001331451-20-000047,StockholdersEquityPeriodIncreaseDecrease,us-gaap/2019,20181231,4,USD,EquityComponents=AccumulatedOtherComprehensiveIncome;,,-57000000.0,,q1,2020
0000821189-20-000010,TreasuryStockIssuedUnderStockPlans,0000821189-20-000010,20191231,4,USD,EquityComponents=AccumulatedOtherComprehensiveIncome;,,0.0,,q1,2020
0000059558-20-000012,DerivativeAssets,us-gaap/2019,20181231,0,USD,FairValueByMeasurementBasis=CarryingReportedAmountFairValueDisclosure;,,1107000000.0,"We have master netting agreements with each of our derivative counterparties, which allow for the netting of our derivative asset and liability positions by counterparty.",q1,2020
0001553350-20-000100,AdjustmentsToAdditionalPaidInCapitalShareBasedCompensationStockOptionsRequisiteServicePeriodRecognition,us-gaap/2018,20180930,3,USD,EquityComponents=CommonStock;,,,,q1,2020
0001104659-20-019776,StockIssuedDuringPeriodValueAcquisitionsOfBlackhorseVentures,0001104659-20-019776,20190930,1,USD,EquityComponents=AdditionalPaidInCapital;,,1499475.0,,q1,2020
0001496048-20-000004,StockIssuedDuringPeriodValueStockOptionsExercised,us-gaap/2019,20171231,4,USD,EquityComponents=AdditionalPaidInCapital;,,23017000.0,,q1,2020
0000927066-20-000014,AdjustmentIncomeLossFromEquityMethodInvestments,0000927066-20-000014,20171231,4,USD,,,-28925000.0,,q1,2020
0001401708-20-000039,AvailableForSaleSecuritiesCurrent,us-gaap/2019,20191231,0,USD,FairValueByFairValueHierarchyLevel=FairValueInputsLevel2;FinancialInstrument=CorporateDebtSecurities;,,78330000.0,,q1,2020
0001564590-20-014155,OperatingExpenses,us-gaap/2019,20191231,4,USD,,,29956000.0,,q1,2020
0001340122-20-000034,NetCashProvidedByUsedInOperatingActivities,us-gaap/2019,20171231,4,USD,,,-26500000.0,,q1,2020
0001335258-20-000028,NetIncomeLossIncludingPortionAttributableToNonredeemableNoncontrollingInterest,us-gaap/2019,20171231,4,USD,,,14942000.0,,q1,2020
0001564590-20-010498,NetIncomeLoss,us-gaap/2019,20180331,1,USD,,,-4947000.0,,q1,2020
0001518715-20-000047,NetfairvalueadjustmentgainlossandprovisiononOtherRealEstateOwned,0001518715-20-000047,20191231,4,USD,,,144000.0,,q1,2020
0000062996-20-000006,NetIncomeLoss,us-gaap/2018,20181231,4,USD,,,734000000.0,,q1,2020
0000930420-20-000033,NetIncomeLoss,us-gaap/2019,20191231,1,USD,,,14208000.0,,q1,2020
0001144980-20-000059,LiabilitiesOfDisposalGroupIncludingDiscontinuedOperationCurrent,us-gaap/2019,20181231,0,USD,,,0.0,,q1,2020
0001039684-20-000012,InterestCostsCapitalized,us-gaap/2019,20181231,4,USD,,,28062000.0,,q1,2020
0001597033-20-000026,InterestExpense,us-gaap/2019,20181231,4,USD,,,157017000.0,,q1,2020
0001282637-20-000005,LiabilitiesCurrent,us-gaap/2019,20181231,0,USD,,,271301000.0,,q1,2020
0001213900-20-003785,IncomeTaxExpenseBenefit,us-gaap/2019,20191231,2,USD,,,118000.0,,q1,2020
0001002638-20-000004,IncomeLossFromEquityMethodInvestments,us-gaap/2019,20191231,2,USD,,,1948000.0,,q1,2020
0001193125-20-077313,IncreaseDecreaseInDueFromRelatedPartiesNonCurrent,0001193125-20-077313,20191231,4,USD,,,333000.0,,q1,2020
0001672013-20-000008,IncreaseDecreaseInOtherOperatingCapitalNet,us-gaap/2019,20191231,4,USD,,,16091000.0,,q1,2020
0000737758-20-000007,IncreaseDecreaseInOperatingLiabilities,us-gaap/2018,20190131,1,USD,,,26643000.0,,q1,2020
0001564590-20-006950,StockholdersEquityIncludingPortionAttributableToNoncontrollingInterest,us-gaap/2019,20161231,0,USD,ConsolidatedEntities=MptOperatingPartnershipLP;EquityComponents=CommonStock;PartnerTypeOfPartnersCapitalAccount=LimitedPartner;,,3308235000.0,,q1,2020
0001055726-20-000012,RevenueFromContractWithCustomerExcludingAssessedTax,us-gaap/2019,20181231,4,USD,MajorCustomers=ApolloBio;,,23000000.0,,q1,2020
0001109357-20-000053,RevenueFromContractWithCustomerIncludingAssessedTax,us-gaap/2019,20191231,4,USD,ConsolidationItems=OperatingSegments;LegalEntity=DelmarvaPowerandLightCompany;ProductOrService=NaturalGasUsRegulated;PublicUtilityRegulatedOrUnregulatedStatus=RegulatedOperation;,,0.0,,q1,2020
0001525221-20-000006,IncomeLossFromContinuingOperationsBeforeIncomeTaxesMinorityInterestAndIncomeLossFromEquityMethodInvestments,us-gaap/2019,20181231,4,USD,,,14192000.0,,q1,2020
0000916789-20-000003,IncomeTaxExpenseBenefit,us-gaap/2018,20191130,1,USD,,,7895000.0,,q1,2020
0001123852-20-000003,CostsAndExpenses,us-gaap/2019,20181231,4,USD,,,4405400000.0,,q1,2020
0001610114-20-000005,FiniteLivedIntangibleAssetsNet,us-gaap/2019,20181231,0,USD,,,5761000.0,,q1,2020
0001437749-20-006639,AdjustmentsToAdditionalPaidInCapitalWarrantIssued,us-gaap/2019,20181231,4,USD,ClassOfWarrantOrRight=ExtensionOfConvertibleNoteMaturityDateVistaCapital;EquityComponents=AdditionalPaidInCapital;,,506000.0,,q1,2020
0001620459-20-000061,PremiumsWrittenGross,us-gaap/2019,20171231,4,USD,BusinessSegments=ExcessAndSurplusLines;ProductOrService=MedicalProfessionals;,,2297000.0,,q1,2020
0001564590-20-007393,RevenueFromContractWithCustomerExcludingAssessedTax,us-gaap/2019,20181231,4,USD,BusinessSegments=RegionalOperations;ConsolidationItems=OperatingSegments;ProductOrService=Occupancy;,,318017000.0,,q1,2020
0001558370-20-001092,EarningsPerShareDiluted,us-gaap/2019,20191231,1,USD,,,-0.13,,q1,2020
0001193125-20-047314,EquityAndLiabilities,ifrs/2019,20171130,0,USD,,,59180000.0,,q1,2020
0001558370-20-002144,RevenueFromContractWithCustomerExcludingAssessedTax,us-gaap/2019,20191231,4,USD,BusinessSegments=AllOtherSegments;ConsolidationItems=OperatingSegments;,,1679000.0,,q1,2020
0001640334-20-000022,CommonStockValue,us-gaap/2019,20190831,0,USD,,,78787.0,,q1,2020
0000811596-20-000010,CostOfGoodsAndServiceExcludingDepreciationDepletionAndAmortization,us-gaap/2019,20180930,1,USD,,,323300000.0,,q1,2020
0001564590-20-009748,EarningsPerShareBasic,us-gaap/2019,20181231,1,USD,,,0.15,,q1,2020
0001482512-20-000040,StockholdersEquityIncludingPortionAttributableToNoncontrollingInterest,us-gaap/2019,20191231,0,USD,EquityComponents=NonControllingInterestsMembersInConsolidatedEntities;,,269487000.0,,q1,2020
0000109198-20-000004,OperatingLeaseRightOfUseAsset,us-gaap/2019,20190131,0,USD,AdjustmentsForNewAccountingPronouncements=AccountingStandardsUpdate201602;,,8704584000.0,,q1,2020
0001108134-20-000002,LoansAndLeasesReceivableAllowance,us-gaap/2019,20171231,0,USD,AccountsNotesLoansAndFinancingReceivableByReceivableType=LoansFromBusinessActivities;FinancingReceivablePortfolioSegment=CommercialRealEstatePortfolioSegment;,,16843000.0,,q1,2020
0000815097-20-000022,InventoryNet,us-gaap/2019,20191130,0,USD,,,427000000.0,,q1,2020
0001576018-20-000014,InvestmentIncomebeforeManagementandPerformanceFees,0001576018-20-000014,20181231,4,USD,,,59259000.0,,q1,2020
0001122976-20-000015,LiabilitiesNoncurrent,us-gaap/2019,20181231,0,USD,,,1625100000.0,,q1,2020
0001214659-20-000660,InvestmentOwnedAtFairValue,us-gaap/2019,20181031,0,USD,,,186256695.0,,q1,2020
0001558370-20-001967,InterestExpenseTrustPreferredSecurities,us-gaap/2019,20191231,4,USD,,,1135000.0,,q1,2020
0001564590-20-009176,IncomeLossFromContinuingOperationsBeforeIncomeTaxesExtraordinaryItemsNoncontrollingInterest,us-gaap/2019,20181231,4,USD,,,197247.0,,q1,2020
0001564590-20-006046,IncomeLossFromContinuingOperationsPerDilutedShare,us-gaap/2019,20181231,1,USD,,,2.73,,q1,2020
0001371285-20-000032,IncomeTaxExpenseBenefit,us-gaap/2018,20191231,4,USD,,,169000.0,,q1,2020
0001213900-20-006928,IncreaseDecreaseInAccruedLiabilitiesAndOtherOperatingLiabilities,us-gaap/2019,20181231,3,USD,,,,,q1,2020
0001437749-20-003765,ProceedsFromLinesOfCredit,us-gaap/2019,20191231,4,USD,ConsolidatedEntities=NonguarantorSubsidiaries100Owned;ConsolidationItems=ReportableLegalEntities;,,0.0,,q1,2020
0001558370-20-002390,InvestmentOwnedUnrealizedGainLossOnOpenContractsNet,0001558370-20-002390,20191231,0,USD,ClassOfStock=CapitalUnitClassB;InvestmentByTertiaryType=StockIndicesAndSingleStockFutures;Investments=OpenLongContracts;InvestmentSecondaryCategorization=USFuturesPositions;InvestmentType=FuturesContracts;,,152328.0,,q1,2020
0000842518-20-000010,CommonStockParOrStatedValuePerShare,us-gaap/2018,20191231,0,USD,BusinessAcquisition=FsbBancorpInc;,,0.01,,q1,2020
0001562762-20-000105,DividendsPaidClassifiedAsFinancingActivities,ifrs/2019,20181231,4,EUR,,,2607000000.0,,q1,2020
0001564590-20-011411,OtherCostAndExpenseOperating,us-gaap/2019,20200229,3,USD,ConsolidatedEntities=NonGuarantorSubsidiaries;ConsolidationItems=ReportableLegalEntities;,,2582000000.0,,q1,2020
0000034067-20-000009,EarningsPerShareBasic,us-gaap/2019,20181231,4,USD,,,2.05,,q1,2020
0001580695-20-000079,SharesOutstanding,us-gaap/2019,20180630,0,shares,ClassOfStock=SeriesCPreferredStock;,,1091.0,,q1,2020
0001104659-20-030742,DerivativeLiabilitiesCurrent,us-gaap/2019,20181231,0,USD,EquityComponents=WarrantTwo;FairValueByFairValueHierarchyLevel=FairValueInputsLevel2;,,43000.0,,q1,2020
0001564590-20-011085,PartnersCapitalAccountRedemptions,us-gaap/2019,20181231,4,USD,ClassOfStock=CommonClassGp;PartnerTypeOfPartnersCapitalAccount=GeneralPartner;,,200000.0,,q1,2020
0001031203-20-000006,IncomeLossFromContinuingOperationsBeforeIncomeTaxesMinorityInterestAndIncomeLossFromEquityMethodInvestments,us-gaap/2019,20171231,4,USD,BusinessSegments=BrazilSegment;,,-4700000.0,,q1,2020
0001564590-20-014224,IncomeLossFromContinuingOperationsBeforeIncomeTaxesMinorityInterestAndIncomeLossFromEquityMethodInvestments,us-gaap/2019,20191231,4,USD,BusinessSegments=ContainerManagement;,,27747000.0,,q1,2020
0001411342-20-000030,AssetsSoldUnderAgreementsToRepurchaseRepurchaseLiability,us-gaap/2019,20191231,0,USD,AssetsSoldUnderAgreementsToRepurchaseMaturityPeriods=Maturity31to60days;InvestmentType=MortgageBackedSecuritiesIssuedByUSGovernmentSponsoredEnterprises;,,744387000.0,,q1,2020
0001050797-20-000012,RevenueFromContractWithCustomerExcludingAssessedTax,us-gaap/2019,20191231,4,USD,ContractWithCustomerSalesChannel=SalesChannelDirectlyToConsumer;Geographical=US;,,893707000.0,,q1,2020
0001715629-20-000003,DividendsPreferredStock,us-gaap/2018,20171231,4,USD,LegalEntity=RangersSubILLC;Scenario=Predecessor;,,-16744000.0,,q1,2020
0001193125-20-043247,Revenue,ifrs/2018,20181231,4,USD,JointVentures=Zaldivar;,,599000000.0,,q1,2020
0001564590-20-014284,NetCashProvidedByUsedInFinancingActivities,us-gaap/2019,20191231,4,USD,ConsolidatedEntities=ParentCompany;,,-600000.0,,q1,2020
0001401521-20-000018,NetInvestmentIncome,us-gaap/2019,20181231,4,USD,InvestmentType=PartnershipInterest;,,942000.0,,q1,2020
0001104659-20-025681,Revenue,ifrs/2019,20191231,4,EUR,SignificantInvestmentsInSubsidiaries=SapHungaryRendszerekAlkalmazasokEsTermekekAzAdatfeldolgozasbanInformatikaiKft;,,124890000.0,,q1,2020
0001564590-20-014171,RealEstateInvestmentPropertyAccumulatedDepreciation,us-gaap/2018,20191231,0,USD,RealEstateAndAccumulatedDepreciationDescriptionOfProperty=VacantTylerTX;,,0.0,,q1,2020
0001564590-20-007769,Goodwill,us-gaap/2019,20171231,0,USD,BusinessSegments=UnitedStatesFacilities;ConsolidationItems=OperatingSegments;,,2042592000.0,,q1,2020
0001165002-20-000035,Revenues,us-gaap/2019,20191231,4,USD,BusinessSegments=Advisory;ConsolidationItems=OperatingSegments;,,62053000.0,,q1,2020
0001564590-20-014433,Revenues,us-gaap/2019,20180131,4,USD,ProductOrService=Athletics;,,534925000.0,,q1,2020
0001515971-20-000042,AccretionAmortizationOfDiscountsAndPremiumsInvestments,us-gaap/2019,20191231,4,USD,,,-23689.0,,q1,2020
0001493152-20-004858,AssetsCurrent,us-gaap/2019,20191231,0,USD,,,656432.0,,q1,2020
0001564590-20-006391,ShareBasedCompensation,us-gaap/2019,20171231,4,USD,AwardType=EmployeeAndNonEmployeeStockOption;,,2336000.0,,q1,2020
0001104659-20-027221,OtherComprehensiveIncome,ifrs/2019,20191231,4,USD,ComponentsOfEquity=ReserveOfGainsAndLossesOnRemeasuringAvailableforsaleFinancialAssets;,,-21000.0,,q1,2020
0000074145-20-000007,PropertyPlantAndEquipmentNet,us-gaap/2019,20181231,0,USD,JointlyOwnedUtilityPlant=RedbudPlant;,,348600000.0,,q1,2020
0001109357-20-000053,CapitalExpendituresIncurredButNotYetPaid,us-gaap/2019,20171231,4,USD,,,42000000.0,,q1,2020
0001558370-20-000762,DepreciationDepletionAndAmortization,us-gaap/2019,20191231,4,USD,PropertyPlantAndEquipmentByType=PropertyAndEquipment;,,1468000000.0,,q1,2020
0001568100-20-000013,CapitalizedContractCostAmortization,us-gaap/2019,20200131,4,USD,,,7780000.0,,q1,2020
0001317630-20-000004,IncomeTaxExpenseBenefit,us-gaap/2019,20191231,4,USD,ConsolidationItems=OperatingSegments;,,179000000.0,,q1,2020
0001059262-20-000006,StockholdersEquityIncludingPortionAttributableToNoncontrollingInterest,us-gaap/2019,20181231,0,USD,,,368600000.0,,q1,2020
0001628280-20-001698,WeightedAverageNumberOfSharesOutstandingBasic,us-gaap/2019,20191231,1,shares,,,63664256.0,,q1,2020
0000016875-20-000007,StockRepurchasedDuringPeriodValue,us-gaap/2019,20191231,4,CAD,,,1140000000.0,,q1,2020
0001069183-20-000016,TreasuryStockValue,us-gaap/2019,20191231,0,USD,,,155947000.0,,q1,2020
0000105770-20-000015,TreasuryStockValue,us-gaap/2019,20181231,0,USD,,,103700000.0,,q1,2020
0000310764-20-000014,SellingGeneralAndAdministrativeExpense,us-gaap/2018,20181231,4,USD,,,5099000000.0,,q1,2020
0001140361-20-003721,ValuationAllowanceDeferredTaxAssetChangeInAmount,us-gaap/2019,20171231,4,USD,,,128000.0,,q1,2020
0001437749-20-004330,SharesPaidForTaxWithholdingForShareBasedCompensation,us-gaap/2019,20171231,4,shares,,,50454.0,,q1,2020
0001482430-20-000013,RestrictedCash,us-gaap/2019,20181231,0,USD,,,1015000.0,,q1,2020
0001437749-20-004524,PreferredStockSharesAuthorized,us-gaap/2019,20200131,0,shares,,,100000.0,,q1,2020
0001564590-20-012011,SaleOfInterestBearingDepositsInBanks,0001564590-20-012011,20181231,4,USD,,,1940000.0,,q1,2020
0001437749-20-005100,RevenueFromContractWithCustomerIncludingAssessedTax,us-gaap/2019,20191231,4,USD,,,89698527.0,,q1,2020
0001564590-20-004552,RevenueFromContractWithCustomerExcludingAssessedTax,us-gaap/2019,20191231,1,USD,,,2281000000.0,,q1,2020
0001734342-20-000013,ProceedsFromSaleOfLoansHeldForInvestment,us-gaap/2019,20191231,4,USD,,,267765000.0,,q1,2020
0001193125-20-061833,ProfitLossAttributableToNoncontrollingInterests,ifrs/2019,20171231,4,USD,,,-4315000.0,,q1,2020
0001213900-20-002148,ProceedsFromStockPlans,us-gaap/2019,20191231,2,USD,,,,,q1,2020
0001331757-20-000010,ProceedsFromPaymentsForSecuritiesPurchasedUnderAgreementsToResell,us-gaap/2019,20171231,4,USD,,,-3600000000.0,,q1,2020
0001564590-20-006791,ProceedsFromVestedRestrictedStock,0001564590-20-006791,20181231,4,USD,,,2000.0,,q1,2020
0000928022-20-000031,PreferredStockRedemptionPremium,us-gaap/2019,20181231,4,USD,,,0.0,,q1,2020
0001564590-20-003802,PolicyholderBenefitsAndClaimsIncurredNet,us-gaap/2019,20181231,1,USD,,,106000000.0,,q1,2020
0001628280-20-003645,PreferredStockSharesIssued,us-gaap/2019,20181231,0,shares,,,1610000.0,,q1,2020
0001558370-20-002498,ProceedsFromMaturitiesPrepaymentsAndCallsOfAvailableForSaleSecurities,us-gaap/2018,20191231,4,USD,,,31070000.0,,q1,2020
0001628280-20-002192,OtherSellingGeneralAndAdministrativeExpense,us-gaap/2019,20180331,1,USD,,,424617000.0,,q1,2020
0001558370-20-001170,OtherComprehensiveIncomeLossForeignCurrencyTransactionAndTranslationAdjustmentNetOfTax,us-gaap/2019,20180930,3,USD,,,-3064000.0,,q1,2020
0001628280-20-003626,PaymentsToAcquireBusinessesNetOfCashAcquired,us-gaap/2018,20171231,4,USD,,,0.0,,q1,2020
0001528396-20-000012,OperatingExpenses,us-gaap/2019,20200131,1,USD,,,107892000.0,,q1,2020
0001599916-20-000042,OperatingExpenses,us-gaap/2019,20200131,1,USD,,,12933.0,,q1,2020
0000821127-20-000044,OtherRealEstateAndForeclosedAssets,us-gaap/2019,20181231,0,USD,,,401000.0,,q1,2020
0001564590-20-009243,OtherLiabilitiesNoncurrent,us-gaap/2019,20181231,0,USD,,,28990.0,,q1,2020
0001193125-20-043622,OtherComprehensiveIncomeLossNetOfTax,us-gaap/2019,20181231,4,USD,,,-618000000.0,,q1,2020
0000896159-20-000003,SecuritiesSoldUnderAgreementsToRepurchase,us-gaap/2019,20181231,0,USD,ConsolidatedEntities=ParentCompany;,,0.0,,q1,2020
0001564590-20-010075,RevenueFromContractWithCustomerExcludingAssessedTax,us-gaap/2019,20191231,4,USD,ProductOrService=Product;,,34644000.0,,q1,2020
0001411579-20-000027,ProceedsFromConvertibleDebt,us-gaap/2019,20181231,4,USD,ConsolidatedEntities=ParentCompany;DebtInstrument=SeniorSubordinatedNotes6.375PercentDue2024;,,600000000.0,,q1,2020
0001599916-20-000020,CommonStockSharesAuthorized,us-gaap/2019,20190331,0,shares,,,500000000.0,,q1,2020
0001133311-20-000011,CommonStockSharesOutstanding,us-gaap/2019,20191231,0,shares,,,11479000.0,,q1,2020
0001637757-20-000003,DerivativeAssetsNoncurrent,us-gaap/2019,20191231,0,USD,,,0.0,,q1,2020
0001581874-20-000004,InvestmentOwnedAtFairValue,us-gaap/2019,20181231,0,USD,ConsolidatedEntities=TerraPropertyTrust;ControlledInvestment=Noncontrolled;Geographical=US;InvestmentGeographicState=CA;InvestmentType=PreferredEquityInvestment;MortgageLoansOnRealEstateDescriptionTypeOfProperty=OfficeBuilding;RelatedPartyTransactionsByRelatedParty=WindyHillPVSevenCMLLC;,,19146400.0,,q1,2020
0001654954-20-003345,IncreaseDecreaseInAccruedLiabilities,us-gaap/2018,20191231,4,USD,ReportingUnit=SuccessorReportingUnit;,,1224713.0,,q1,2020
0001646972-20-000006,OperatingLeaseRightOfUseAsset,us-gaap/2019,20191130,0,USD,FiniteLivedIntangibleAssetsByMajorClass=LeaseAgreements;,,602500000.0,,q1,2020
0000918608-20-000006,TradeAndOtherReceivables,ifrs/2018,20181231,0,RSD,Range=RSD;TypesOfRisks=CurrencyRisk;,,8386000.0,,q1,2020
0000203527-20-000008,Revenues,us-gaap/2019,20181231,1,USD,BusinessSegments=OncologySystems;ProductOrService=Hardware;,,313600000.0,,q1,2020
0001213900-20-007917,NetChangeInOpenTradeEquity,0001213900-20-007917,20171231,4,USD,ConsolidatedEntities=SeriesOfFrontierFunds;LegalEntity=HeritageFund;,,2795.0,,q1,2020
0001193125-20-047343,IncomeTaxExpenseContinuingOperations,ifrs/2019,20190131,1,CAD,SegmentConsolidationItems=OperatingSegments;Segments=GlobalWealthManagement;,,96000000.0,,q1,2020
0001357204-20-000015,RevenueFromContractWithCustomerExcludingAssessedTax,us-gaap/2018,20171231,4,USD,AdjustmentsForNewAccountingPronouncements=AccountingStandardsUpdate201409;BusinessSegments=BaskinRobbins;ConsolidationItems=OperatingSegments;Geographical=US;ProductOrService=RoyaltyIncome;TimingOfTransferOfGoodOrService=TransferredOverTime;,,29724000.0,,q1,2020
0001059556-20-000005,RestructuringCharges,us-gaap/2019,20191231,4,USD,BusinessSegments=MoodysAnalytics;ConsolidationItems=OperatingSegments;,,29000000.0,,q1,2020
0000933036-20-000010,RentalsAndFees,0000933036-20-000010,20181231,4,USD,BusinessSegments=RentACenterBusiness;,,1640839000.0,,q1,2020
0000008670-20-000007,IncomeLossFromContinuingOperationsBeforeIncomeTaxesMinorityInterestAndIncomeLossFromEquityMethodInvestments,us-gaap/2019,20191231,2,USD,BusinessSegments=EmployerServicesSegment;,,1448400000.0,,q1,2020
0000717423-20-000008,AssetRetirementObligationAccretionExpense,us-gaap/2018,20191231,4,USD,OperatingActivitiesSegment=SegmentDiscontinuedOperations;,,0.0,,q1,2020
0001635282-20-000014,StockIssuedDuringPeriodSharesNewIssues,us-gaap/2018,20180731,0,shares,ClassOfStock=CommonClassA;,,400000.0,,q1,2020
0001324404-20-000006,PaymentsOfDividendsMinorityInterest,us-gaap/2019,20191231,4,USD,ConsolidationItems=ConsolidationEliminations;,,0.0,,q1,2020
0000780571-20-000004,AccumulatedOtherComprehensiveIncomeLossNetOfTax,us-gaap/2019,20181231,0,USD,EquityComponents=AccumulatedNetGainLossFromDesignatedOrQualifyingCashFlowHedges;,,1201000.0,,q1,2020
0001213900-20-006693,Assets,us-gaap/2019,20181231,0,USD,BusinessSegments=Corporate;,,,,q1,2020
0001140361-20-001351,StockIssuedDuringPeriodValueShareBasedCompensation,us-gaap/2019,20180331,1,USD,EquityComponents=RetainedEarnings;,,0.0,,q1,2020
0001193125-20-072154,TaxCutsAndJobsActOf2017ReclassificationFromAociToRetainedEarnings,0001193125-20-072154,20191231,4,USD,EquityComponents=RetainedEarnings;,,0.0,,q1,2020
0001564590-20-010385,DepreciationAmortizationAndAccretionNet,us-gaap/2019,20181231,4,USD,Geographical=US;,,92000000.0,,q1,2020
0001125376-20-000018,StockRepurchasedDuringPeriodShares,us-gaap/2019,20171231,4,shares,EquityComponents=TreasuryStock;,,-412000.0,,q1,2020
0000866273-20-000005,AdjustmentsToAdditionalPaidInCapitalOther,us-gaap/2019,20181231,1,USD,EquityComponents=AccumulatedOtherComprehensiveIncome;,,0.0,,q1,2020
0000740260-20-000042,NetIncomeLossAvailableToCommonStockholdersBasic,us-gaap/2019,20191231,4,USD,EquityComponents=AccumulatedOtherComprehensiveIncome;,,0.0,,q1,2020
0001193125-20-026877,StockholdersEquityIncludingPortionAttributableToNoncontrollingInterest,us-gaap/2019,20191231,0,USD,EquityComponents=AccumulatedOtherComprehensiveIncome;,,-230000000.0,,q1,2020
0001564590-20-007489,Revenues,us-gaap/2019,20181231,1,USD,ProductOrService=FinancialService;,,171960000.0,,q1,2020
0001367859-20-000058,ProceedsFromOtherDebt,us-gaap/2019,20191231,4,USD,ConsolidatedEntities=ParentCompany;,,29913000.0,,q1,2020
0001403475-20-000008,ProceedsFromStockPlans,us-gaap/2019,20181231,4,USD,ConsolidatedEntities=ParentCompany;,,-6869000.0,,q1,2020
0001558370-20-001342,AccountsPayableAndAccruedLiabilitiesCurrentAndNoncurrent,us-gaap/2019,20191231,0,USD,ConsolidatedEntities=NonGuarantorSubsidiaries;ConsolidationItems=ReportableLegalEntities;,,244734000.0,,q1,2020
0001283699-20-000026,SellingGeneralAndAdministrativeExpense,us-gaap/2019,20191231,4,USD,ConsolidatedEntities=NonGuarantorSubsidiaries;ConsolidationItems=ReportableLegalEntities;,,989000000.0,,q1,2020
0000936340-20-000127,Nuclearfuelamortization,0000936340-20-000127,20181231,4,USD,LegalEntity=DTEElectric;,DTEElectric,45000000.0,,q1,2020
0001104659-20-010948,AssetsOfDisposalGroupIncludingDiscontinuedOperation,us-gaap/2019,20191231,0,USD,ConsolidatedEntities=GuarantorSubsidiaries;ConsolidationItems=ReportableLegalEntities;,,840900000.0,,q1,2020
0001013857-20-000007,RevenueFromContractWithCustomerExcludingAssessedTax,us-gaap/2019,20181231,4,USD,TimingOfTransferOfGoodOrService=TransferredOverTime;,,603462000.0,,q1,2020
0001213900-20-006368,InvestmentOwnedAtCost,us-gaap/2019,20181231,0,USD,InvestmentOne=SunnyMountainPortfolio;InvestmentSecondaryCategorization=LimitedLiabilityCompanyMemberInterestsNotReadilyMarketable;InvestmentSectorOne=CommercialSolar;,,884578.0,,q1,2020
0001047469-20-001329,StockholdersEquityIncludingPortionAttributableToNoncontrollingInterest,us-gaap/2019,20181231,0,USD,ClassOfStock=CommonClassA;EquityComponents=CommonStock;,,2000.0,,q1,2020
0001115055-20-000018,PropertyPlantAndEquipmentNet,us-gaap/2019,20181231,0,USD,PropertyPlantAndEquipmentByType=ComputerSoftwareIntangibleAsset;,,7700000.0,,q1,2020
0001564590-20-007763,LoansAndLeasesReceivableNetOfDeferredIncome,us-gaap/2019,20181231,0,USD,FinancingReceivablePortfolioSegment=ConsumerPortfolioSegment;,,328069000.0,,q1,2020
0001493152-20-001193,RevenueFromContractWithCustomerExcludingAssessedTax,us-gaap/2019,20191031,4,USD,BusinessSegments=MarineTechnologyBusinessProducts;ProductOrService=EngineeringParts;,,,,q1,2020
0000802481-20-000009,RevenueFromContractWithCustomerExcludingAssessedTax,us-gaap/2019,20181231,4,USD,BusinessSegments=Europe;ProductOrService=Chicken;,,2094909000.0,,q1,2020
0001493152-20-000146,Revenue,ifrs/2018,20160630,4,NZD,SegmentConsolidationItems=NewZealandWholesale;Segments=OperatingSegment;,,15071000.0,,q1,2020
0001564590-20-009076,OtherOperatingIncomeExpenseNet,us-gaap/2019,20171231,4,USD,BusinessSegments=SpecialtyPropertySegment;,,6013000.0,,q1,2020
0001628280-20-002934,EquitySecuritiesFvNi,us-gaap/2018,20181231,0,USD,FairValueByFairValueHierarchyLevel=FairValueInputsLevel2;FinancialInstrument=CraInvestmentFund;,,4428000.0,,q1,2020
0001628280-20-002426,ProfitLoss,us-gaap/2018,20191231,4,USD,ReclassificationOutOfAccumulatedOtherComprehensiveIncome=ReclassificationOutOfAccumulatedOtherComprehensiveIncome;,,-770000.0,,q1,2020
0001593034-20-000019,InventoryStepUp,0001593034-20-000019,20181231,4,USD,ConsolidationItems=MaterialReconcilingItems;,,261000.0,,q1,2020
0000006845-20-000002,OperatingIncomeLoss,us-gaap/2019,20181130,1,USD,BusinessSegments=Architectural;,,5851000.0,,q1,2020
0000013239-20-000006,IntangibleAssetsNetExcludingGoodwill,us-gaap/2019,20191231,0,USD,FiniteLivedIntangibleAssetsByMajorClass=Trademarks;,,137000000.0,,q1,2020
0000705432-20-000022,StockholdersEquity,us-gaap/2019,20161231,0,USD,EquityComponents=AccumulatedNetUnrealizedInvestmentGainLoss;,,-23708000.0,,q1,2020
0000098362-20-000045,Assets,us-gaap/2019,20181231,0,USD,BusinessSegments=Corporate;,,249400000.0,,q1,2020
0000831001-20-000031,StockholdersEquityOther,us-gaap/2019,20171231,4,USD,EquityComponents=NoncontrollingInterest;,,72000000.0,,q1,2020
0001654954-20-000893,NetIncomeLoss,us-gaap/2019,20180930,4,USD,EquityComponents=RetainedEarnings;,,-3257597.0,,q1,2020
0000724910-20-000004,OtherComprehensiveIncomeUnrealizedHoldingGainLossOnSecuritiesArisingDuringPeriodNetOfTax,us-gaap/2019,20190930,1,USD,EquityComponents=RetainedEarnings;,,,,q1,2020
0001193125-20-028191,MinorityInterestDecreaseFromDistributionsToNoncontrollingInterestHolders,us-gaap/2019,20171231,4,USD,EquityComponents=NoncontrollingInterest;,,34400000.0,,q1,2020
0001069996-20-000011,OtherComprehensiveIncomeLossNetOfTaxPortionAttributableToParentExcludingCumulativeEffectOfAccountingStandardChange,0001069996-20-000011,20191231,4,USD,EquityComponents=NoncontrollingInterest;,,0.0,,q1,2020
0001558370-20-002624,HeldToMaturitySecurities,us-gaap/2019,20181231,0,USD,FairValueByMeasurementBasis=CarryingReportedAmountFairValueDisclosure;,,44688000.0,,q1,2020
0001477932-20-001236,ProfitLoss,us-gaap/2019,20180831,4,USD,EquityComponents=CommonStock;,,,,q1,2020
0000046250-20-000009,GrossProfit,us-gaap/2019,20191231,3,USD,BusinessSegments=HealthandNutrition;,,15056000.0,,q1,2020
0001609253-20-000066,LiabilitiesAndStockholdersEquity,us-gaap/2019,20191231,0,USD,ConsolidatedEntities=Parent;ConsolidationItems=ReportableLegalEntities;,,6000000000.0,,q1,2020
0001081316-20-000003,DeferredTaxLiabilitiesNoncurrent,us-gaap/2019,20191231,0,USD,LegalEntity=MidamericanEnergyCompanyAndSubsidiaries;,MidamericanEnergyCompanyAndSubsidiaries,2626000000.0,,q1,2020
0001558370-20-001695,LoansAndLeasesReceivableAllowance,us-gaap/2019,20191231,0,USD,FinancingReceivablePortfolioSegment=ConstructionPortfolioSegment;,,4844000.0,,q1,2020
0001500217-20-000010,OperatingIncomeLoss,us-gaap/2019,20191231,1,USD,LegalEntity=AmericanAssetsTrustL.P.;,AmericanAssetsTrustL.P.,29993000.0,,q1,2020
0001213900-20-004875,CashFlowsFromUsedInOperatingActivities,ifrs/2019,20181231,4,CAD,,,466297000.0,,q1,2020
0001140361-20-003746,CashFlowsFromLosingControlOfSubsidiariesOrOtherBusinessesClassifiedAsInvestingActivities,ifrs/2019,20191031,4,USD,,,20000000.0,,q1,2020
0000813762-20-000008,DerivativeLiabilities,us-gaap/2019,20191231,0,USD,LegalEntity=IcahnEnterprisesHoldings;,IcahnEnterprisesHoldings,1224000000.0,,q1,2020
0001564590-20-006404,EarningsPerShareDiluted,us-gaap/2019,20190331,1,USD,ConsolidatedEntities=ParentCompany;,,0.25,,q1,2020
0000821483-20-000009,BusinessCombinationContingentConsiderationArrangementsChangeInAmountOfContingentConsiderationLiability1,us-gaap/2019,20171231,4,USD,,,0.0,,q1,2020
0001564590-20-004873,Assets,us-gaap/2019,20191231,0,USD,,,10007000000.0,,q1,2020
0000918160-20-000029,ComprehensiveIncomeNetOfTaxAttributableToNoncontrollingInterest,us-gaap/2019,20191231,4,USD,,,51800000.0,,q1,2020
0001213900-20-005978,SeveranceCosts1,us-gaap/2019,20200131,1,USD,,,486000.0,,q1,2020
0001433642-20-000012,AdjustmentsToAdditionalPaidInCapitalDeferredTaxAdjustmentDueToExerciseOfOptionsAndVestingOfRestrictedStock,0001433642-20-000012,20191231,1,USD,EquityComponents=AdditionalPaidInCapital;,,20000.0,,q1,2020
0001564590-20-004859,AdjustmentsToAdditionalPaidInCapitalSharebasedCompensationRequisiteServicePeriodRecognitionValue,us-gaap/2019,20191231,4,USD,EquityComponents=AdditionalPaidInCapital;,,-5794000.0,,q1,2020
0001564590-20-008145,StockholdersEquity,us-gaap/2019,20181231,0,USD,,,11015000.0,,q1,2020
0001564590-20-005798,WeightedAverageNumberOfDilutedSharesOutstanding,us-gaap/2019,20191231,4,shares,,,24593000.0,,q1,2020
0001564590-20-007989,StockIssuedDuringPeriodValueShareBasedCompensation,us-gaap/2019,20171231,4,USD,,,13000000.0,,q1,2020
0001733037-20-000004,RevenueFromContractWithCustomerIncludingAssessedTax,us-gaap/2019,20181231,4,USD,,,7348000000.0,,q1,2020
0001069157-20-000016,SecuritiesSoldUnderAgreementsToRepurchase,us-gaap/2019,20191231,0,USD,,,200000000.0,,q1,2020
0001493152-20-001563,SeriesBPreferredStockIssuedForCash,0001493152-20-001563,20171231,4,USD,,,,,q1,2020
0000720858-20-000009,UnrealizedGainLossOnInvestments,us-gaap/2019,20191231,4,USD,,,10303000.0,,q1,2020
0001185185-20-000164,StockBonusesGranted,0001185185-20-000164,20191231,1,USD,,,1000.0,,q1,2020
0001395942-20-000018,Revenues,us-gaap/2019,20180331,1,USD,,,613200000.0,,q1,2020
0001564590-20-007695,RestrictedCashAndCashEquivalentsAtCarryingValue,us-gaap/2019,20191231,0,USD,,,9000000.0,,q1,2020
0000908937-20-000011,PrepaidExpenseAndOtherAssetsCurrent,us-gaap/2019,20181231,0,USD,,,158000000.0,,q1,2020
0000927089-20-000176,PropertyPlantAndEquipmentNet,us-gaap/2019,20181231,0,USD,,,132424000.0,,q1,2020
0001437749-20-002306,RepaymentsOfShortTermContractualObligation,0001437749-20-002306,20191231,3,USD,,,247000.0,,q1,2020
0001271833-20-000004,ProceedsFromPaymentsForLongTermLoansForRelatedParties,us-gaap/2019,20171231,4,USD,,,234000000.0,,q1,2020
0001437749-20-003905,OtherNoninterestExpense,us-gaap/2019,20191231,4,USD,,,1842000.0,,q1,2020
0001606440-20-000002,PaymentsToAcquireAvailableForSaleSecuritiesDebt,us-gaap/2019,20181231,4,USD,,,106893000.0,,q1,2020
0001288847-20-000028,OtherNoncashIncomeExpense,us-gaap/2019,20171231,4,USD,,,313000.0,,q1,2020
0001558370-20-001928,OtherNoncashIncomeExpense,us-gaap/2019,20191231,4,USD,,,-1461000.0,,q1,2020
0000946673-20-000004,OperatingIncomeLoss,us-gaap/2019,20181231,1,USD,,,21018000.0,,q1,2020
0001679268-20-000005,OperatingIncomeLoss,us-gaap/2019,20171231,4,USD,,,62771000.0,,q1,2020
0001564590-20-008195,OperatingIncomeLoss,us-gaap/2019,20171231,4,USD,,,40238000.0,,q1,2020
0001038773-20-000062,OtherAssets,us-gaap/2019,20191231,0,USD,,,17554000.0,,q1,2020
0001437749-20-004521,LoansAndLeasesReceivableGrossCarryingAmount,us-gaap/2019,20191231,0,USD,FinancingReceivablePortfolioSegment=CommercialAndAgricultureLoans;InternalCreditAssessment=SpecialMention;,,410000.0,,q1,2020
0001075531-20-000011,Revenues,us-gaap/2019,20191231,4,USD,Geographical=OtherCountries;,,1843000000.0,,q1,2020
0001437749-20-002936,InventoryNet,us-gaap/2019,20191231,0,USD,OperatingActivitiesSegment=SegmentContinuingOperations;,,1560048.0,,q1,2020
0001437749-20-001555,StockholdersEquityIncludingPortionAttributableToNoncontrollingInterest,us-gaap/2019,20180930,0,USD,EquityComponents=RetainedEarnings;,,128695000.0,,q1,2020
0001385613-20-000012,StockholdersEquityIncludingPortionAttributableToNoncontrollingInterest,us-gaap/2019,20181231,0,USD,EquityComponents=Parent;,,477287000.0,,q1,2020
0001193125-20-087524,TreasuryStockValueAcquiredCostMethod,us-gaap/2019,20191231,4,JPY,EquityComponents=Parent;,,50015000000.0,,q1,2020
0000763563-20-000052,InterestIncomeExpenseNet,us-gaap/2018,20171231,4,USD,ConsolidationItems=IntersegmentElimination;,,24000.0,,q1,2020
0001493152-20-002830,StockIssuedDuringPeriodValueShareBasedCompensation,us-gaap/2019,20190930,1,USD,EquityComponents=NoncontrollingInterest;,,,,q1,2020
0001532286-20-000005,StockIssuedDuringPeriodSharesNewIssues,us-gaap/2019,20171231,4,shares,EquityComponents=CommonStock;,,2501643.0,,q1,2020
0001558370-20-000978,StockholdersEquityOther,us-gaap/2019,20181231,4,USD,EquityComponents=AccumulatedOtherComprehensiveIncome;,,7000000.0,,q1,2020
0001564590-20-006415,SharesIssued,us-gaap/2019,20191231,0,shares,EquityComponents=CommonStock;,,120352000.0,,q1,2020
0001436425-20-000008,StockIssuedDuringPeriodValueStockOptionsExercised,us-gaap/2019,20171231,4,USD,EquityComponents=AdditionalPaidInCapital;,,1192000.0,,q1,2020
0000796343-20-000013,StockIssuedDuringPeriodValueTreasuryStockReissued,us-gaap/2019,20181130,4,USD,EquityComponents=AdditionalPaidInCapital;,,-1125000.0,,q1,2020
0001289848-20-000006,ComprehensiveIncomeNetOfTax,us-gaap/2019,20171231,4,USD,EquityComponents=AccumulatedOtherComprehensiveIncome;,,6755000.0,,q1,2020
0001193125-20-058900,NewAccountingPronouncementOrChangeInAccountingPrincipleEffectOfAdoptionQuantification,us-gaap/2019,20191231,4,USD,EquityComponents=AccumulatedOtherComprehensiveIncome;,,0.0,,q1,2020
0001564590-20-004590,OtherComprehensiveIncomeUnrealizedGainLossOnDerivativesArisingDuringPeriodNetOfTax,us-gaap/2019,20171231,4,USD,EquityComponents=AccumulatedOtherComprehensiveIncome;,,5267000.0,,q1,2020
0001558370-20-001653,AccountsPayableCurrent,us-gaap/2019,20191231,0,USD,,,5167000.0,,q1,2020
0000726601-20-000006,AccumulatedOtherComprehensiveIncomeLossNetOfTax,us-gaap/2019,20191231,0,USD,,,-28181000.0,,q1,2020
0001193125-20-055512,AccretionAmortizationOfDiscountsAndPremiumsInvestments,us-gaap/2019,20181231,4,USD,,,-5798000.0,,q1,2020
0001558370-20-001092,CommonStockDividendsPerShareDeclared,us-gaap/2019,20181231,4,USD,,,3.16,,q1,2020
0001213900-20-003971,CommonStockSharesIssued,us-gaap/2019,20191231,0,shares,,,69146000.0,,q1,2020
0001493152-20-005294,CommonStockSharesAuthorized,us-gaap/2019,20181231,0,shares,,,50000000.0,,q1,2020
0001493152-20-003070,CommonStockSharesOutstanding,us-gaap/2019,20191231,0,shares,,,9258000.0,,q1,2020
0001558370-20-002686,CostOfRevenue,us-gaap/2019,20191231,3,USD,,,11928000.0,,q1,2020
0001739445-20-000026,Assets,us-gaap/2019,20181231,0,USD,BusinessSegments=Other;,,0.0,,q1,2020
0001193125-20-002291,ReclassificationOfRedeemableCommonStockIntoCommonStockOnInitialPublicOfferingShares,0001193125-20-002291,20190930,1,shares,ClassOfStock=RedeemableCommonStock;,,-1859151.0,,q1,2020
0001495320-20-000010,TreasuryStockValueAcquiredCostMethod,us-gaap/2019,20200131,4,USD,ShareRepurchaseProgram=The2015ShareRepurchaseProgram;,,11300000.0,,q1,2020
0001564590-20-010451,StockIssuedDuringPeriodValueEmployeeStockPurchasePlan,us-gaap/2019,20191231,4,USD,EquityComponents=CommonStock;SubsidiarySaleOfStock=EmployeeStock;,,70668.0,,q1,2020
0001654954-20-002485,EarningsPerShareBasicAndDiluted,us-gaap/2019,20181231,1,USD,LegalEntity=TeucriumCornFund;,TeucriumCornFund,-1.49,,q1,2020
0001062993-20-001385,IncomeArisingFromExplorationForAndEvaluationOfMineralResources,ifrs/2018,20181231,4,USD,GeographicalAreas=CA;,,0.0,,q1,2020
0001610520-20-000041,PuchaseOfPropertyEquipmentSoftwareClassifiedAsInvestingActivities,0001610520-20-000041,20191231,4,USD,ConsolidatedEntities=NonGuarantorSubsidiaries;ConsolidationItems=ReportableLegalEntities;LegalEntity=UBSAG;,,600000000.0,,q1,2020
0000020212-20-000019,Revenues,us-gaap/2019,20191231,4,USD,BusinessSegments=GamingSegment;,,694800000.0,,q1,2020
0001413898-20-000022,IncomeTaxExpenseBenefit,us-gaap/2019,20190331,1,USD,Restatement=RestatementAdjustment;,,-821000.0,,q1,2020
0001700849-20-000002,SharesOutstanding,us-gaap/2019,20181130,0,shares,EquityComponents=AdditionalPaidInCapital;,,25755.0,,q1,2020
0001213900-20-006552,StockIssuedDuringPeriodValueConversionOfUnits,us-gaap/2019,20191231,4,USD,EquityComponents=AdditionalPaidInCapital;,,-2533184.0,,q1,2020
0001213900-20-007405,AccountsPayableCurrent,us-gaap/2019,20181231,0,USD,,,193000.0,,q1,2020
0001193125-20-067508,PropertyPlantAndEquipment,ifrs/2019,20181231,0,USD,CarryingAmountAccumulatedDepreciationAmortisationAndImpairmentAndGrossCarryingAmount=AccumulatedDepreciationAndAmortisation;ClassesOfPropertyPlantAndEquipment=OfficeEquipment;,,49000.0,,q1,2020
0001551182-20-000050,LiabilitiesAndStockholdersEquity,us-gaap/2019,20181231,0,USD,LegalEntity=EatonCorporation;,EatonCorporation,22921000000.0,,q1,2020
0001193125-20-073720,InterestExpense,us-gaap/2019,20200131,3,USD,ConsolidatedEntities=NonGuarantorSubsidiaries;,,200000.0,,q1,2020
0001213900-20-003098,FiniteLivedIntangibleAssetsNet,us-gaap/2019,20191231,0,USD,IndefiniteLivedIntangibleAssetsByMajorClass=CustomerContracts;,,,,q1,2020
0001665918-20-000012,CashCashEquivalentsRestrictedCashAndRestrictedCashEquivalents,us-gaap/2018,20191231,0,USD,ConsolidatedEntities=ParentCompany;,,0.0,,q1,2020
0000813920-20-000015,AllocatedShareBasedCompensationExpense,us-gaap/2019,20181231,4,USD,,,324000.0,,q1,2020
0001564590-20-010259,AmortizationAndImpairmentOfProducedContent,0001564590-20-010259,20191231,4,CNY,,,2977181000.0,,q1,2020
0001437749-20-003965,Assets,us-gaap/2019,20191231,0,USD,,,10507000.0,,q1,2020
0001437749-20-000431,CashProvidedByUsedInOperatingActivitiesDiscontinuedOperations,us-gaap/2019,20191130,3,USD,,,-404000.0,,q1,2020
0001486957-20-000006,CommitmentsAndContingencies,us-gaap/2019,20181231,0,USD,,,,,q1,2020
0001564590-20-010058,AdjustmentsToAdditionalPaidInCapitalSharebasedCompensationRequisiteServicePeriodRecognitionValue,us-gaap/2018,20171231,4,USD,EquityComponents=AdditionalPaidInCapital;,,5541000.0,,q1,2020
0001628280-20-001698,StockholdersEquity,us-gaap/2019,20181231,0,USD,,,128089000.0,,q1,2020
0001046995-20-000010,WeightedAverageNumberOfSharesOutstandingBasic,us-gaap/2018,20171231,4,shares,,,33661727.0,,q1,2020
0000012208-20-000012,WeightedAverageNumberOfSharesOutstandingBasic,us-gaap/2019,20181231,4,shares,,,29836000.0,,q1,2020
0001227025-20-000025,ResearchAndDevelopmentExpense,us-gaap/2019,20181231,4,USD,,,53818000.0,,q1,2020
0001437749-20-006509,ShareBasedCompensation,us-gaap/2019,20191231,4,USD,,,9417.0,,q1,2020
0001551152-20-000007,Revenues,us-gaap/2019,20191231,1,USD,,,8704000000.0,,q1,2020
0000935494-20-000007,PrepaidExpenseAndOtherAssetsCurrent,us-gaap/2018,20181231,0,USD,,,54337000.0,,q1,2020
0001517413-20-000043,ProceedsFromStockOptionsExercisedEarly,0001517413-20-000043,20181231,4,USD,,,1054000.0,,q1,2020
0001362988-20-000023,PropertySubjectToOrAvailableForOperatingLeaseNet,us-gaap/2019,20191231,0,USD,,,7375018000.0,,q1,2020
0001104506-20-000007,PaymentsToAcquirePropertyPlantAndEquipment,us-gaap/2019,20181231,4,USD,,,13090000.0,,q1,2020
0001467760-20-000004,PreferredStockDividendsIncomeStatementImpact,us-gaap/2019,20190630,1,USD,,,4919000.0,,q1,2020
0001213900-20-007386,PreferredStockSharesIssued,us-gaap/2019,20191231,0,shares,,,,,q1,2020
0001015820-20-000015,ProceedsFromIssuanceOfWarrants,us-gaap/2019,20171231,4,USD,,,45396000.0,,q1,2020
0001005011-20-000005,OtherComprehensiveIncomeLossForeignCurrencyTransactionAndTranslationAdjustmentNetOfTax,us-gaap/2019,20171231,4,USD,,,44900000.0,,q1,2020
0000063908-20-000022,PaymentsToAcquireProductiveAssets,us-gaap/2019,20191231,4,USD,,,540900000.0,,q1,2020
0000009984-20-000029,PaymentsToAcquirePropertyPlantAndEquipment,us-gaap/2019,20191231,4,USD,,,53286000.0,,q1,2020
0001084991-20-000011,OtherAssetsNoncurrent,us-gaap/2019,20191231,0,USD,,,1603000.0,,q1,2020
0001141807-20-000005,NetCashProvidedByUsedInOperatingActivities,us-gaap/2019,20191231,4,USD,,,13262000.0,,q1,2020
0001358071-20-000011,OperatingIncomeLoss,us-gaap/2018,20171231,4,USD,,,1071000000.0,,q1,2020
0001564590-20-003465,OperatingIncomeLoss,us-gaap/2019,20191231,1,USD,,,-4853594.0,,q1,2020
0000072333-20-000078,NetCashProvidedByUsedInInvestingActivities,us-gaap/2019,20180131,4,USD,,,-684000000.0,,q1,2020
0001193125-20-072460,LoansAndLeasesReceivableNetReportedAmount,us-gaap/2019,20180630,0,USD,,,963109000.0,,q1,2020
0001235468-20-000055,IncreaseDecreaseInProfitSharingDistributionsPayable,0001235468-20-000055,20191231,1,USD,,,-1675000.0,,q1,2020
0000927089-20-000084,IncreaseDecreaseInFederalFundsPurchasedAndSecuritiesSoldUnderAgreementsToRepurchaseNet,us-gaap/2019,20180630,4,USD,,,-6945000.0,,q1,2020
0001193125-20-080953,Revenue,ifrs/2019,20191231,4,USD,ClassesOfPropertyPlantAndEquipment=LiquefiedPetroleumGas;GeographicalAreas=DomesticMarket;ProductOrService=OilProducts;,,4159000000.0,,q1,2020
0001640334-20-000120,CommonStockSharesAuthorized,us-gaap/2019,20190831,0,shares,,,500000000.0,,q1,2020
0001552000-20-000007,CostOfRentalSalesAndOccupancyCosts,0001552000-20-000007,20191231,4,USD,,,141000000.0,,q1,2020
0001140361-20-007212,PartnersCapitalAccountUnitsRedeemed,us-gaap/2019,20191231,4,shares,CapitalUnitsByClass=CapitalUnitClassB;PartnerTypeOfPartnersCapitalAccount=OtherOwnershipInterest;,,2803.585,,q1,2020
0001437749-20-004072,RevenueFromContractWithCustomerIncludingAssessedTax,us-gaap/2019,20191231,4,USD,MajorCustomers=SouthernCaliforniaPublicPowerAuthority;,,133725000.0,,q1,2020
0001062231-20-000009,CashAndCashEquivalentsAtCarryingValue,us-gaap/2019,20191231,0,USD,ConsolidatedEntities=NonGuarantorSubsidiaries;,,363100000.0,,q1,2020
0000927066-20-000014,OtherIncome,us-gaap/2019,20171231,4,USD,BusinessSegments=AllOtherSegments;HealthCareOrganizationRevenueSources=MedicaidandManagedMedicaid;,,71426000.0,,q1,2020
0001564590-20-006404,RevenueFromContractWithCustomerExcludingAssessedTax,us-gaap/2019,20191231,4,USD,ProductOrService=HotelOther;,,391000000.0,,q1,2020
0000930413-20-000859,LoansAndAdvancesToCustomers,ifrs/2019,20181231,0,GBP,LoanStage=Stage2;RatingSystem=RMS16;RelatedPartyTransactionsByRelatedParty=TheGroup;RiskExposures=GrossUndrawnExposures;Segments=RetailOther;,,47000000.0,,q1,2020
0001564590-20-012500,RestrictedCashNoncurrent,us-gaap/2019,20191231,0,USD,CreditFacility=LetterOfCredit;Geographical=BurlingtonMassachusetts;LeaseArrangementType=LeaseAgreementRequireStandbyLetterOfCredit;,,182000.0,,q1,2020
0001013871-20-000013,OtherNonoperatingIncomeExpense,us-gaap/2019,20191231,4,USD,ConsolidationItems=ConsolidationEliminations;,,0.0,,q1,2020
0001172222-20-000008,PensionExpense,us-gaap/2019,20171231,4,USD,ConsolidationItems=ConsolidationEliminations;,,0.0,,q1,2020
0000015615-20-000005,ProfitLoss,us-gaap/2019,20171231,4,USD,EquityComponents=Parent;,,347213000.0,,q1,2020
0001072627-20-000034,ShareBasedCompensation,us-gaap/2018,20170930,1,USD,TitleOfIndividual=Officer;,,400000.0,,q1,2020
0001562762-20-000075,StockholdersEquityIncludingPortionAttributableToNoncontrollingInterest,us-gaap/2019,20181231,0,USD,EquityComponents=RetainedEarnings;,,-1084518000.0,,q1,2020
0001663577-20-000040,TemporaryEquityForeignCurrencyTranslationAdjustments,us-gaap/2019,20191031,1,USD,EquityComponents=RetainedEarnings;,,1351.0,,q1,2020
0001060822-20-000004,StockRepurchasedAndRetiredDuringPeriodValue,us-gaap/2019,20171231,4,USD,EquityComponents=CommonStock;,,21000.0,,q1,2020
0001104659-20-003045,NetIncomeLoss,us-gaap/2019,20180531,1,USD,EquityComponents=RetainedEarnings;,,-2350.0,,q1,2020
0001764925-20-000251,StockIssuedDuringPeriodSharesConversionOfConvertibleSecurities,us-gaap/2019,20200131,4,shares,EquityComponents=CommonStock;,,373372000.0,,q1,2020
0001445866-20-000286,AdjustmentsToAdditionalPaidInCapitalSharebasedCompensationRequisiteServicePeriodRecognitionValue,us-gaap/2019,20181231,4,USD,EquityComponents=AccumulatedOtherComprehensiveIncome;,,,,q1,2020
0001419536-20-000027,OtherComprehensiveIncomeLossCashFlowHedgeGainLossAfterReclassificationAndTaxParent,us-gaap/2018,20181231,4,USD,EquityComponents=AccumulatedOtherComprehensiveIncome;,,-2000.0,,q1,2020
0001104657-20-000013,StockholdersEquity,us-gaap/2019,20171231,0,USD,EquityComponents=AccumulatedOtherComprehensiveIncome;,,-102937000.0,,q1,2020
0001493152-20-000522,AmortizationOfRestrictedCommonStockValue,0001493152-20-000522,20190630,1,USD,EquityComponents=CommonStock;,,,,q1,2020
0001564590-20-007922,StockRepurchasedDuringPeriodValue,us-gaap/2019,20171231,4,USD,EquityComponents=TreasuryStock;,,1264000.0,,q1,2020
0001558370-20-001641,AdditionalPaidInCapitalCommonStock,us-gaap/2019,20181231,0,USD,,,1160048000.0,,q1,2020
0001104659-20-034145,AdjustmentsToAdditionalPaidInCapitalDeemedDividendsRelatedToConversionOfPreferredConvertibleStockIntoCommonStockOne,0001104659-20-034145,20191231,4,USD,,,0.0,,q1,2020
0001637757-20-000003,AssetImpairmentCharges,us-gaap/2019,20191231,4,USD,,,33000000.0,,q1,2020
0001562762-20-000053,AdjustmentsForProvisions,ifrs/2019,20181231,4,GBP,,,2274000000.0,,q1,2020
0001628280-20-002853,CostOfSales,ifrs/2018,20171231,4,CAD,ProductsAndServices=FuelAndPurchasedPower;,,1016000000.0,,q1,2020
0000891478-20-000017,Goodwill,ifrs/2018,20191231,0,EUR,SignificantInvestmentsInAssociates=AllianzPopularS.l.;,,347000000.0,,q1,2020
0001437749-20-006509,InterestPaidNet,us-gaap/2019,20181231,4,USD,NatureOfExpense=InterestPaidOnBorrowings;,,218512.0,,q1,2020
0001564590-20-007597,IntangibleAssetsAndGoodwill,ifrs/2019,20190630,0,USD,CarryingAmountAccumulatedDepreciationAmortisationAndImpairmentAndGrossCarryingAmount=GrossCarryingAmount;,,650972000.0,,q1,2020
0001564590-20-012791,SharesOutstanding,us-gaap/2019,20171231,0,shares,EquityComponents=CommonStock;,,21605716.0,,q1,2020
0000723254-20-000003,SharesIssued,us-gaap/2019,20180831,0,shares,EquityComponents=TreasuryStock;,,77086000.0,,q1,2020
0001628280-20-003129,AllowanceForDoubtfulAccountsReceivableCurrent,us-gaap/2018,20200131,0,USD,,,225000.0,,q1,2020
0001558370-20-002264,AdditionalPaidInCapitalCommonStock,us-gaap/2019,20181231,0,USD,,,183139000.0,,q1,2020
0000717423-20-000008,RevenueFromContractWithCustomerExcludingAssessedTax,us-gaap/2018,20191231,4,USD,ProductOrService=NaturalGasReserves;,,232363000.0,,q1,2020
0000891478-20-000017,FinancialAssetsAtFairValueThroughProfitOrLossClassifiedAsHeldForTrading,ifrs/2018,20181231,0,EUR,ClassesOfFinancialAssets=LoansAndAdvances;Maturity=LaterThanThreeMonthsAndNotLaterThanOneYear;,,0.0,,q1,2020
0001104659-20-026118,IncomeTaxRelatingToComponentsOfOtherComprehensiveIncomeThatWillNotBeReclassifiedToProfitOrLoss,ifrs/2019,20171231,4,GBP,IfrsConsolidatedEntities=SubsidiaryIssuer;,,18000000.0,,q1,2020
0001558370-20-002429,StockIssuedDuringPeriodValueNewIssues,us-gaap/2019,20191130,0,USD,TitleOfIndividual=Consultant;,,1372750.0,,q1,2020
0001104659-20-039814,NoncurrentDerivativeFinancialLiabilities,ifrs/2019,20191231,0,USD,ConsolidationItems=NonGuarantorSubsidiaries;,,500000.0,,q1,2020
0001488139-20-000014,Goodwill,us-gaap/2019,20191231,0,USD,BusinessAcquisition=SolarPhotovoltaicProjectsAndEEX;,,337000.0,,q1,2020
0001628280-20-001607,AccountsPayableAndAccruedLiabilitiesCurrent,us-gaap/2019,20191231,0,USD,ConsolidatedEntities=NonGuarantorSubsidiaries;,,1675000000.0,,q1,2020
0000857855-20-000011,AvailableForSaleSecuritiesDebtSecurities,us-gaap/2019,20181231,0,USD,FairValueByMeasurementFrequency=FairValueMeasurementsRecurring;FinancialInstrument=CommercialMortgageBackedSecurities;,,391917000.0,,q1,2020
0000895456-20-000010,OperatingExpenses,us-gaap/2018,20191231,4,USD,ProductOrService=ShippingAndHandling;,,10641000.0,,q1,2020
0001437749-20-003157,ShortTermBorrowings,us-gaap/2019,20191231,0,USD,ConsolidatedEntities=ParentCompany;DebtInstrument=OtterTailPowerCompanyCreditAgreement;,,0.0,,q1,2020
0001564590-20-012520,CommonStockParOrStatedValuePerShare,us-gaap/2019,20171031,0,USD,,,0.0001,,q1,2020
0001564590-20-010261,CommonStockParOrStatedValuePerShare,us-gaap/2019,20181231,0,USD,,,0.001,,q1,2020
0001598428-20-000017,CashCashEquivalentsRestrictedCashAndRestrictedCashEquivalentsPeriodIncreaseDecreaseIncludingExchangeRateEffect,us-gaap/2018,20181231,4,USD,,,-2900000.0,,q1,2020
0000088121-20-000010,CashCashEquivalentsRestrictedCashAndRestrictedCashEquivalentsPeriodIncreaseDecreaseIncludingExchangeRateEffect,us-gaap/2019,20181231,4,USD,,,78000000.0,,q1,2020
0001564590-20-010862,CommonStockSharesIssued,us-gaap/2019,20191231,0,shares,,,72390080.0,,q1,2020
0001493152-20-004360,IntangibleAssetsNetExcludingGoodwill,us-gaap/2019,20170930,0,USD,IndefiniteLivedIntangibleAssetsByMajorClass=NonCompete;,,,,q1,2020
0001628280-20-001686,OtherAssetsNoncurrent,us-gaap/2019,20190930,0,USD,Restatement=ScenarioPreviouslyReported;,,1811000.0,,q1,2020
0001493152-20-001745,StockIssuedDuringPeriodSharesNewIssues,us-gaap/2019,20170731,0,shares,TitleOfIndividual=Investors;,,957.0,,q1,2020
0001628280-20-002743,Goodwill,us-gaap/2018,20181231,0,USD,BusinessSegments=ConstructionEquipmentSegment;,,587000000.0,,q1,2020
0000822416-20-000007,CashAndCashEquivalentsAtCarryingValue,us-gaap/2019,20191231,0,USD,ConsolidatedEntities=ParentCompany;,,0.0,,q1,2020
0001213900-20-007611,AmortizationOfStockCompensationExpensesForServices,0001213900-20-007611,20181231,4,USD,,,758750.0,,q1,2020
0001213900-20-007716,EquityInterestPaidinSharesValue,0001213900-20-007716,20181231,4,USD,EquityComponents=AdditionalPaidInCapital;,,330000.0,,q1,2020
0000318833-20-000008,StockholdersEquity,us-gaap/2019,20191231,0,USD,EquityComponents=AdditionalPaidInCapital;,,409034000.0,,q1,2020
0001552781-20-000182,StockIssuedDuringPeriodValueDividendReinvestmentPlanCashFlowImpact,0001552781-20-000182,20191231,4,USD,,,570000.0,,q1,2020
0001493152-20-003903,StockIssuedDuringPeriodValueNewIssues,us-gaap/2019,20171231,4,USD,,,6038900.0,,q1,2020
0001047469-20-001268,TreasuryStockShares,us-gaap/2019,20191231,0,shares,,,62600.0,,q1,2020
0000947484-20-000012,OtherOperatingIncomeExpenseNet,us-gaap/2019,20171231,4,USD,ConsolidationItems=OperatingSegments;,,-2571000.0,,q1,2020
0001654954-20-003510,StockIssuedDuringPeriodValueIssuedForServices,us-gaap/2019,20181231,4,USD,IncomeStatementLocation=SellingGeneralAndAdministrativeExpenses;,,31800.0,,q1,2020
0000714310-20-000066,WeightedAverageNumberOfDilutedSharesOutstanding,us-gaap/2019,20181231,4,shares,,,332693718.0,,q1,2020
0001104659-20-037958,NetCashProvidedByUsedInOperatingActivities,us-gaap/2019,20191231,4,USD,,,-11032000.0,,q1,2020
0001025835-20-000014,NotesPayableToBank,us-gaap/2019,20181231,0,USD,,,2000000.0,,q1,2020
0000742112-20-000015,OtherComprehensiveIncomeLossAmortizationAdjustmentFromAOCIPensionAndOtherPostretirementBenefitPlansForNetPriorServiceCostCreditBeforeTax,us-gaap/2018,20191231,4,USD,,,-596000.0,,q1,2020
0000737468-20-000009,NoninterestExpense,us-gaap/2019,20181231,1,USD,,,26682000.0,,q1,2020
0001625101-20-000011,NetCashProvidedByUsedInInvestingActivities,us-gaap/2019,20171231,4,USD,,,-22998000.0,,q1,2020
0001654954-20-001526,NetCashProvidedByUsedInInvestingActivities,us-gaap/2019,20181231,1,USD,,,-551199.0,,q1,2020
0001558370-20-001872,LiabilitiesAndStockholdersEquity,us-gaap/2019,20181231,0,USD,,,6834176000.0,,q1,2020
0001072627-20-000034,Liabilities,us-gaap/2018,20171231,0,USD,,,450778000.0,,q1,2020
0001104659-20-023944,NetAssetValuePerUnit,0001104659-20-023944,20060331,0,USD,,,67.39,,q1,2020
0001397403-20-000010,GainsOnSalesOfInvestmentRealEstate,0001397403-20-000010,20191231,4,USD,,,184000.0,,q1,2020
0001518832-20-000006,IncomeLossFromContinuingOperationsPerBasicShare,us-gaap/2019,20181231,1,USD,,,0.84,,q1,2020
0001558370-20-001005,IncreaseDecreaseInInventories,us-gaap/2019,20171231,4,USD,,,66000000.0,,q1,2020
0001623613-20-000011,OtherComprehensiveIncomeLossTax,us-gaap/2018,20171231,4,USD,EquityComponents=AccumulatedOtherComprehensiveIncome;ReclassificationOutOfAccumulatedOtherComprehensiveIncome=ReclassificationOutOfAccumulatedOtherComprehensiveIncome;,,12800000.0,,q1,2020
0001564590-20-010956,RevenueFromContractWithCustomerExcludingAssessedTax,us-gaap/2019,20181231,2,USD,ProductOrService=Royalty;,,1045000.0,,q1,2020
0001701605-20-000019,IncomeLossFromContinuingOperationsBeforeIncomeTaxesMinorityInterestAndIncomeLossFromEquityMethodInvestments,us-gaap/2019,20171231,4,USD,BusinessSegments=OilfieldEquipment;ConsolidationItems=OperatingSegments;,,26000000.0,,q1,2020
0000082166-20-000051,ImpairmentOfLongLivedAssetsHeldForUse,us-gaap/2019,20200131,4,USD,,,0.0,,q1,2020
0001564590-20-007567,IncreaseDecreaseInDividendsReceivable,us-gaap/2019,20171231,4,USD,,,1793.0,,q1,2020
0001564590-20-004096,EffectOfExchangeRateOnCashAndCashEquivalents,us-gaap/2019,20191231,4,USD,ConsolidatedEntities=PartnershipInterest;,,5914000.0,,q1,2020
0001104659-20-028220,PropertyPlantAndEquipmentNet,us-gaap/2019,20191231,0,USD,BusinessSegments=CommercialPlatform;ConsolidationItems=OperatingSegments;Geographical=CN;Subsegments=PrescriptionDrugs;,,424000.0,,q1,2020
0001628280-20-002411,Goodwill,us-gaap/2019,20190331,0,USD,BusinessAcquisition=RelianceBancsharesInc.;,,78493000.0,,q1,2020
0001396009-20-000006,EmployeeRelatedLiabilitiesCurrent,us-gaap/2019,20191231,0,USD,,,97228000.0,,q1,2020
0001171843-20-001077,DisposalGroupNotIncludingDiscontinuedOperationLiabilitiesNoncurrent,0001171843-20-001077,20181231,0,USD,,,,,q1,2020
0001498547-20-000015,ExitFeesfromLoansHeldforInvestment,0001498547-20-000015,20181231,4,USD,,,185000.0,,q1,2020
0001030469-20-000010,FederalHomeLoanBankStock,us-gaap/2019,20181231,0,USD,,,12644000.0,,q1,2020
0001564590-20-007403,EarningsPerShareDiluted,us-gaap/2019,20181231,1,USD,,,0.19,,q1,2020
0001593034-20-000019,DiscontinuedOperationIncomeLossFromDiscontinuedOperationNetOfTaxPerDilutedShare,us-gaap/2019,20190630,1,USD,,,-0.04,,q1,2020
0001193125-20-054469,RegulatoryAssetsCurrent,us-gaap/2019,20181231,0,USD,RegulatoryAsset=OtherRegulatoryAssetsLiabilities;,,99000000.0,,q1,2020
0001603145-20-000006,StockholdersEquityIncludingPortionAttributableToNoncontrollingInterest,us-gaap/2019,20191231,0,USD,EquityComponents=AociAttributableToNoncontrollingInterest;,,-14000000.0,,q1,2020
0001437749-20-005153,Revenues,us-gaap/2019,20181231,4,USD,BusinessSegments=LMH;ConsolidationItems=OperatingSegments;,,14065132.0,,q1,2020
0001104659-20-033267,CommonStockSharesOutstanding,us-gaap/2019,20191231,0,shares,,,19473818.0,,q1,2020
0001376139-20-000015,CostDirectMaterial,us-gaap/2019,20180630,1,USD,,,1560000000.0,,q1,2020
0000058492-20-000002,EarningsPerShareBasic,us-gaap/2019,20180930,1,USD,,,0.67,,q1,2020
0000950103-20-003040,IntangibleAssetsAndGoodwill,ifrs/2019,20181231,0,BRL,CarryingAmountAccumulatedDepreciationAmortisationAndImpairmentAndGrossCarryingAmount=GrossCarryingAmount;IntangibleAssetsWithIndefiniteUsefulLife=Goodwill;,,23062421000.0,,q1,2020
0000743367-20-000072,AvailableForSaleSecuritiesDebtSecurities,us-gaap/2019,20191231,0,USD,FairValueByMeasurementBasis=EstimateOfFairValueFairValueDisclosure;FairValueByMeasurementFrequency=FairValueMeasurementsRecurring;FinancialInstrument=CorporateBondSecurities;,,80061000.0,,q1,2020
0001594686-20-000008,EarningsPerShareBasicAndDiluted,us-gaap/2019,20190331,1,USD,LegalEntity=WashingtonPrimeGroupLP;,WashingtonPrimeGroupLP,-0.03,,q1,2020
0000913144-20-000024,DeferredPolicyAcquisitionCostAmortizationExpense,us-gaap/2019,20171231,4,USD,RelatedPartyTransactionsByRelatedParty=TowerHill;,,5100000.0,,q1,2020
0000027904-20-000004,Assets,us-gaap/2019,20181231,0,USD,,,60266000000.0,,q1,2020
0001564590-20-008970,ComprehensiveIncomeNetOfTax,us-gaap/2019,20200131,1,USD,,,5665000.0,,q1,2020
0000897101-20-000171,CommitmentsAndContingencies,us-gaap/2019,20191231,0,USD,,,,,q1,2020
0000891166-20-000016,ShareBasedCompensationArrangementByShareBasedPaymentAwardEquityInstrumentsOtherThanOptionsVestedInPeriodTotalFairValue,us-gaap/2019,20171231,4,USD,AwardType=PerformanceShares;,,3307000.0,,q1,2020
0000705432-20-000022,StockholdersEquity,us-gaap/2019,20181231,0,USD,EquityComponents=AdditionalPaidInCapital;,,762470000.0,,q1,2020
0001551163-20-000007,StockIssuedDuringPeriodValueNewIssues,us-gaap/2019,20181231,1,USD,,,63954.0,,q1,2020
0001558370-20-002073,DepreciationDepletionAndAmortization,us-gaap/2019,20190131,3,USD,BusinessSegments=AllOtherSegments;,,168000.0,,q1,2020
0001628280-20-002804,RelatedPartyManagementFeeExpense,0001628280-20-002804,20171231,4,USD,,,5340000.0,,q1,2020
0001654954-20-000670,WeightedAverageNumberOfSharesOutstandingBasic,us-gaap/2019,20181130,1,shares,,,161245806.0,,q1,2020
0001564590-20-012501,PropertyPlantAndEquipmentNet,us-gaap/2019,20191231,0,USD,,,4642000.0,,q1,2020
0001104659-20-034817,ProfitLossAttributableToNoncontrollingInterests,ifrs/2019,20181231,1,USD,,,4318359.0,,q1,2020
0000821189-20-000010,RetainedEarningsAccumulatedDeficit,us-gaap/2019,20181231,0,USD,,,13543130000.0,,q1,2020
0001564590-20-009774,RetainedEarningsAccumulatedDeficit,us-gaap/2019,20191231,0,USD,,,125757000.0,,q1,2020
0001370416-20-000003,ProceedsFromEquityMethodInvestmentDividendsOrDistributionsReturnOfCapital,us-gaap/2019,20171231,4,USD,,,16633000.0,,q1,2020
0000059440-20-000004,OtherThanTemporaryImpairmentLossesInvestmentsPortionRecognizedInEarningsNet,us-gaap/2019,20191231,4,USD,,,0.0,,q1,2020
0001558370-20-001170,OtherComprehensiveIncomeLossForeignCurrencyTransactionAndTranslationAdjustmentNetOfTax,us-gaap/2019,20171231,4,USD,,,2885000.0,,q1,2020
0001193125-20-003793,OtherComprehensiveIncomeLossReclassificationAdjustmentFromAOCIOnDerivativesTax,us-gaap/2019,20191130,1,USD,,,-100000.0,,q1,2020
0001104659-20-025681,ProceedsFromBorrowingsClassifiedAsFinancingActivities,ifrs/2019,20181231,4,EUR,,,6368000000.0,,q1,2020
0000946673-20-000004,ProceedsFromMaturitiesPrepaymentsAndCallsOfHeldToMaturitySecurities,us-gaap/2019,20181231,4,USD,,,33152000.0,,q1,2020
0001564590-20-012674,ProceedsFromSalesOfInvestmentsAccountedForUsingEquityMethod,ifrs/2019,20171231,4,CNY,,,57000000.0,,q1,2020
0001493152-20-000448,ProceedsFromRelatedPartyDebt,us-gaap/2019,20171231,4,USD,,,300000.0,,q1,2020
0001096906-20-000077,OperatingExpenses,us-gaap/2019,20181231,1,USD,,,37000.0,,q1,2020
0001500435-20-000013,OtherNonoperatingIncomeExpense,us-gaap/2018,20171231,4,USD,,,-12927000.0,,q1,2020
0001193125-20-090918,OperatingIncomeLoss,us-gaap/2019,20181231,4,USD,,,-2400030.0,,q1,2020
0001654954-20-002158,OperatingIncomeLoss,us-gaap/2019,20181231,1,USD,,,10757000.0,,q1,2020
0001718512-20-000013,OtherAssetsNoncurrent,us-gaap/2019,20181231,0,USD,,,29600000.0,,q1,2020
0000081018-20-000003,OtherCostOfOperatingRevenue,us-gaap/2019,20171231,4,USD,,,16100000.0,,q1,2020
0001628280-20-002576,NetCashProvidedByUsedInFinancingActivities,us-gaap/2019,20181231,4,USD,,,352294000.0,,q1,2020
0001564590-20-011085,NetInvestmentIncomeLoss,0001564590-20-011085,20171231,4,USD,,,-4124058.0,,q1,2020
0000866368-20-000005,NoncontrollingInterestDecreaseFromDistributionsToJointVenture,0000866368-20-000005,20191231,4,USD,,,134000.0,,q1,2020
0001411579-20-000027,Liabilities,us-gaap/2019,20191231,0,USD,,,12461600000.0,,q1,2020
0001193125-20-074937,IncreaseDecreaseInOtherAccountsPayableAndAccruedLiabilities,us-gaap/2019,20190131,1,USD,,,46496.0,,q1,2020
0000064040-20-000055,IncreaseDecreaseInContractWithCustomerLiability,us-gaap/2019,20191231,4,USD,,,256000000.0,,q1,2020
0001493152-20-005384,IncomeTaxExpenseBenefit,us-gaap/2019,20181231,4,USD,,,,,q1,2020
0001558370-20-001709,IncreaseDecreaseInAccruedInvestmentIncomeReceivable,us-gaap/2019,20171231,4,USD,,,137000.0,,q1,2020
0001437749-20-005285,IncreaseDecreaseInNotesReceivables,us-gaap/2019,20171231,4,USD,,,197965000.0,,q1,2020
0001564590-20-007550,IncreaseDecreaseInAccountsPayableRelatedParties,us-gaap/2019,20171231,4,USD,,,-71745.0,,q1,2020
0001564590-20-011878,InterestPaidNet,us-gaap/2019,20190131,4,USD,,,858000.0,,q1,2020
0001004434-20-000011,LaborAndRelatedExpense,us-gaap/2019,20181231,4,USD,,,987200000.0,,q1,2020
0001437749-20-004062,InformationTechnologyAndDataProcessing,us-gaap/2019,20171231,4,USD,,,8222000.0,,q1,2020
0000894671-20-000010,InterestIncomeExpenseNet,us-gaap/2019,20180930,1,USD,,,10763000.0,,q1,2020
0001682852-20-000006,IncreaseDecreaseInDeferredRevenue,us-gaap/2019,20171231,4,USD,,,-162321000.0,,q1,2020
0001104659-20-019387,IncreaseDecreaseInAccountsReceivable,us-gaap/2019,20171231,4,USD,,,-68469.0,,q1,2020
0001493152-20-004077,IncreaseDecreaseInContractWithCustomerAsset,us-gaap/2019,20191231,4,USD,,,-2681065.0,,q1,2020
0000064040-20-000055,OperatingIncomeLoss,us-gaap/2019,20171231,4,USD,BusinessSegments=PlattsSegment;ConsolidationItems=OperatingSegments;,,326000000.0,,q1,2020
0000038777-20-000011,RevenueFromContractWithCustomerExcludingAssessedTax,us-gaap/2018,20191231,1,USD,Geographical=EuropeMiddleEastandAfricaExcludingLuxembourg;,,24300000.0,,q1,2020
0001628369-20-000014,EmployeeRelatedLiabilitiesCurrent,us-gaap/2019,20191231,0,USD,,,888800000.0,,q1,2020
0000867773-20-000010,Cashpaidforsolarpowersystems,0000867773-20-000010,20171231,4,USD,,,126548000.0,,q1,2020
0001564590-20-008097,CostsAndExpenses,us-gaap/2019,20180630,1,USD,,,408000000.0,,q1,2020
0001104659-20-025681,EffectOfExchangeRateChangesOnCashAndCashEquivalents,ifrs/2019,20171231,4,EUR,,,-218000000.0,,q1,2020
0001437749-20-005915,GainLossRelatedToLitigationSettlement,us-gaap/2019,20191231,4,USD,,,,,q1,2020
0001564590-20-007459,ExplorationExpense,us-gaap/2019,20191231,1,USD,,,9350000.0,,q1,2020
0001104659-20-037959,FinanceCosts,ifrs/2019,20191231,4,USD,,,2325000.0,,q1,2020
0000881453-20-000018,EquitySecuritiesFvNi,us-gaap/2019,20191231,0,USD,FinancialInstrument=PreferredStock;InvestmentType=EquitySecurities;,,3860000.0,,q1,2020
0001109357-20-000053,CostDirectMaterial,us-gaap/2019,20181231,4,USD,LegalEntity=PepcoHoldingsLLC;ProductOrService=NaturalGasUsRegulated;,,89000000.0,,q1,2020
0000072741-20-000008,PaymentsForProceedsFromOtherInvestingActivities,us-gaap/2019,20191231,4,USD,LegalEntity=TheConnecticutLightAndPowerCompany;,TheConnecticutLightAndPowerCompany,-714000.0,,q1,2020
0001077428-20-000025,DeferredIncomeTaxExpenseBenefit,us-gaap/2018,20191231,4,USD,,,10796000.0,,q1,2020
0001591588-20-000013,EarningsPerShareDiluted,us-gaap/2019,20191231,1,USD,,,0.17,,q1,2020
0001037646-20-000005,PaymentsToAcquirePropertyPlantAndEquipment,us-gaap/2019,20191231,4,USD,Geographical=ChineseOperationsSegment;,,10252000.0,,q1,2020
0001564590-20-008959,AccountsPayableCurrent,us-gaap/2019,20170430,0,USD,FreshStartAdjustmentsTypeOfFreshStartAdjustment=ReorganizationAdjustments;,,1389000.0,,q1,2020
0000074260-20-000024,HeldToMaturitySecurities,us-gaap/2019,20181231,0,USD,FairValueByFairValueHierarchyLevel=FairValueInputsLevel2;FinancialInstrument=USStatesAndPoliticalSubdivisions;,,1034500000.0,,q1,2020
0001609253-20-000066,NetIncomeLoss,us-gaap/2019,20181231,4,USD,ConsolidatedEntities=NonGuarantorSubsidiaries;ConsolidationItems=ReportableLegalEntities;,,105000000.0,,q1,2020
0000074208-20-000031,IncomeLossAttributableToParent,us-gaap/2019,20191231,4,USD,LegalEntity=UnitedDominionRealityLP;,UnitedDominionRealityLP,102163000.0,,q1,2020
0001178819-20-000011,PropertyPlantAndEquipment,ifrs/2019,20181231,0,USD,ClassesOfPropertyPlantAndEquipment=MineralPropertyNonDepletable;SegmentConsolidationItems=OperatingSegments;Segments=YoungDavidsonSegment;,,90700000.0,,q1,2020
0001193125-20-055512,CommonStockSharesAuthorized,us-gaap/2019,20181231,0,shares,,,99000000.0,,q1,2020
0000096223-20-000008,CostOfGoodsAndServicesSold,us-gaap/2018,20171231,4,USD,,,280952000.0,,q1,2020
0001564590-20-007599,GainsLossesOnExtinguishmentOfDebt,us-gaap/2019,20171231,4,USD,ConsolidatedEntities=ParentCompany;ConsolidationItems=ReportableLegalEntities;,,-38430000.0,,q1,2020
0000016875-20-000007,LongTermDebtAndCapitalLeaseObligations,us-gaap/2019,20191231,0,CAD,ConsolidatedEntities=ParentCompany;ConsolidationItems=ReportableLegalEntities;,,0.0,,q1,2020
0001062993-20-000010,IncreaseDecreaseThroughExerciseOfWarrantsEquity,ifrs/2018,20180731,4,CAD,ComponentsOfEquity=IssuedCapital;,,75254000.0,,q1,2020
0001562762-20-000027,FinanceLeaseRightOfUseAsset,us-gaap/2019,20191231,0,USD,SaleLeasebackTransactionDescription=FailedSaleLeasebacksThatWereAssumedThroughAcquisitions;,,4600000.0,,q1,2020
0001628280-20-000559,Assets,us-gaap/2018,20181130,0,USD,BusinessSegments=LennarOther;ConsolidatedEntities=GuarantorSubsidiaries;ConsolidationItems=ReportableLegalEntities;,,117568000.0,,q1,2020
0001558370-20-001499,NotesReceivableGross,us-gaap/2019,20191231,0,USD,AdjustmentsForNewAccountingPronouncements=OriginatedAndAcquiredLoansNotAccountedForUnderAccountingStandardCodificationThreeHundredTenThirty;FinancialInstrument=FoodAndAgricultureLoan;InternalCreditAssessment=SpecialMention;Scenario=Loan;,,1219000.0,,q1,2020
0001558370-20-002020,WeightedAverageNumberOfSharesOutstandingBasic,us-gaap/2019,20191231,4,shares,,,4421000.0,,q1,2020
0001524472-20-000006,StockholdersEquityIncludingPortionAttributableToNoncontrollingInterest,us-gaap/2019,20191231,0,USD,,,2967000000.0,,q1,2020
0001007330-20-000003,ProceedsFromStockOptionsExercised,us-gaap/2019,20191231,4,USD,,,219000.0,,q1,2020
0001193125-20-071633,RevenueFromContractWithCustomerExcludingAssessedTax,us-gaap/2019,20181231,1,USD,,,1182000.0,,q1,2020
0001487952-20-000007,PropertyPlantAndEquipmentNet,us-gaap/2019,20191231,0,USD,,,61270000.0,,q1,2020
0000887343-20-000070,RepaymentsOfSubordinatedDebt,us-gaap/2019,20191231,4,USD,,,0.0,,q1,2020
0001352010-20-000012,SellingGeneralAndAdministrativeExpense,us-gaap/2019,20180630,1,USD,,,93273000.0,,q1,2020
0001564590-20-011409,ShareBasedCompensation,us-gaap/2019,20181231,4,USD,,,144000.0,,q1,2020
0001493225-20-000042,RetainedEarningsAccumulatedDeficit,us-gaap/2018,20181231,0,USD,,,302544000.0,,q1,2020
0000897101-20-000134,ProceedsFromMaturitiesPrepaymentsAndCallsOfAvailableForSaleSecurities,us-gaap/2019,20181231,4,USD,,,8053000.0,,q1,2020
0001558370-20-002073,ProceedsFromPaymentsForOtherFinancingActivities,us-gaap/2019,20200131,3,USD,,,1261000.0,,q1,2020
0001628280-20-002311,ProceedsFromSaleOfMachineryAndEquipment,us-gaap/2019,20171231,4,USD,,,994000.0,,q1,2020
0001564590-20-010876,ProvisionForDoubtfulAccounts,us-gaap/2019,20191231,4,USD,,,35000.0,,q1,2020
0000092380-20-000024,PaymentsToAcquireProductiveAssets,us-gaap/2019,20181231,4,USD,,,1922000000.0,,q1,2020
0001193125-20-055331,OtherNoncashIncomeExpense,us-gaap/2019,20171231,4,USD,,,-921000.0,,q1,2020
0001663577-20-000015,PaymentsToFundLongtermLoansToRelatedParties,us-gaap/2019,20180731,4,USD,,,1209000.0,,q1,2020
0001582086-20-000007,PremiumsWrittenGross,us-gaap/2019,20190731,2,USD,,,11100000.0,,q1,2020
0001628280-20-002303,OtherAssetsCurrent,us-gaap/2019,20191231,0,USD,,,250409000.0,,q1,2020
0001026655-20-000013,OtherComprehensiveIncomeLossReclassificationAdjustmentFromAOCIOnDerivativesBeforeTax,us-gaap/2018,20191231,4,USD,,,641000.0,,q1,2020
0000790051-20-000071,OtherComprehensiveIncomeLossCashFlowHedgeGainLossAfterReclassificationAndTaxParent,us-gaap/2019,20191231,4,USD,,,2100000.0,,q1,2020
0001564590-20-004859,OtherGeneralExpense,us-gaap/2019,20191231,4,USD,,,7814000.0,,q1,2020
0001379041-20-000030,OtherComprehensiveIncomeLossTax,us-gaap/2019,20191231,4,USD,,,-21000000.0,,q1,2020
0000857855-20-000011,OtherComprehensiveIncomeLossAmortizationOfPriorServiceCostAndActuarialLossesIncludedInNetPeriodicPensionCostForDefinedBenefitPensionPlanBeforeTaxAmount,0000857855-20-000011,20181231,4,USD,,,907000.0,,q1,2020
0000930413-20-000742,OperatingLeaseRightOfUseAsset,us-gaap/2019,20200131,0,USD,,,22013000.0,,q1,2020
0001171843-20-001695,NetCashProvidedByUsedInOperatingActivities,us-gaap/2019,20171231,4,USD,,,17469000.0,,q1,2020
0001385508-20-000039,NetCashProvidedByUsedInOperatingActivities,us-gaap/2019,20191231,4,USD,,,4063890.0,,q1,2020
0001437749-20-004519,NetCashProvidedByUsedInOperatingActivities,us-gaap/2019,20181231,4,USD,,,5363783.0,,q1,2020
0000059440-20-000004,OperatingIncomeLoss,us-gaap/2019,20171231,4,USD,,,235648000.0,,q1,2020
0001477932-20-000478,NetIncomeLoss,us-gaap/2019,20191130,1,USD,,,-762102.0,,q1,2020
0001564590-20-013710,LongTermDebtCurrent,us-gaap/2019,20191231,0,USD,,,2285000.0,,q1,2020
0000827871-20-000007,IncomeTaxesPaid,us-gaap/2019,20191231,4,USD,,,6673000.0,,q1,2020
0001520138-20-000034,InterestPaidNet,us-gaap/2019,20181130,3,USD,,,,,q1,2020
0001174947-20-000338,InvestmentIncomeNet,us-gaap/2019,20190131,1,USD,,,71000.0,,q1,2020
0000771266-20-000008,IncreaseDecreaseInInventories,us-gaap/2019,20191231,4,USD,,,792165.0,,q1,2020
0001564590-20-007328,IncomeLossFromContinuingOperationsPerDilutedShare,us-gaap/2019,20180930,1,USD,,,0.12,,q1,2020
0001437749-20-001623,StockholdersEquityIncludingPortionAttributableToNoncontrollingInterest,us-gaap/2019,20190630,0,USD,EquityComponents=AccumulatedGainLossNetCashFlowHedgeParent;,,-509000.0,,q1,2020
0000891103-20-000004,PaymentsToAcquirePropertyPlantAndEquipment,us-gaap/2019,20171231,4,USD,BusinessSegments=Dotdash;ConsolidationItems=OperatingSegments;,,825000.0,,q1,2020
0001558370-20-002015,ProfitLoss,us-gaap/2019,20171231,4,USD,ErrorCorrectionsAndPriorPeriodAdjustmentsRestatementByRestatementPeriodAndAmount=Merger2006TransactionAccountingForDeferredIncomeTaxLiabilitiesAndGoodwillErrors;Restatement=ScenarioPreviouslyReported;,,184200000.0,,q1,2020
0001658566-20-000040,StockholdersEquityIncludingPortionAttributableToNoncontrollingInterest,us-gaap/2018,20181231,0,USD,ClassOfStock=CommonClassC;EquityComponents=CommonStock;,,1000.0,,q1,2020
0000354707-20-000045,RetainedEarningsAccumulatedDeficit,us-gaap/2019,20181231,0,USD,LegalEntity=HawaiianElectricCompanyAndSubsidiaries;,HawaiianElectricCompanyAndSubsidiaries,1164541000.0,,q1,2020
0001140361-20-004510,LoansAndLeasesReceivableAllowance,us-gaap/2019,20191231,0,USD,FinancingReceivablePortfolioSegment=UnallocatedFinancingReceivables;,,957000.0,,q1,2020
0001654954-20-002485,CapitalUnitsOutstanding,us-gaap/2019,20191231,0,shares,LegalEntity=TeucriumWheatFund;,TeucriumWheatFund,8950004.0,,q1,2020
0000313216-20-000011,ProfitLossFromDiscontinuedOperations,ifrs/2019,20191231,4,EUR,ContinuingAndDiscontinuedOperations=DiscontinuedOperations;,,-19000000.0,,q1,2020
0001325814-20-000044,HeldToMaturitySecuritiesFairValue,us-gaap/2019,20181231,0,USD,FinancialInstrument=USGovernmentSponsoredEnterprisesDebtSecurities;,,435000000.0,,q1,2020
0001140361-20-004386,LoansAndLeasesReceivableNetOfDeferredIncome,us-gaap/2019,20181231,0,USD,FinancingReceivablePortfolioSegment=CommercialPortfolioSegment;FinancingReceivableRecordedInvestmentByClassOfFinancingReceivable=RealEstateLoan;InternalCreditAssessment=Doubtful;,,91000.0,,q1,2020
0001628280-20-000559,Revenues,us-gaap/2018,20181130,4,USD,BusinessSegments=LennarFinancialServices;,,954631000.0,,q1,2020
0001140361-20-004334,DeferredIncomeTaxExpenseBenefit,us-gaap/2019,20191231,4,USD,ConsolidatedEntities=ParentCompany;,,-438000.0,,q1,2020
0001140361-20-004834,IncomeTaxExpenseBenefit,us-gaap/2019,20191231,4,USD,ConsolidatedEntities=ParentCompany;,,0.0,,q1,2020
0001601548-20-000016,CapitalExpendituresIncurredButNotYetPaid,us-gaap/2019,20171231,4,USD,,,0.0,,q1,2020
0001558370-20-001781,AssetRetirementObligationsNoncurrent,us-gaap/2019,20181231,0,USD,,,217700000.0,,q1,2020
0001104659-20-023916,AdjustmentsForFairValueGainsLosses,ifrs/2019,20181231,4,USD,,,17113000.0,,q1,2020
0001628280-20-001141,Assets,us-gaap/2019,20191231,0,USD,,,3127339000.0,,q1,2020
0001437749-20-005285,Assets,us-gaap/2019,20191231,0,USD,,,3341290000.0,,q1,2020
0000898770-20-000006,WeightedAverageNumberOfSharesOutstandingBasic,us-gaap/2019,20181231,1,shares,,,16100000.0,,q1,2020
0000866609-20-000017,StockholdersEquityIncludingPortionAttributableToNoncontrollingInterest,us-gaap/2019,20181231,0,USD,,,7824000.0,,q1,2020
0001437749-20-004979,StockholdersEquityIncludingPortionAttributableToNoncontrollingInterest,us-gaap/2019,20191231,0,USD,,,36964000.0,,q1,2020
0001564590-20-010617,ShareBasedCompensation,us-gaap/2019,20181231,4,USD,,,2304000.0,,q1,2020
0001628280-20-003666,SharesPaidForTaxWithholdingForShareBasedCompensation,us-gaap/2019,20191231,4,shares,,,278799.0,,q1,2020
0001328143-20-000012,ShortTermInvestments,us-gaap/2019,20191231,0,USD,,,66833000.0,,q1,2020
0001493152-20-004306,WeightedAverageNumberOfDilutedSharesOutstanding,us-gaap/2019,20181231,4,shares,,,21566000.0,,q1,2020
0001477932-20-000261,RoyaltyExpense,us-gaap/2019,20180930,4,USD,,,47261.0,,q1,2020
0000879526-20-000021,PrepaidExpenseAndOtherAssetsCurrent,us-gaap/2019,20191231,0,USD,,,41222000.0,,q1,2020
0001628280-20-001837,ProceedsFromStockOptionsExercised,us-gaap/2019,20191231,4,USD,,,13700000.0,,q1,2020
0000310826-20-000016,PolicyLiabilitiesAndAccruals,0000310826-20-000016,20181231,0,USD,,,42670238000.0,,q1,2020
0001104659-20-023904,ProfitLoss,us-gaap/2019,20191231,4,USD,,,3687000000.0,,q1,2020
0001477932-20-001612,RedeemableNoncontrollingInterestEquityCommonFairValue,us-gaap/2019,20191231,0,USD,,,,,q1,2020
0001140361-20-006734,ProceedsFromMaturityPrepaymentsAndCallsOfAvailableForSaleFixedMaturitySecurities,0001140361-20-006734,20181231,4,USD,,,4906000.0,,q1,2020
0001024725-20-000004,ProceedsFromIssuanceOfLongTermDebt,us-gaap/2019,20191231,4,USD,,,200000000.0,,q1,2020
0000024090-20-000016,ProceedsFromSaleMaturityAndCollectionOfShorttermInvestments,us-gaap/2019,20191231,4,USD,,,9090000.0,,q1,2020
0001722684-20-000007,ProceedsFromInsuranceSettlementInvestingActivities,us-gaap/2019,20191231,4,USD,,,0.0,,q1,2020
0001472375-20-000011,ProfessionalFees,us-gaap/2019,20200131,3,USD,,,135956.0,,q1,2020
0001140361-20-005636,ProceedsFromSaleOfLoansReceivable,us-gaap/2019,20171231,4,USD,,,333176000.0,,q1,2020
0001072627-20-000034,PaymentsToAcquireAvailableForSaleSecuritiesEquity,us-gaap/2018,20181231,4,USD,,,1211000.0,,q1,2020
0000016868-20-000010,PaymentsToAcquirePropertyPlantAndEquipment,us-gaap/2019,20191231,4,CAD,,,3865000000.0,,q1,2020
0001213900-20-004021,Assets,us-gaap/2019,20191231,0,USD,BusinessSegments=Jinong;,,151943538.0,,q1,2020
0000750004-20-000007,DebtCurrent,us-gaap/2018,20191231,0,USD,ConsolidatedEntities=ParentCompany;ConsolidationItems=ReportableLegalEntities;,,0.0,,q1,2020
0000086312-20-000011,ProceedsFromDebtNetOfIssuanceCosts,us-gaap/2019,20191231,4,USD,ConsolidatedEntities=ParentCompany;ConsolidationItems=ReportableLegalEntities;,,492000000.0,,q1,2020
0001539838-20-000021,CostsAndExpenses,us-gaap/2019,20181231,4,USD,ConsolidatedEntities=GuarantorSubsidiaries;ConsolidationItems=ReportableLegalEntities;,,851000000.0,,q1,2020
0001213900-20-001428,StockIssuedDuringPeriodSharesIssuedForServices,us-gaap/2019,20181130,1,shares,ClassOfStock=PreferredClassB;,,,,q1,2020
0001558370-20-001170,StockIssuedDuringPeriodSharesNewIssues,us-gaap/2019,20191231,3,shares,ClassOfStock=CommonClassC;,,10006269.0,,q1,2020
0001564590-20-003066,PartnersCapitalAccountUnits,us-gaap/2019,20180930,0,shares,PartnerTypeOfPartnersCapitalAccount=GeneralPartner;,,326000.0,,q1,2020
0001631569-20-000010,RealEstateInvestmentPropertyAccumulatedDepreciation,us-gaap/2019,20191231,0,USD,Geographical=MI;MortgageLoansOnRealEstateDescriptionTypeOfProperty=SurgicalCentersandHospitals;,,2717000.0,,q1,2020
0000811830-20-000002,ProvisionForLoanLeaseAndOtherLosses,us-gaap/2019,20181231,4,USD,BusinessSegments=ConsumerandBusinessBanking;ConsolidationItems=OperatingSegments;,,100523000.0,,q1,2020
0001564590-20-005754,RevenueFromContractWithCustomerIncludingAssessedTax,us-gaap/2019,20191231,4,USD,ProductOrService=WaterGatheringAndDisposalServices;,,77300000.0,,q1,2020
0000930413-20-000859,LoansAndAdvancesToCustomers,ifrs/2019,20191231,0,GBP,LoanStage=Stage2;RelatedPartyTransactionsByRelatedParty=TheBank;RiskExposures=ExpectedCreditLossesInRespectOfDrawnExposures;Segments=RetailUnsecured;,,159000000.0,,q1,2020
0001744489-20-000046,PaymentsToAcquirePropertyPlantAndEquipment,us-gaap/2019,20191231,1,USD,ConsolidatedEntities=LegacyDisney;,,0.0,,q1,2020
0000004904-20-000007,LongTermDebtCurrent,us-gaap/2019,20191231,0,USD,LegalEntity=SouthwesternElectricPowerCo;,SouthwesternElectricPowerCo,121200000.0,,q1,2020
0001564590-20-006372,HeldToMaturitySecuritiesFairValue,us-gaap/2019,20191231,0,USD,InvestmentType=MortgageBackedSecuritiesIssuedByUSGovernmentSponsoredEnterprises;,,11511000.0,,q1,2020
0001558370-20-001490,RevenueFromContractWithCustomerExcludingAssessedTax,us-gaap/2019,20181231,4,USD,ConsolidationItems=IntersegmentElimination;,,-2000000.0,,q1,2020
0001078782-20-000078,SharesOutstanding,us-gaap/2019,20180930,0,shares,ClassOfStock=SeriesAPreferredStock;,,1337500.0,,q1,2020
0001704720-20-000017,StockholdersEquityIncludingPortionAttributableToNoncontrollingInterest,us-gaap/2019,20171231,0,USD,EquityComponents=RetainedEarnings;,,200000.0,,q1,2020
0000104889-20-000007,OperatingIncomeLoss,us-gaap/2019,20191231,4,USD,ConsolidationItems=CorporateNonSegment;,,-51157000.0,,q1,2020
0001437107-20-000006,StockholdersEquityIncludingPortionAttributableToNoncontrollingInterest,us-gaap/2019,20161231,0,USD,EquityComponents=NoncontrollingInterest;,,0.0,,q1,2020
0001747079-20-000038,StockIssuedDuringPeriodSharesConversionOfConvertibleSecurities,us-gaap/2019,20181231,4,shares,EquityComponents=CommonStock;,,1771096.0,,q1,2020
0001402829-20-000007,StockIssuedDuringPeriodSharesRestrictedStockAwardGross,us-gaap/2019,20171231,4,shares,EquityComponents=CommonStock;,,345913.0,,q1,2020
0001407623-20-000029,DividendsCommonStock,us-gaap/2018,20171231,4,USD,EquityComponents=NoncontrollingInterest;,,8729000.0,,q1,2020
0001493152-20-002161,OtherComprehensiveIncomeLossNetOfTax,us-gaap/2019,20191231,3,USD,EquityComponents=AccumulatedOtherComprehensiveIncome;,,59976.0,,q1,2020
0000949157-20-000023,StockholdersEquity,us-gaap/2019,20181231,0,USD,EquityComponents=AccumulatedOtherComprehensiveIncome;,,-98700000.0,,q1,2020
0001493152-20-005236,IssuanceOfPreferredStockShares,0001493152-20-005236,20191231,4,shares,EquityComponents=CommonStock;,,,,q1,2020
0001193125-20-048711,SharesOutstanding,us-gaap/2019,20191231,0,shares,EquityComponents=CommonStock;,,84681364.0,,q1,2020
0001594012-20-000013,StockIssuedDuringPeriodValueShareBasedCompensationForfeited,us-gaap/2019,20171231,4,USD,EquityComponents=TreasuryStock;,,4175000.0,,q1,2020
0001564590-20-005276,TreasuryStockRetiredCostMethodAmount,us-gaap/2019,20181231,4,USD,EquityComponents=TreasuryStock;,,-354400000.0,,q1,2020
0000874766-20-000020,AdditionalPaidInCapital,us-gaap/2019,20191231,0,USD,,,4312000000.0,,q1,2020
0001493152-20-002821,AdditionalPaidInCapitalCommonStock,us-gaap/2019,20180430,0,USD,,,6768512.0,,q1,2020
0001564590-20-006451,AccountsPayableAndAccruedLiabilitiesCurrentAndNoncurrent,us-gaap/2019,20191231,0,USD,,,103942000.0,,q1,2020
0001640334-20-000582,FairValueAdjustmentOfWarrants,us-gaap/2019,20181231,4,USD,ClassOfWarrantOrRight=EmeraldMultiDrawCreditAgreementCompoundDerivativeLiability;,,15351.0,,q1,2020
0001781755-20-000022,OtherAssetsNoncurrent,us-gaap/2019,20181231,0,USD,ConsolidatedEntities=VariableInterestEntityPrimaryBeneficiary;LegalEntity=IPEO;,,0.0,,q1,2020
0001043277-20-000016,CostOfGoodsAndServicesSold,us-gaap/2019,20181231,4,USD,InitialApplicationPeriodCumulativeEffectTransition=CalculatedUnderRevenueGuidanceInEffectBeforeTopic606;ProductOrService=TransportationCustomersFreight;,,12875875000.0,,q1,2020
0001558370-20-001794,RevenueFromContractWithCustomerExcludingAssessedTax,us-gaap/2019,20171231,4,USD,ProductOrService=NewVehicles;,,2435928000.0,,q1,2020
0001564590-20-010259,RelatedPartyTransactionSellingGeneralAndAdministrativeExpensesFromTransactionsWithRelatedParty,us-gaap/2019,20171231,4,CNY,ProductOrService=AdvertisingExpense;RelatedPartyTransactionsByRelatedParty=XiaomiGroup;,,82773000.0,,q1,2020
0001503707-20-000004,AssetImpairmentCharges,us-gaap/2019,20171231,4,USD,BusinessSegments=DebtAndSecuritiesSegment;ConsolidationItems=OperatingSegments;,,0.0,,q1,2020
0000895421-20-000265,OtherReceivables,us-gaap/2019,20191231,0,USD,FairValueByFairValueHierarchyLevel=FairValueInputsLevel3;FairValueByMeasurementBasis=EstimateOfFairValueFairValueDisclosure;,,2872000000.0,,q1,2020
0001558370-20-002146,SharesPaidForTaxWithholdingForShareBasedCompensation,us-gaap/2019,20191231,4,shares,ClassOfStock=CommonClassA;EquityComponents=CommonStock;,,-29874.0,,q1,2020
0001402057-20-000042,AssetsCurrent,us-gaap/2019,20181231,0,USD,ConsolidationItems=ConsolidationEliminations;,,-16900000.0,,q1,2020
0001062231-20-000009,ReceivablesNetCurrent,us-gaap/2019,20191231,0,USD,ConsolidationItems=ConsolidationEliminations;,,0.0,,q1,2020
0000101199-20-000032,StockIssuedDuringPeriodValueShareBasedCompensation,us-gaap/2019,20181231,4,USD,EquityComponents=RetainedEarnings;,,0.0,,q1,2020
0001770450-20-000012,DividendsPreferredStockCash,us-gaap/2019,20191231,4,USD,EquityComponents=Parent;,,14000000.0,,q1,2020
0001558370-20-000067,StockIssuedDuringPeriodSharesRestrictedStockAwardForfeited,us-gaap/2018,20191031,1,shares,EquityComponents=CommonStock;,,-32060.0,,q1,2020
0001628280-20-001456,StockholdersEquityIncludingPortionAttributableToNoncontrollingInterest,us-gaap/2019,20181231,0,USD,EquityComponents=NoncontrollingInterest;,,568152000.0,,q1,2020
0001610618-20-000011,SharesOutstanding,us-gaap/2019,20191231,0,shares,EquityComponents=CommonStock;,,33838466.0,,q1,2020
0001562762-20-000024,OtherComprehensiveIncomeAvailableforsaleSecuritiesAdjustmentNetOfTaxPortionAttributableToParent,us-gaap/2018,20180930,3,USD,EquityComponents=AccumulatedOtherComprehensiveIncome;,,34000.0,,q1,2020
0001558370-20-001270,OtherComprehensiveIncomeLossAvailableForSaleSecuritiesAdjustmentBeforeTax,us-gaap/2019,20181231,4,USD,EquityComponents=AccumulatedOtherComprehensiveIncome;,,69000.0,,q1,2020
0001628280-20-003113,StockIssuedDuringPeriodValueStockOptionsExercised,us-gaap/2019,20191231,4,USD,EquityComponents=AdditionalPaidInCapital;,,545073.0,,q1,2020
0000886163-20-000025,AmortizationOfFinancingCostsAndDiscounts,us-gaap/2019,20171231,4,USD,,,11619000.0,,q1,2020
0001178913-20-000745,AccumulatedOtherComprehensiveIncomeLossNetOfTax,us-gaap/2019,20191231,0,USD,,,,,q1,2020
0001556593-20-000004,AccretionAmortizationOfDiscountsAndPremiumsInvestments,us-gaap/2019,20181231,4,USD,,,701967000.0,,q1,2020
0001185185-20-000042,PreferredStockParOrStatedValuePerShare,us-gaap/2019,20191130,0,USD,ClassOfStock=PreferredStockSeries1;,,0.001,,q1,2020
0000006201-20-000023,NetIncomeLoss,us-gaap/2019,20180930,1,USD,ConsolidatedEntities=Subsidiaries;,,433000000.0,,q1,2020
0001090727-20-000005,RevenueFromContractWithCustomerExcludingAssessedTax,us-gaap/2019,20181231,4,USD,BusinessSegments=USDomesticPackage;,,43593000000.0,,q1,2020
0000723612-20-000011,PaymentsToAcquireBusinessesNetOfCashAcquired,us-gaap/2019,20191231,4,USD,ConsolidatedEntities=GuarantorSubsidiaries;,,24000000.0,,q1,2020
0000723612-20-000011,Transactionrelatedcostsnet,0000723612-20-000011,20191231,4,USD,LegalEntity=Eliminations;,Eliminations,0.0,,q1,2020
0000764622-20-000017,IncomeTaxExpenseBenefit,us-gaap/2019,20181231,4,USD,LegalEntity=ArizonaPublicServiceCompany;,ArizonaPublicServiceCompany,144814000.0,,q1,2020
0001193125-20-067343,CurrentLiabilities,ifrs/2019,20171231,0,EUR,CategoriesOfRelatedParties=UnileverParentEntities;,,30367000000.0,,q1,2020
0001193125-20-067343,CurrentFinancialLiabilities,ifrs/2019,20181231,0,EUR,NetDefinedBenefitLiabilityAsset=DerivativesDesignatedAsHedges;,,126000000.0,,q1,2020
0001628280-20-003720,CommonStockParOrStatedValuePerShare,us-gaap/2019,20181231,0,USD,,,0.0001,,q1,2020
0001685040-20-000007,AvailableForSaleSecuritiesDebtSecurities,us-gaap/2019,20191231,0,USD,FairValueByAssetClass=DomesticCorporateDebtSecurities;FairValueByFairValueHierarchyLevel=FairValueInputsLevel1;FairValueByMeasurementFrequency=FairValueMeasurementsRecurring;,,0.0,,q1,2020
0001408278-20-000055,AssetsCurrent,us-gaap/2019,20181231,0,USD,,,45267000.0,,q1,2020
0001096343-20-000039,AvailableForSaleSecuritiesDebtSecurities,us-gaap/2019,20191231,0,USD,FairValueByFairValueHierarchyLevel=FairValueInputsLevel3;FairValueByMeasurementFrequency=FairValueMeasurementsRecurring;FinancialInstrument=CommercialMortgageBackedSecurities;,,0.0,,q1,2020
0001628280-20-001083,DepreciationDepletionAmortizationAndAccretionOnAssetRetirementObligation,0001628280-20-001083,20191231,4,USD,LegalEntity=SummitMaterialsLlc;,SummitMaterialsLlc,222341000.0,,q1,2020
0001213900-20-000197,Goodwill,ifrs/2019,20181231,0,USD,GeographicalAreas=SouthKorea;,,,,q1,2020
0000891478-20-000017,IssuanceOfOtherFinancialInstruments,0000891478-20-000017,20171231,4,EUR,ComponentsOfEquity=NonControllingInterestsExcludingAccumulatedOtherComprehensiveIncome;,,592000000.0,,q1,2020
0001079973-20-000032,StockIssuedDuringPeriodValueRestrictedStockAwardNetOfForfeitures,us-gaap/2019,20171231,4,USD,EquityComponents=CommonStock;SubsidiarySaleOfStock=PublicPlacement;,,60.0,,q1,2020
0001016281-20-000035,AmortizationOfFinancingCosts,us-gaap/2019,20181231,4,USD,CreditFacility=LoansPayable;,,200000.0,,q1,2020
0001558370-20-001906,StockholdersEquityIncludingPortionAttributableToNoncontrollingInterest,us-gaap/2019,20191231,0,USD,EquityComponents=NoncontrollingInterestsInOperatingPartnership;,,708163000.0,,q1,2020
0000716605-20-000005,FederalReserveBankStock,us-gaap/2019,20181231,0,USD,LegalEntity=JerseyShoreStateBank;,JerseyShoreStateBank,0.0,,q1,2020
0000832988-20-000018,ComprehensiveIncomeNetOfTax,us-gaap/2019,20180131,4,USD,ConsolidatedEntities=SubsidiaryIssuer;ConsolidationItems=ReportableLegalEntities;,,-900000.0,,q1,2020
0001193125-20-074946,CapitalExpendituresIncurredButNotYetPaid,us-gaap/2019,20181231,4,USD,,,156000.0,,q1,2020
0001543151-20-000010,CashCashEquivalentsRestrictedCashAndRestrictedCashEquivalentsReclassificationFromToAssetsHeldForSaleDuringPeriod,0001543151-20-000010,20181231,4,USD,,,96000000.0,,q1,2020
0001572758-20-000018,EarningsPerShareBasicAndDiluted,us-gaap/2019,20171231,4,USD,ClassOfStock=CommonClassT;,,0.1,,q1,2020
0001527469-20-000007,AccumulatedOtherComprehensiveIncomeLossNetOfTax,us-gaap/2019,20191231,0,USD,ConsolidatedEntities=ParentCompany;,,2281000000.0,,q1,2020
0001104659-20-041187,ForeignCurrencyTransactionGainLossBeforeTax,us-gaap/2019,20181231,4,CNY,ConsolidatedEntities=ParentCompany;,,4200000.0,,q1,2020
0001477932-20-000312,CommitmentsAndContingencies,us-gaap/2019,20191130,0,USD,,,,,q1,2020
0001423902-20-000019,CostsAndExpenses,us-gaap/2019,20191231,4,USD,RelatedPartyTransactionsByRelatedParty=AffiliatedEntity;,,503246000.0,,q1,2020
0000894081-20-000039,AdjustmentsToAdditionalPaidInCapitalSharebasedCompensationRequisiteServicePeriodRecognitionValue,us-gaap/2019,20171231,4,USD,EquityComponents=AdditionalPaidInCapital;,,3632000.0,,q1,2020
0001654954-20-003175,StockBasedCompensationOptions,0001654954-20-003175,20191031,1,USD,EquityComponents=AdditionalPaidInCapital;,,293037.0,,q1,2020
0001683168-20-000066,WeightedAverageNumberOfSharesOutstandingBasic,us-gaap/2019,20181130,1,shares,,,17421838.0,,q1,2020
0001309108-20-000024,StockIssuedDuringPeriodValueStockOptionsExercised,us-gaap/2019,20181231,4,USD,,,2430000.0,,q1,2020
0000787250-20-000005,TaxesExcludingIncomeAndExciseTaxes,us-gaap/2018,20191231,4,USD,,,78200000.0,,q1,2020
0001437749-20-003769,TemporaryEquityRedemptionPricePerShare,us-gaap/2019,20191231,0,USD,,,16.85,,q1,2020
0001558370-20-001804,ResearchAndDevelopmentExpense,us-gaap/2019,20180930,1,USD,,,23839000.0,,q1,2020
0001558370-20-002624,ShareBasedCompensation,us-gaap/2019,20181231,4,USD,,,4593000.0,,q1,2020
0001104659-20-032518,ShortTermInvestmentsExcludingOthers,0001104659-20-032518,20191231,0,USD,,,267830790.0,,q1,2020
0001721868-20-000140,WeightedAverageNumberOfDilutedSharesOutstanding,us-gaap/2019,20190131,3,shares,,,739049963.0,,q1,2020
0001140361-20-001292,PreferredStockSharesAuthorized,us-gaap/2019,20190930,0,shares,,,39969465.0,,q1,2020
0001564590-20-003947,ProceedsFromSaleOfPropertyPlantAndEquipment,us-gaap/2019,20191231,2,USD,,,37000.0,,q1,2020
0001602658-20-000084,PaymentsToAcquireOtherPropertyPlantAndEquipment,us-gaap/2018,20191231,4,USD,,,7918000.0,,q1,2020
0001564590-20-007562,PartnersCapitalAccountReturnOfCapital,us-gaap/2019,20191231,4,USD,,,200161.0,,q1,2020
0001104659-20-039645,OtherComprehensiveIncomeLossPensionAndOtherPostretirementBenefitPlansTax,us-gaap/2019,20191231,4,USD,,,6300000.0,,q1,2020
0001061894-20-000009,OtherComprehensiveIncome,ifrs/2019,20191231,4,USD,,,-5213000.0,,q1,2020
0001306830-20-000018,PaymentsForProceedsFromOtherInvestingActivities,us-gaap/2019,20181231,4,USD,,,39000000.0,,q1,2020
0000084246-20-000010,PaymentsForProceedsFromShortTermInvestments,us-gaap/2019,20191231,4,USD,,,-11550000.0,,q1,2020
0001628280-20-004385,OtherNonoperatingIncomeExpense,us-gaap/2018,20200131,4,USD,,,27478000.0,,q1,2020
0001193125-20-055512,OtherComprehensiveIncomeLossAvailableForSaleSecuritiesAdjustmentNetOfTax,us-gaap/2019,20140331,0,USD,,,1300000.0,,q1,2020
0001018724-20-000004,NetCashProvidedByUsedInInvestingActivities,us-gaap/2019,20181231,4,USD,,,-12369000000.0,,q1,2020
0001181749-20-000010,NonoperatingIncomeExpense,us-gaap/2019,20200131,1,USD,,,30111.0,,q1,2020
0001140361-20-003820,LiabilitiesNoncurrent,us-gaap/2019,20181231,0,USD,,,2047511000.0,,q1,2020
0000320335-20-000008,LiabilityForClaimsAndClaimsAdjustmentExpense,us-gaap/2019,20191231,0,USD,,,365402000.0,,q1,2020
0001558370-20-000774,Liabilities,us-gaap/2019,20191231,0,USD,,,828344000.0,,q1,2020
0001104506-20-000007,IncreaseDecreaseInPrepaidDeferredExpenseAndOtherAssets,us-gaap/2019,20191231,4,USD,,,8718000.0,,q1,2020
0001564590-20-005570,IncreaseDecreaseInOperatingAssets,us-gaap/2019,20191231,4,USD,,,16938000.0,,q1,2020
0000090168-20-000009,InterestPaidNet,us-gaap/2019,20181231,1,USD,,,287000.0,,q1,2020
0001654954-20-000243,InterestExpense,us-gaap/2019,20191130,1,USD,,,693027.0,,q1,2020
0001556593-20-000004,IncomeTaxExpenseBenefit,us-gaap/2019,20181231,1,USD,,,-67474000.0,,q1,2020
0001300514-20-000011,IncreaseDecreaseInOtherOperatingAssets,us-gaap/2019,20191231,4,USD,,,63000000.0,,q1,2020
0001711269-20-000012,NetIncomeLoss,us-gaap/2019,20181231,4,USD,LegalEntity=EvergyMetroInc;,EvergyMetroInc,162900000.0,,q1,2020
0000072741-20-000008,CashCashEquivalentsRestrictedCashAndRestrictedCashEquivalentsPeriodIncreaseDecreaseIncludingExchangeRateEffect,us-gaap/2019,20191231,4,USD,LegalEntity=PublicServiceCompanyOfNewHampshirePSNH;,PublicServiceCompanyOfNewHampshirePSNH,-16035000.0,,q1,2020
0001447028-20-000038,IncreaseDecreaseInAccountsPayableAndAccruedLiabilities,us-gaap/2018,20181231,4,USD,,,-1266000.0,,q1,2020
0001213900-20-002382,IncreaseDecreaseInAccountsPayableAndAccruedLiabilities,us-gaap/2019,20190930,3,USD,,,-442429.0,,q1,2020
0001654954-20-003597,ImpairmentLossRecognisedInProfitOrLossPrepaidExpenses,0001654954-20-003597,20181231,4,CAD,,,26234.0,,q1,2020
0000930413-20-000534,LoansAndAdvancesToCustomers,ifrs/2019,20191231,0,GBP,LevelsOfFairValueHierarchy=Level3OfFairValueHierarchy;LoanStage=Stage1;,,395865000000.0,,q1,2020
0001318084-20-000016,DepositsAndPrepaymentsCurrent,0001318084-20-000016,20181231,0,USD,,,78800000.0,,q1,2020
0001213900-20-006104,FinanceIncomeCost,ifrs/2019,20181231,4,USD,,,3779000.0,,q1,2020
0001468666-20-000019,ForeignCurrencyTransactionGainLossBeforeTax,us-gaap/2019,20190131,4,USD,,,1818000.0,,q1,2020
0001628280-20-003245,DeferredTaxLiabilities,ifrs/2019,20181231,0,USD,,,922000000.0,,q1,2020
0001232582-20-000013,PreferredStockValue,us-gaap/2019,20191231,0,USD,ClassOfStock=SeriesGPreferredStock;,,62000.0,,q1,2020
0001493152-20-005045,StockAndWarrantsIssuedDuringPeriodValuePreferredStockAndWarrants,us-gaap/2019,20181231,4,USD,ClassOfStock=SeriesCPreferredStock;,,,,q1,2020
0001558370-20-001872,NetIncomeLoss,us-gaap/2019,20191231,4,USD,EquityComponents=AccumulatedNetUnrealizedInvestmentGainLoss;ReclassificationOutOfAccumulatedOtherComprehensiveIncome=ReclassificationOutOfAccumulatedOtherComprehensiveIncome;,,-10000.0,,q1,2020
0001593195-20-000024,RevenueFromContractWithCustomerExcludingAssessedTax,us-gaap/2019,20171231,4,USD,ConsolidationItems=CorporateAndEliminations;ProductOrService=Advertising;,,-174000.0,,q1,2020
0000857005-20-000009,DeferredTaxAssetsNetNoncurrent,us-gaap/2019,20191231,0,USD,,,207865000.0,,q1,2020
0001047862-20-000041,OtherAssetsNoncurrent,us-gaap/2019,20181231,0,USD,ConsolidatedEntities=ParentCompany;,,2000000.0,,q1,2020
0001085392-20-000003,PaymentsForProceedsFromOtherInvestingActivities,us-gaap/2019,20171231,4,USD,ConsolidatedEntities=ParentCompany;,,437000.0,,q1,2020
0000822416-20-000007,ProceedsFromLinesOfCredit,us-gaap/2019,20171231,4,USD,ConsolidatedEntities=ParentCompany;,,2720000000.0,,q1,2020
0001562762-20-000075,InvestmentsInAffiliatesSubsidiariesAssociatesAndJointVentures,us-gaap/2019,20181231,0,USD,BusinessSegments=RealEstateCommercialAndOtherSegment;,,13699000.0,,q1,2020
0001558370-20-002364,OtherComprehensiveIncomeLossNetOfTax,us-gaap/2019,20190131,2,USD,LegalEntity=FerrellgasLP;,FerrellgasLP,-29860000.0,,q1,2020
0001628280-20-002426,Assets,us-gaap/2018,20181231,0,USD,BusinessSegments=MasterPlannedCommunities;ConsolidationItems=OperatingSegments;,,2076678000.0,,q1,2020
0001562762-20-000075,Revenues,us-gaap/2019,20181231,4,USD,ProductOrService=RealEstateOther;,,8930000.0,,q1,2020
0001040971-20-000006,MortgageLoansOnRealEstateCommercialAndConsumerNet,us-gaap/2019,20181231,0,USD,LongtermDebtType=DebtInvestmentWithFloatingInterestRate;MortgageLoansOnRealEstateLoanType=MortgageJr.MortgageParticipationLoanRepaidIn2019;,,84012000.0,,q1,2020
0000354707-20-000045,PaymentsToAcquirePropertyPlantAndEquipment,us-gaap/2019,20171231,4,USD,ConsolidatedEntities=HawaiiElectricLightCompanyInc;ConsolidationItems=ReportableLegalEntities;LegalEntity=HawaiianElectricCompanyAndSubsidiaries;,,47784000.0,,q1,2020
0001104659-20-033195,IncreaseDecreaseInCashAndCashEquivalentsBeforeEffectOfExchangeRateChanges,ifrs/2019,20181231,4,DKK,,,266056000.0,,q1,2020
0001564590-20-004823,GainLossOnDispositionOfAssets1,us-gaap/2019,20190930,4,USD,,,216000.0,,q1,2020
0000894671-20-000010,HeldToMaturitySecuritiesFairValue,us-gaap/2019,20181231,0,USD,,,16234000.0,,q1,2020
0001445866-20-000255,ForgivenessOfCommonStockToBeIssued,0001445866-20-000255,20191231,4,USD,,,0.0,,q1,2020
0000085961-20-000089,ComprehensiveIncomeNetOfTax,us-gaap/2019,20171231,4,USD,AdjustmentsForNewAccountingPronouncements=AccountingStandardsUpdate201602;Restatement=ScenarioPreviouslyReported;,,918400000.0,,q1,2020
0001618756-20-000004,Revenues,us-gaap/2019,20181231,4,USD,AdjustmentsForNewAccountingPronouncements=AccountingStandardsUpdate201409;InitialApplicationPeriodCumulativeEffectTransition=DifferenceBetweenRevenueGuidanceInEffectBeforeAndAfterTopic606;ProductOrService=RoyaltyPropertyRevenueandFranchisor;,,-750000000.0,,q1,2020
0000009984-20-000029,RevenueFromContractWithCustomerIncludingAssessedTax,us-gaap/2019,20181231,4,USD,BusinessSegments=Aerospace;MajorCustomers=AerospaceAftermarket;,,164175000.0,,q1,2020
0001558235-20-000004,Revenues,us-gaap/2019,20181231,4,USD,BusinessSegments=OtherOperatingProperties;ConsolidationItems=OperatingSegments;,,21434000.0,,q1,2020
0001558370-20-002390,InvestmentOwnedPercentOfNetAssets,us-gaap/2018,20191231,0,pure,ClassOfStock=CapitalUnitClassA;InvestmentByTertiaryType=Currencies;Investments=OpenShortContracts;InvestmentType=ForwardContracts;,,-0.001,,q1,2020
0001505732-20-000040,EarningsPerShareDiluted,us-gaap/2019,20180630,1,USD,,,0.6,,q1,2020
0001564590-20-007050,DepreciationAndAmortization,us-gaap/2019,20181231,4,USD,,,83994000.0,,q1,2020
0001760717-20-000005,Dividends,us-gaap/2019,20171231,4,USD,,,36800000.0,,q1,2020
0001444363-20-000017,ReceivablesFromBrokersDealersAndClearingOrganizations,us-gaap/2018,20191231,0,USD,FairValueByAssetClass=DerivativeFinancialInstrumentsAssets;FairValueByFairValueHierarchyLevel=FairValueInputsLevel1;,,0.0,,q1,2020
0001564590-20-012977,TemporaryEquityCarryingAmountAttributableToParent,us-gaap/2019,20181231,0,USD,ClassOfStock=SeriesAConvertiblePreferredStock;,,46694000.0,,q1,2020
0001047469-20-000294,CommonStockSharesOutstanding,us-gaap/2019,20181231,0,shares,,,18660218.0,,q1,2020
0000076334-20-000009,DeferredIncomeTaxAssetsNet,us-gaap/2019,20191231,0,USD,,,114032000.0,,q1,2020
0001592386-20-000003,EarningsPerShareBasic,us-gaap/2019,20181231,4,USD,,,2.82,,q1,2020
0000028823-20-000056,OtherComprehensiveIncomeLossCurrencyImpactTax,0000028823-20-000056,20191231,4,USD,EquityComponents=AccumulatedDefinedBenefitPlansAdjustment;ReclassificationOutOfAccumulatedOtherComprehensiveIncome=ReclassificationOutOfAccumulatedOtherComprehensiveIncome;,,0.0,,q1,2020
0001193125-20-055512,IncomeTaxExpenseBenefit,us-gaap/2019,20181231,4,USD,ConsolidatedEntities=ParentCompany;,,-779000.0,,q1,2020
0001193125-20-026877,OtherAssetsNoncurrent,us-gaap/2019,20180930,0,USD,AdjustmentsForNewAccountingPronouncements=AccountingStandardsUpdate201409;InitialApplicationPeriodCumulativeEffectTransition=DifferenceBetweenRevenueGuidanceInEffectBeforeAndAfterTopic606;,,15000000.0,,q1,2020
0001193125-20-090975,IncomeLossFromContinuingOperationsBeforeIncomeTaxesExtraordinaryItemsNoncontrollingInterest,us-gaap/2019,20181231,4,CAD,ConsolidatedEntities=NonGuarantorSubsidiaries;ConsolidationItems=ReportableLegalEntities;,,386000000.0,,q1,2020
0001273813-20-000006,NetCashProvidedByUsedInFinancingActivities,us-gaap/2019,20181231,4,USD,ConsolidatedEntities=NonGuarantorSubsidiaries;ConsolidationItems=ReportableLegalEntities;,,-780000000.0,,q1,2020
0001121404-20-000006,PropertyPlantAndEquipment,ifrs/2019,20171231,0,EUR,ClassesOfPropertyPlantAndEquipment=FixturesAndFittings;,,646000000.0,,q1,2020
0001520138-20-000097,StockIssuedDuringPeriodValueNewIssues,us-gaap/2019,20180630,4,USD,EquityComponents=SharesToBeIssuedPreferredShares;,,,,q1,2020
0001533758-20-000005,ComprehensiveIncomeNetOfTaxAttributableToNoncontrollingInterest,us-gaap/2019,20191231,4,USD,ConsolidatedEntities=ParentCompany;ConsolidationItems=ReportableLegalEntities;,,0.0,,q1,2020
0000794323-20-000003,OtherAssetsNoncurrent,us-gaap/2019,20181231,0,USD,ConsolidatedEntities=GuarantorSubsidiaries;ConsolidationItems=ReportableLegalEntities;,,110000000.0,,q1,2020
0001437749-20-002475,PaymentsToAcquirePropertyPlantAndEquipment,us-gaap/2019,20181231,2,USD,,,287000.0,,q1,2020
0001705110-20-000003,PaymentsOfDebtIssuanceCosts,us-gaap/2019,20181231,4,USD,,,2168000.0,,q1,2020
0001370368-20-000046,OtherLiabilitiesFairValueDisclosure,us-gaap/2019,20191231,0,CHF,,,7869000000.0,,q1,2020
0001426945-20-000008,OtherExpense,0001426945-20-000008,20181231,4,USD,,,15546000.0,,q1,2020
0001370416-20-000003,NetCashProvidedByUsedInInvestingActivitiesContinuingOperations,us-gaap/2019,20181231,4,USD,,,19886000.0,,q1,2020
0001628280-20-002113,OtherAssetsNoncurrent,us-gaap/2019,20181231,0,USD,,,1068000000.0,,q1,2020
0001261654-20-000010,NetCashProvidedByUsedInFinancingActivities,us-gaap/2018,20191231,1,USD,,,-497000.0,,q1,2020
0001558370-20-001005,NetIncomeLossAvailableToCommonStockholdersBasic,us-gaap/2019,20180930,1,USD,,,59000000.0,,q1,2020
0001640334-20-000228,LiabilitiesAndStockholdersEquity,us-gaap/2019,20191231,0,USD,,,,,q1,2020
0000897723-20-000006,LiabilitiesNoncurrent,us-gaap/2019,20191231,0,USD,,,620218000.0,,q1,2020
0001564590-20-013397,IncreaseDecreaseInDeferredCompensation,us-gaap/2019,20191231,4,USD,,,60000.0,,q1,2020
0000059478-20-000057,IncomeLossFromDiscontinuedOperationsNetOfTaxPerDilutedShare,us-gaap/2019,20190630,1,USD,,,0.0,,q1,2020
0001104659-20-025744,IncreaseDecreaseAccruedGovernmentRebates,0001104659-20-025744,20191231,4,USD,,,-73000.0,,q1,2020
0000931336-20-000006,GrossProfit,us-gaap/2019,20180630,1,USD,,,432784000.0,,q1,2020
0001553350-20-000040,IncomeLossFromContinuingOperationsBeforeIncomeTaxesMinorityInterestAndIncomeLossFromEquityMethodInvestments,us-gaap/2019,20181130,2,USD,,,-952635.0,,q1,2020
0001445866-20-000147,IncomeLossFromDiscontinuedOperationsNetOfTax,us-gaap/2019,20181231,2,USD,,,25656.0,,q1,2020
0001437749-20-002109,NetIncomeLoss,us-gaap/2019,20171231,4,USD,ConsolidatedEntities=ParentCompany;ConsolidationItems=ReportableLegalEntities;,,-28520000.0,,q1,2020
0000055135-20-000006,RevenueFromContractWithCustomerExcludingAssessedTax,us-gaap/2019,20181231,4,USD,BusinessSegments=AmericasStaffing;,,2417700000.0,,q1,2020
0001585101-20-000021,Revenues,us-gaap/2019,20191231,4,USD,ProductOrService=ProductAndServiceOther;,,2121000.0,,q1,2020
0001466538-20-000026,DerivativeAssets,us-gaap/2019,20181231,0,USD,DerivativeInstrumentRisk=Option;FairValueByAssetClass=DerivativeFinancialInstrumentsAssets;FairValueByFairValueHierarchyLevel=FairValueInputsLevel3;FairValueByMeasurementFrequency=FairValueMeasurementsRecurring;,,0.0,,q1,2020
0001213900-20-007544,DividendsPreferredStockStock,us-gaap/2019,20191231,4,USD,,,875359.0,,q1,2020
0001067701-20-000008,EarningsPerShareBasic,us-gaap/2019,20190331,1,USD,,,2.21,,q1,2020
0001564590-20-013004,EarningsPerShareDiluted,us-gaap/2019,20180731,1,USD,,,0.39,,q1,2020
0001564590-20-007789,EarningsPerShareDiluted,us-gaap/2019,20181231,1,USD,,,0.2,,q1,2020
0000820027-20-000010,TreasuryStockShares,us-gaap/2019,20181231,0,shares,ConsolidatedEntities=ParentCompany;,,192206467.0,,q1,2020
0001558370-20-000762,IncomeLossFromContinuingOperationsBeforeIncomeTaxesExtraordinaryItemsNoncontrollingInterest,us-gaap/2019,20191231,4,USD,ConsolidatedEntities=NonGuarantorSubsidiaries;ConsolidationItems=ReportableLegalEntities;,,2559000000.0,,q1,2020
0001104659-20-036842,CurrentTradeReceivables,ifrs/2019,20181231,0,USD,Currency=ForeignCurrencies;,,39000000.0,,q1,2020
0001558370-20-001994,SellingGeneralAndAdministrativeExpense,ifrs/2019,20181231,4,USD,IfrsIncomeStatementLocation=ExpenseFromSharebasedPaymentTransactions;,,1231000.0,,q1,2020
0001564590-20-012057,IntangibleAssetsOtherThanGoodwill,ifrs/2019,20181231,0,CAD,ClassesOfIntangibleAssetsOtherThanGoodwill=Patent;,,4159000.0,,q1,2020
0001493152-20-004092,CostOfRevenue,us-gaap/2019,20190131,3,USD,,,,,q1,2020
0001052918-20-000055,DeferredCompensationLiabilityCurrent,us-gaap/2020,20191231,0,USD,,,1041500.0,,q1,2020
0001178913-20-000865,Assets,us-gaap/2019,20171231,0,USD,BusinessSegments=OemOfHeatTransferSolutionsAndAviationComponents;,,29411000.0,,q1,2020
0001628280-20-001607,OtherComprehensiveIncomeLossNetOfTaxPortionAttributableToNoncontrollingInterest,us-gaap/2019,20191231,4,USD,ConsolidatedEntities=NonGuarantorSubsidiaries;,,0.0,,q1,2020
0001564590-20-009756,FairValueAdjustmentOfWarrants,us-gaap/2019,20171231,4,USD,ClassOfStock=ConvertiblePreferredStockWarrantLiability;,,-526000.0,,q1,2020
0001562762-20-000055,Goodwill,us-gaap/2019,20181231,0,USD,Geographical=AR;,,6946000.0,,q1,2020
0000018230-20-000056,Assets,us-gaap/2019,20181231,0,USD,SubsegmentsConsolidationItems=CashandShortTermInvestments;,,6968000000.0,,q1,2020
0001564590-20-006830,OtherAssetsNoncurrent,us-gaap/2019,20181231,0,USD,,,186000.0,,q1,2020
0001564590-20-004703,MarketingExpense,us-gaap/2019,20181231,3,USD,,,1756000.0,,q1,2020
0001213900-20-003981,NetCashProvidedByUsedInOperatingActivities,us-gaap/2019,20181231,3,USD,,,-7107612.0,,q1,2020
0001493152-20-001547,NetIncomeLoss,us-gaap/2019,20180930,1,USD,,,-4646262.0,,q1,2020
0000743367-20-000072,LoansAndLeasesReceivableNetReportedAmount,us-gaap/2019,20191231,0,USD,,,2625739000.0,,q1,2020
0001564590-20-009568,LiabilitiesCurrent,us-gaap/2019,20181231,0,USD,,,208284000.0,,q1,2020
0000029905-20-000011,LiabilitiesCurrent,us-gaap/2019,20181231,0,USD,,,1827421000.0,,q1,2020
0001437749-20-002936,LiabilitiesAndStockholdersEquity,us-gaap/2019,20191231,0,USD,,,20903118.0,,q1,2020
0001724670-20-000010,Liabilities,us-gaap/2019,20191231,0,USD,,,3983000000.0,,q1,2020
